system,time_ns,median,minimum,maximum,rep1,rep2,rep3
complex,20.0,4.666666666666667,3.6666666666666665,8.0,8.0,3.6666666666666665,4.666666666666667
complex,20.1,4.25,3.5,7.75,7.75,3.5,4.25
complex,20.2,4.4,3.4,7.8,7.8,3.4,4.4
complex,20.3,3.6,3.6,7.6,7.6,3.6,3.6
complex,20.4,4.0,3.6,7.6,7.6,3.6,4.0
complex,20.5,4.4,3.2,8.0,8.0,3.2,4.4
complex,20.6,4.8,3.4,8.2,8.2,3.4,4.8
complex,20.7,4.8,3.8,8.2,8.2,3.8,4.8
complex,20.8,5.4,3.8,7.6,7.6,3.8,5.4
complex,20.9,5.4,3.6,8.2,8.2,3.6,5.4
complex,21.0,5.6,3.8,7.8,7.8,3.8,5.6
complex,21.1,5.8,3.8,7.8,7.8,3.8,5.8
complex,21.2,5.4,3.6,7.6,7.6,3.6,5.4
complex,21.3,5.4,3.6,8.4,8.4,3.6,5.4
complex,21.4,4.8,4.2,7.4,7.4,4.2,4.8
complex,21.5,4.4,4.2,7.6,7.6,4.2,4.4
complex,21.6,4.4,4.2,7.6,7.6,4.4,4.2
complex,21.7,4.8,4.6,7.0,7.0,4.6,4.8
complex,21.8,4.4,4.4,6.8,6.8,4.4,4.4
complex,21.9,4.2,3.8,6.4,6.4,3.8,4.2
complex,22.0,4.4,3.8,6.4,6.4,3.8,4.4
complex,22.1,4.6,3.4,6.8,6.8,3.4,4.6
complex,22.2,4.2,3.2,8.0,8.0,3.2,4.2
complex,22.3,4.8,3.4,8.2,8.2,3.4,4.8
complex,22.4,5.2,3.4,8.8,8.8,3.4,5.2
complex,22.5,5.2,3.8,8.8,8.8,3.8,5.2
complex,22.6,4.6,4.2,8.2,8.2,4.2,4.6
complex,22.7,4.4,4.4,7.8,7.8,4.4,4.4
complex,22.8,4.4,4.2,7.6,7.6,4.4,4.2
complex,22.9,4.6,4.4,7.2,7.2,4.6,4.4
complex,23.0,4.4,3.8,6.8,6.8,4.4,3.8
complex,23.1,4.2,4.0,6.8,6.8,4.2,4.0
complex,23.2,4.0,3.6,6.6,6.6,3.6,4.0
complex,23.3,3.8,3.8,6.6,6.6,3.8,3.8
complex,23.4,3.6,3.4,7.2,7.2,3.6,3.4
complex,23.5,3.8,2.8,8.6,8.6,2.8,3.8
complex,23.6,3.6,2.2,9.8,9.8,2.2,3.6
complex,23.7,4.0,2.0,11.0,11.0,2.0,4.0
complex,23.8,4.2,1.2,12.0,12.0,1.2,4.2
complex,23.9,4.0,1.0,12.0,12.0,1.0,4.0
complex,24.0,3.8,1.2,11.0,11.0,1.2,3.8
complex,24.1,4.2,1.0,10.2,10.2,1.0,4.2
complex,24.2,3.6,1.0,9.0,9.0,1.0,3.6
complex,24.3,3.4,1.2,7.8,7.8,1.2,3.4
complex,24.4,3.8,1.0,7.4,7.4,1.0,3.8
complex,24.5,4.4,1.0,7.2,7.2,1.0,4.4
complex,24.6,4.4,1.2,6.2,6.2,1.2,4.4
complex,24.7,5.0,1.4,5.6,5.6,1.4,5.0
complex,24.8,5.0,1.2,5.0,5.0,1.2,5.0
complex,24.9,4.4,1.4,4.6,4.4,1.4,4.6
complex,25.0,3.6,1.2,3.6,3.6,1.2,3.6
complex,25.1,3.2,1.4,3.8,3.8,1.4,3.2
complex,25.2,3.0,1.0,4.0,4.0,1.0,3.0
complex,25.3,3.0,0.8,4.4,4.4,0.8,3.0
complex,25.4,3.0,0.6,4.8,4.8,0.6,3.0
complex,25.5,3.6,0.8,5.6,5.6,0.8,3.6
complex,25.6,3.4,0.6,6.0,6.0,0.6,3.4
complex,25.7,3.0,0.8,6.2,6.2,0.8,3.0
complex,25.8,2.8,1.0,6.8,6.8,1.0,2.8
complex,25.9,2.4,0.8,6.8,6.8,0.8,2.4
complex,26.0,2.0,0.6,6.8,6.8,0.6,2.0
complex,26.1,2.2,0.6,6.8,6.8,0.6,2.2
complex,26.2,2.4,0.8,6.8,6.8,0.8,2.4
complex,26.3,2.8,1.4,6.6,6.6,1.4,2.8
complex,26.4,4.0,1.8,6.6,6.6,1.8,4.0
complex,26.5,4.6,2.0,6.2,6.2,2.0,4.6
complex,26.6,5.4,2.0,6.4,6.4,2.0,5.4
complex,26.7,5.8,1.8,6.4,6.4,1.8,5.8
complex,26.8,5.6,2.0,6.2,6.2,2.0,5.6
complex,26.9,5.4,2.2,6.2,6.2,2.2,5.4
complex,27.0,5.0,2.6,6.2,6.2,2.6,5.0
complex,27.1,4.4,2.6,5.8,5.8,2.6,4.4
complex,27.2,4.2,2.6,5.8,5.8,2.6,4.2
complex,27.3,4.2,2.0,5.8,5.8,2.0,4.2
complex,27.4,3.6,1.8,6.0,6.0,1.8,3.6
complex,27.5,3.6,1.6,6.4,6.4,1.6,3.6
complex,27.6,3.4,1.8,6.4,6.4,1.8,3.4
complex,27.7,3.6,2.0,6.4,6.4,2.0,3.6
complex,27.8,3.6,2.0,6.6,6.6,2.0,3.6
complex,27.9,4.0,2.0,6.8,6.8,2.0,4.0
complex,28.0,5.0,1.8,6.8,6.8,1.8,5.0
complex,28.1,6.0,1.6,7.0,7.0,1.6,6.0
complex,28.2,6.2,1.4,6.8,6.8,1.4,6.2
complex,28.3,6.4,1.2,6.6,6.4,1.2,6.6
complex,28.4,6.4,1.0,6.8,6.4,1.0,6.8
complex,28.5,6.2,1.2,6.6,6.2,1.2,6.6
complex,28.6,5.8,1.4,6.0,6.0,1.4,5.8
complex,28.7,5.6,1.2,6.4,6.4,1.2,5.6
complex,28.8,5.4,1.6,6.6,6.6,1.6,5.4
complex,28.9,5.4,2.0,6.6,6.6,2.0,5.4
complex,29.0,5.0,2.6,6.8,6.8,2.6,5.0
complex,29.1,5.4,3.2,7.0,7.0,3.2,5.4
complex,29.2,5.6,4.0,6.8,6.8,4.0,5.6
complex,29.3,5.2,4.0,7.0,7.0,4.0,5.2
complex,29.4,5.0,3.8,6.8,6.8,3.8,5.0
complex,29.5,4.8,3.4,6.4,6.4,3.4,4.8
complex,29.6,4.8,3.0,5.8,5.8,3.0,4.8
complex,29.7,4.4,2.8,5.6,5.6,2.8,4.4
complex,29.8,4.4,2.4,5.2,5.2,2.4,4.4
complex,29.9,4.0,2.6,4.8,4.8,2.6,4.0
complex,30.0,3.8,3.0,4.4,4.4,3.0,3.8
complex,30.1,3.6,3.4,4.8,4.8,3.6,3.4
complex,30.2,4.0,3.8,5.0,5.0,3.8,4.0
complex,30.3,4.6,4.2,5.4,5.4,4.6,4.2
complex,30.4,5.0,4.6,5.4,5.4,5.0,4.6
complex,30.5,5.2,5.0,6.0,6.0,5.0,5.2
complex,30.6,5.6,4.4,5.8,5.8,4.4,5.6
complex,30.7,5.4,4.6,5.4,5.4,4.6,5.4
complex,30.8,4.8,4.8,5.0,4.8,4.8,5.0
complex,30.9,5.0,4.2,5.4,4.2,5.0,5.4
complex,31.0,4.8,3.8,5.6,3.8,4.8,5.6
complex,31.1,5.2,4.0,5.2,4.0,5.2,5.2
complex,31.2,4.8,3.8,5.0,3.8,5.0,4.8
complex,31.3,4.4,4.2,5.4,4.2,4.4,5.4
complex,31.4,4.6,4.2,4.6,4.6,4.2,4.6
complex,31.5,4.4,3.8,4.6,4.4,4.6,3.8
complex,31.6,4.0,4.0,4.2,4.0,4.2,4.0
complex,31.7,4.2,4.2,4.6,4.2,4.2,4.6
complex,31.8,4.4,3.8,4.6,3.8,4.4,4.6
complex,31.9,4.2,3.8,5.2,3.8,4.2,5.2
complex,32.0,3.8,3.8,5.6,3.8,3.8,5.6
complex,32.1,4.0,4.0,5.8,4.0,4.0,5.8
complex,32.2,4.4,3.8,6.4,4.4,3.8,6.4
complex,32.3,4.6,3.6,6.8,4.6,3.6,6.8
complex,32.4,5.2,3.2,6.6,5.2,3.2,6.6
complex,32.5,5.6,3.0,6.8,5.6,3.0,6.8
complex,32.6,5.8,2.8,7.2,5.8,2.8,7.2
complex,32.7,5.2,2.6,6.4,5.2,2.6,6.4
complex,32.8,5.2,2.8,6.4,5.2,2.8,6.4
complex,32.9,5.2,3.2,6.6,5.2,3.2,6.6
complex,33.0,5.0,3.4,6.2,5.0,3.4,6.2
complex,33.1,4.8,3.4,5.6,4.8,3.4,5.6
complex,33.2,5.2,3.6,5.2,5.2,3.6,5.2
complex,33.3,4.6,3.4,5.4,5.4,3.4,4.6
complex,33.4,4.2,3.6,5.0,5.0,3.6,4.2
complex,33.5,4.6,3.6,5.0,5.0,3.6,4.6
complex,33.6,4.4,4.0,5.0,5.0,4.0,4.4
complex,33.7,4.6,4.4,4.6,4.6,4.4,4.6
complex,33.8,4.6,4.6,4.6,4.6,4.6,4.6
complex,33.9,4.4,4.2,4.6,4.2,4.6,4.4
complex,34.0,5.0,4.0,5.0,5.0,5.0,4.0
complex,34.1,5.0,4.4,5.2,5.0,5.2,4.4
complex,34.2,5.0,4.6,5.4,5.0,5.4,4.6
complex,34.3,4.6,4.2,5.6,4.2,5.6,4.6
complex,34.4,4.8,4.4,5.8,4.4,5.8,4.8
complex,34.5,4.8,4.0,5.6,4.0,5.6,4.8
complex,34.6,4.4,4.0,5.6,4.0,5.6,4.4
complex,34.7,4.6,4.0,5.6,4.6,5.6,4.0
complex,34.8,5.2,3.8,5.6,5.2,5.6,3.8
complex,34.9,5.2,3.8,5.6,5.2,5.6,3.8
complex,35.0,5.0,3.8,6.0,5.0,6.0,3.8
complex,35.1,5.0,3.8,6.0,5.0,6.0,3.8
complex,35.2,5.0,3.8,6.0,5.0,6.0,3.8
complex,35.3,5.4,4.2,5.8,5.4,5.8,4.2
complex,35.4,5.6,4.4,5.8,5.8,5.6,4.4
complex,35.5,5.0,4.8,6.0,6.0,4.8,5.0
complex,35.6,5.4,4.6,6.4,6.4,4.6,5.4
complex,35.7,5.6,4.0,6.6,6.6,4.0,5.6
complex,35.8,5.0,4.0,6.0,6.0,4.0,5.0
complex,35.9,4.6,3.8,6.2,6.2,3.8,4.6
complex,36.0,4.0,3.6,6.4,6.4,3.6,4.0
complex,36.1,3.8,3.4,6.4,6.4,3.4,3.8
complex,36.2,3.6,3.6,6.4,6.4,3.6,3.6
complex,36.3,4.4,3.4,7.2,7.2,3.4,4.4
complex,36.4,5.2,3.2,7.4,7.4,3.2,5.2
complex,36.5,5.4,3.8,7.4,7.4,3.8,5.4
complex,36.6,5.0,4.6,7.6,7.6,4.6,5.0
complex,36.7,5.0,4.8,7.8,7.8,4.8,5.0
complex,36.8,5.2,4.8,7.8,7.8,5.2,4.8
complex,36.9,6.0,4.4,7.2,7.2,6.0,4.4
complex,37.0,6.2,4.8,6.8,6.8,6.2,4.8
complex,37.1,5.8,5.2,6.2,6.2,5.8,5.2
complex,37.2,5.8,5.6,5.8,5.6,5.8,5.8
complex,37.3,5.6,5.2,6.0,5.2,6.0,5.6
complex,37.4,5.4,5.4,5.8,5.4,5.4,5.8
complex,37.5,5.6,5.2,5.6,5.6,5.2,5.6
complex,37.6,5.8,5.0,6.0,6.0,5.0,5.8
complex,37.7,5.0,5.0,6.2,6.2,5.0,5.0
complex,37.8,5.0,4.6,5.8,5.8,4.6,5.0
complex,37.9,4.6,4.6,6.2,6.2,4.6,4.6
complex,38.0,4.6,4.2,6.2,6.2,4.6,4.2
complex,38.1,4.6,4.0,5.8,5.8,4.6,4.0
complex,38.2,4.8,4.6,5.8,5.8,4.6,4.8
complex,38.3,4.8,4.6,6.0,6.0,4.6,4.8
complex,38.4,5.2,4.6,6.0,6.0,4.6,5.2
complex,38.5,5.6,4.4,6.2,6.2,4.4,5.6
complex,38.6,6.2,4.6,6.8,6.8,4.6,6.2
complex,38.7,6.2,4.6,7.0,7.0,4.6,6.2
complex,38.8,6.2,4.8,7.6,7.6,4.8,6.2
complex,38.9,6.4,4.8,7.6,7.6,4.8,6.4
complex,39.0,6.0,5.0,7.4,7.4,5.0,6.0
complex,39.1,5.2,5.2,7.2,7.2,5.2,5.2
complex,39.2,5.0,4.4,7.6,7.6,5.0,4.4
complex,39.3,4.8,4.2,7.0,7.0,4.8,4.2
complex,39.4,4.6,4.4,6.4,6.4,4.6,4.4
complex,39.5,5.0,4.0,6.2,6.2,4.0,5.0
complex,39.6,4.6,3.2,6.0,6.0,3.2,4.6
complex,39.7,5.0,2.8,5.2,5.2,2.8,5.0
complex,39.8,5.2,2.4,5.4,5.2,2.4,5.4
complex,39.9,4.2,2.2,5.0,5.0,2.2,4.2
complex,40.0,3.4,2.2,4.8,4.8,2.2,3.4
complex,40.1,3.4,2.2,4.2,4.2,2.2,3.4
complex,40.2,2.4,2.4,4.2,4.2,2.4,2.4
complex,40.3,2.8,1.8,4.4,4.4,2.8,1.8
complex,40.4,3.0,2.2,5.0,5.0,3.0,2.2
complex,40.5,3.2,2.4,6.0,6.0,3.2,2.4
complex,40.6,3.4,2.4,6.4,6.4,3.4,2.4
complex,40.7,3.4,2.8,6.6,6.6,3.4,2.8
complex,40.8,3.2,2.8,6.2,6.2,3.2,2.8
complex,40.9,3.6,2.2,6.2,6.2,3.6,2.2
complex,41.0,3.6,2.4,5.8,5.8,3.6,2.4
complex,41.1,3.4,2.6,6.6,6.6,3.4,2.6
complex,41.2,3.2,3.0,6.6,6.6,3.2,3.0
complex,41.3,3.2,2.8,6.8,6.8,2.8,3.2
complex,41.4,4.0,2.2,6.2,6.2,2.2,4.0
complex,41.5,4.2,2.0,6.0,6.0,2.0,4.2
complex,41.6,4.4,1.8,5.4,5.4,1.8,4.4
complex,41.7,5.2,2.0,5.4,5.2,2.0,5.4
complex,41.8,5.2,2.2,6.0,5.2,2.2,6.0
complex,41.9,5.4,2.4,5.8,5.4,2.4,5.8
complex,42.0,5.2,2.6,5.6,5.2,2.6,5.6
complex,42.1,4.6,2.6,5.6,4.6,2.6,5.6
complex,42.2,4.2,2.4,4.4,4.2,2.4,4.4
complex,42.3,3.8,2.4,4.2,4.2,2.4,3.8
complex,42.4,4.4,2.2,4.6,4.4,2.2,4.6
complex,42.5,4.0,1.8,4.2,4.2,1.8,4.0
complex,42.6,3.6,1.8,4.4,4.4,1.8,3.6
complex,42.7,3.6,1.6,5.4,5.4,1.6,3.6
complex,42.8,3.6,1.6,5.4,5.4,1.6,3.6
complex,42.9,2.6,1.6,5.6,5.6,1.6,2.6
complex,43.0,3.0,1.8,6.4,6.4,1.8,3.0
complex,43.1,3.2,1.6,6.8,6.8,1.6,3.2
complex,43.2,3.4,1.8,6.6,6.6,1.8,3.4
complex,43.3,3.0,1.6,6.8,6.8,1.6,3.0
complex,43.4,3.4,1.4,6.4,6.4,1.4,3.4
complex,43.5,3.4,1.6,6.0,6.0,1.6,3.4
complex,43.6,3.4,2.0,6.0,6.0,2.0,3.4
complex,43.7,4.4,2.0,6.4,6.4,2.0,4.4
complex,43.8,5.0,2.2,6.8,6.8,2.2,5.0
complex,43.9,4.6,2.8,7.2,7.2,2.8,4.6
complex,44.0,4.8,2.6,7.0,7.0,2.6,4.8
complex,44.1,5.6,2.4,7.0,7.0,2.4,5.6
complex,44.2,5.2,2.4,6.4,6.4,2.4,5.2
complex,44.3,6.4,3.0,6.6,6.6,3.0,6.4
complex,44.4,6.2,3.0,6.6,6.2,3.0,6.6
complex,44.5,6.2,3.2,6.8,6.2,3.2,6.8
complex,44.6,6.0,3.4,7.0,6.0,3.4,7.0
complex,44.7,5.8,3.4,7.0,5.8,3.4,7.0
complex,44.8,5.0,2.8,6.4,5.0,2.8,6.4
complex,44.9,5.2,2.6,7.4,5.2,2.6,7.4
complex,45.0,5.4,2.6,7.8,5.4,2.6,7.8
complex,45.1,5.4,2.6,8.0,5.4,2.6,8.0
complex,45.2,5.2,2.4,8.4,5.2,2.4,8.4
complex,45.3,5.8,2.8,8.2,5.8,2.8,8.2
complex,45.4,5.8,2.4,8.2,5.8,2.4,8.2
complex,45.5,6.0,2.2,8.4,6.0,2.2,8.4
complex,45.6,6.8,2.2,8.0,6.8,2.2,8.0
complex,45.7,7.2,2.6,7.4,7.2,2.6,7.4
complex,45.8,7.2,2.0,7.8,7.2,2.0,7.8
complex,45.9,7.4,2.2,7.8,7.4,2.2,7.8
complex,46.0,7.2,2.0,7.6,7.6,2.0,7.2
complex,46.1,6.2,2.0,7.2,7.2,2.0,6.2
complex,46.2,6.2,1.8,7.2,7.2,1.8,6.2
complex,46.3,6.2,2.2,6.8,6.8,2.2,6.2
complex,46.4,5.8,2.4,6.6,6.6,2.4,5.8
complex,46.5,5.6,2.8,6.4,6.4,2.8,5.6
complex,46.6,6.0,2.8,6.6,6.0,2.8,6.6
complex,46.7,5.4,3.2,7.0,5.4,3.2,7.0
complex,46.8,4.8,3.2,6.8,4.8,3.2,6.8
complex,46.9,4.2,3.2,7.0,4.2,3.2,7.0
complex,47.0,3.4,3.0,8.0,3.4,3.0,8.0
complex,47.1,3.0,2.8,8.4,2.8,3.0,8.4
complex,47.2,3.8,2.8,8.0,3.8,2.8,8.0
complex,47.3,3.8,2.8,7.8,3.8,2.8,7.8
complex,47.4,4.2,3.2,7.6,4.2,3.2,7.6
complex,47.5,4.6,3.4,7.0,4.6,3.4,7.0
complex,47.6,5.2,3.4,7.0,5.2,3.4,7.0
complex,47.7,5.0,3.4,7.0,5.0,3.4,7.0
complex,47.8,5.2,3.6,7.2,5.2,3.6,7.2
complex,47.9,5.8,4.0,7.4,5.8,4.0,7.4
complex,48.0,5.8,4.4,7.6,5.8,4.4,7.6
complex,48.1,6.2,4.4,7.4,6.2,4.4,7.4
complex,48.2,6.2,4.4,7.4,6.2,4.4,7.4
complex,48.3,6.8,4.4,8.0,6.8,4.4,8.0
complex,48.4,6.8,3.6,8.0,6.8,3.6,8.0
complex,48.5,7.0,3.2,7.8,7.0,3.2,7.8
complex,48.6,7.0,3.2,7.0,7.0,3.2,7.0
complex,48.7,6.8,3.4,7.2,6.8,3.4,7.2
complex,48.8,6.6,3.0,6.8,6.8,3.0,6.6
complex,48.9,6.2,3.0,6.8,6.2,3.0,6.8
complex,49.0,6.0,3.0,7.2,6.0,3.0,7.2
complex,49.1,5.8,3.2,7.6,5.8,3.2,7.6
complex,49.2,6.6,3.4,6.6,6.6,3.4,6.6
complex,49.3,6.2,3.8,6.2,6.2,3.8,6.2
complex,49.4,5.6,3.6,6.4,6.4,3.6,5.6
complex,49.5,4.6,3.6,6.6,6.6,3.6,4.6
complex,49.6,4.0,3.6,6.6,6.6,3.6,4.0
complex,49.7,4.8,3.4,5.8,5.8,3.4,4.8
complex,49.8,5.0,3.6,6.2,6.2,3.6,5.0
complex,49.9,5.2,4.6,6.4,6.4,4.6,5.2
complex,50.0,5.8,5.2,6.4,6.4,5.2,5.8
complex,50.1,6.6,5.6,6.6,6.6,5.6,6.6
complex,50.2,6.2,6.0,6.6,6.6,6.0,6.2
complex,50.3,6.6,6.0,6.8,6.6,6.0,6.8
complex,50.4,6.4,6.0,6.8,6.4,6.0,6.8
complex,50.5,6.8,6.0,6.8,6.8,6.0,6.8
complex,50.6,6.8,5.6,6.8,6.8,5.6,6.8
complex,50.7,6.8,5.4,7.0,7.0,5.4,6.8
complex,50.8,7.0,5.4,7.0,7.0,5.4,7.0
complex,50.9,7.0,4.8,7.4,7.4,4.8,7.0
complex,51.0,6.6,4.0,7.4,7.4,4.0,6.6
complex,51.1,6.0,3.6,7.4,7.4,3.6,6.0
complex,51.2,5.6,3.4,7.6,7.6,3.4,5.6
complex,51.3,3.8,3.0,8.2,8.2,3.0,3.8
complex,51.4,3.0,2.8,8.6,8.6,2.8,3.0
complex,51.5,3.4,2.8,9.2,9.2,2.8,3.4
complex,51.6,3.4,2.8,9.8,9.8,2.8,3.4
complex,51.7,4.2,2.6,10.6,10.6,2.6,4.2
complex,51.8,5.4,2.2,10.2,10.2,2.2,5.4
complex,51.9,6.0,2.2,9.8,9.8,2.2,6.0
complex,52.0,5.6,2.0,9.2,9.2,2.0,5.6
complex,52.1,5.8,2.6,9.4,9.4,2.6,5.8
complex,52.2,5.8,3.0,8.4,8.4,3.0,5.8
complex,52.3,5.4,4.0,8.8,8.8,4.0,5.4
complex,52.4,5.6,4.4,9.0,9.0,4.4,5.6
complex,52.5,5.8,4.8,8.6,8.6,4.8,5.8
complex,52.6,6.4,5.0,8.4,8.4,5.0,6.4
complex,52.7,7.0,5.0,8.8,8.8,5.0,7.0
complex,52.8,7.2,4.6,8.4,8.4,4.6,7.2
complex,52.9,6.8,5.0,8.4,8.4,5.0,6.8
complex,53.0,7.0,5.4,8.8,8.8,5.4,7.0
complex,53.1,5.8,5.4,7.8,7.8,5.4,5.8
complex,53.2,5.6,5.0,7.8,7.8,5.6,5.0
complex,53.3,5.6,5.2,8.2,8.2,5.6,5.2
complex,53.4,5.8,5.0,8.0,8.0,5.0,5.8
complex,53.5,5.6,4.6,8.6,8.6,4.6,5.6
complex,53.6,6.2,4.2,9.0,9.0,4.2,6.2
complex,53.7,6.4,3.6,9.4,9.4,3.6,6.4
complex,53.8,6.2,3.6,9.2,9.2,3.6,6.2
complex,53.9,5.8,3.6,10.0,10.0,3.6,5.8
complex,54.0,6.0,4.2,9.2,9.2,4.2,6.0
complex,54.1,6.4,4.2,9.4,9.4,4.2,6.4
complex,54.2,6.4,4.2,8.6,8.6,4.2,6.4
complex,54.3,6.6,4.0,8.2,8.2,4.0,6.6
complex,54.4,6.6,4.0,6.8,6.6,4.0,6.8
complex,54.5,6.4,3.4,6.8,6.4,3.4,6.8
complex,54.6,6.0,3.0,6.2,6.0,3.0,6.2
complex,54.7,5.8,3.0,6.4,5.8,3.0,6.4
complex,54.8,6.2,3.2,6.6,6.2,3.2,6.6
complex,54.9,6.0,3.0,6.4,6.4,3.0,6.0
complex,55.0,6.0,3.2,6.4,6.4,3.2,6.0
complex,55.1,6.6,3.2,6.6,6.6,3.2,6.6
complex,55.2,6.8,3.2,7.0,7.0,3.2,6.8
complex,55.3,6.4,2.8,7.0,7.0,2.8,6.4
complex,55.4,6.6,2.8,7.4,7.4,2.8,6.6
complex,55.5,6.2,2.4,7.4,7.4,2.4,6.2
complex,55.6,5.8,2.2,7.8,7.8,2.2,5.8
complex,55.7,5.2,1.8,7.4,7.4,1.8,5.2
complex,55.8,5.2,1.8,7.0,7.0,1.8,5.2
complex,55.9,5.2,1.8,6.8,6.8,1.8,5.2
complex,56.0,5.4,1.8,6.8,6.8,1.8,5.4
complex,56.1,5.4,2.2,7.0,7.0,2.2,5.4
complex,56.2,5.8,2.6,7.4,7.4,2.6,5.8
complex,56.3,6.0,2.6,7.8,7.8,2.6,6.0
complex,56.4,6.0,2.2,8.0,8.0,2.2,6.0
complex,56.5,6.0,2.0,8.4,8.4,2.0,6.0
complex,56.6,7.0,1.6,8.0,8.0,1.6,7.0
complex,56.7,6.8,1.2,7.8,7.8,1.2,6.8
complex,56.8,6.8,1.0,7.2,7.2,1.0,6.8
complex,56.9,6.6,1.0,6.8,6.8,1.0,6.6
complex,57.0,6.2,1.0,6.8,6.2,1.0,6.8
complex,57.1,6.2,2.0,6.4,6.2,2.0,6.4
complex,57.2,6.4,2.2,6.6,6.6,2.2,6.4
complex,57.3,6.0,2.8,7.0,7.0,2.8,6.0
complex,57.4,6.8,3.4,7.6,7.6,3.4,6.8
complex,57.5,6.8,4.0,8.2,8.2,4.0,6.8
complex,57.6,6.4,3.8,8.0,8.0,3.8,6.4
complex,57.7,6.2,4.4,7.2,7.2,4.4,6.2
complex,57.8,6.2,5.0,7.0,7.0,5.0,6.2
complex,57.9,5.8,5.4,7.0,7.0,5.4,5.8
complex,58.0,6.0,5.2,7.0,7.0,6.0,5.2
complex,58.1,6.4,5.2,7.4,7.4,6.4,5.2
complex,58.2,6.8,6.0,8.4,8.4,6.8,6.0
complex,58.3,7.0,6.4,8.6,8.6,6.4,7.0
complex,58.4,7.2,5.8,8.4,8.4,5.8,7.2
complex,58.5,7.6,5.4,8.8,8.8,5.4,7.6
complex,58.6,7.8,4.8,8.0,8.0,4.8,7.8
complex,58.7,7.2,3.8,7.4,7.2,3.8,7.4
complex,58.8,6.6,3.4,7.4,6.6,3.4,7.4
complex,58.9,6.4,3.0,7.4,6.4,3.0,7.4
complex,59.0,5.4,2.2,7.8,5.4,2.2,7.8
complex,59.1,6.0,1.6,7.8,6.0,1.6,7.8
complex,59.2,6.2,1.4,7.8,6.2,1.4,7.8
complex,59.3,6.6,1.2,7.0,6.6,1.2,7.0
complex,59.4,6.8,1.6,7.4,6.8,1.6,7.4
complex,59.5,7.4,1.8,7.4,7.4,1.8,7.4
complex,59.6,7.0,2.0,7.0,7.0,2.0,7.0
complex,59.7,6.6,2.2,7.6,7.6,2.2,6.6
complex,59.8,6.8,2.2,7.8,7.8,2.2,6.8
complex,59.9,6.6,2.0,7.8,7.8,2.0,6.6
complex,60.0,6.2,2.0,7.6,7.6,2.0,6.2
complex,60.1,6.8,2.0,7.8,7.8,2.0,6.8
complex,60.2,7.0,2.0,7.6,7.0,2.0,7.6
complex,60.3,7.2,2.0,7.6,7.2,2.0,7.6
complex,60.4,7.0,2.0,7.6,7.0,2.0,7.6
complex,60.5,7.2,2.0,8.2,7.2,2.0,8.2
complex,60.6,7.2,2.0,8.2,7.2,2.0,8.2
complex,60.7,7.6,1.8,7.8,7.6,1.8,7.8
complex,60.8,7.4,1.8,8.2,7.4,1.8,8.2
complex,60.9,8.0,1.6,8.0,8.0,1.6,8.0
complex,61.0,7.6,1.8,8.2,8.2,1.8,7.6
complex,61.1,7.4,2.0,8.4,8.4,2.0,7.4
complex,61.2,7.6,2.2,8.6,8.6,2.2,7.6
complex,61.3,7.4,2.4,9.2,9.2,2.4,7.4
complex,61.4,7.4,2.6,9.0,9.0,2.6,7.4
complex,61.5,7.4,2.8,8.6,8.6,2.8,7.4
complex,61.6,7.6,3.0,8.2,8.2,3.0,7.6
complex,61.7,7.4,3.2,7.8,7.8,3.2,7.4
complex,61.8,7.2,3.6,7.4,7.4,3.6,7.2
complex,61.9,7.6,4.2,8.0,7.6,4.2,8.0
complex,62.0,7.4,4.4,7.8,7.4,4.4,7.8
complex,62.1,7.8,4.6,7.8,7.8,4.6,7.8
complex,62.2,7.6,5.0,8.2,8.2,5.0,7.6
complex,62.3,7.6,4.8,8.6,8.6,4.8,7.6
complex,62.4,7.6,4.8,9.2,9.2,4.8,7.6
complex,62.5,8.4,4.4,10.4,10.4,4.4,8.4
complex,62.6,8.6,3.8,11.0,11.0,3.8,8.6
complex,62.7,9.0,3.6,11.2,11.2,3.6,9.0
complex,62.8,9.4,3.2,10.6,10.6,3.2,9.4
complex,62.9,8.8,2.6,10.2,10.2,2.6,8.8
complex,63.0,8.2,3.0,9.2,9.2,3.0,8.2
complex,63.1,8.0,3.8,9.2,9.2,3.8,8.0
complex,63.2,8.2,3.8,9.6,9.6,3.8,8.2
complex,63.3,8.4,4.2,9.4,9.4,4.2,8.4
complex,63.4,8.8,5.0,9.8,9.8,5.0,8.8
complex,63.5,9.6,4.4,10.0,10.0,4.4,9.6
complex,63.6,9.4,3.8,10.2,9.4,3.8,10.2
complex,63.7,9.2,3.8,10.6,9.2,3.8,10.6
complex,63.8,9.6,3.8,10.4,9.6,3.8,10.4
complex,63.9,9.8,2.8,10.0,9.8,2.8,10.0
complex,64.0,10.0,3.0,10.2,10.2,3.0,10.0
complex,64.1,10.2,3.6,10.4,10.4,3.6,10.2
complex,64.2,10.0,3.6,10.2,10.2,3.6,10.0
complex,64.3,9.8,3.6,10.0,10.0,3.6,9.8
complex,64.4,9.6,4.0,10.4,9.6,4.0,10.4
complex,64.5,9.8,3.8,9.8,9.8,3.8,9.8
complex,64.6,9.4,3.8,9.6,9.6,3.8,9.4
complex,64.7,9.4,3.6,10.0,10.0,3.6,9.4
complex,64.8,9.6,3.8,10.6,10.6,3.8,9.6
complex,64.9,9.4,4.4,9.6,9.6,4.4,9.4
complex,65.0,8.8,4.8,9.2,8.8,4.8,9.2
complex,65.1,8.6,4.4,9.4,8.6,4.4,9.4
complex,65.2,7.8,4.6,9.0,7.8,4.6,9.0
complex,65.3,6.8,4.2,9.0,6.8,4.2,9.0
complex,65.4,7.2,3.8,9.2,7.2,3.8,9.2
complex,65.5,8.0,3.8,9.8,8.0,3.8,9.8
complex,65.6,8.8,4.0,9.4,8.8,4.0,9.4
complex,65.7,8.6,4.2,9.6,8.6,4.2,9.6
complex,65.8,9.2,4.8,9.4,9.4,4.8,9.2
complex,65.9,8.4,4.8,10.4,10.4,4.8,8.4
complex,66.0,8.6,5.0,10.6,10.6,5.0,8.6
complex,66.1,8.0,4.4,10.6,10.6,4.4,8.0
complex,66.2,8.0,3.6,11.4,11.4,3.6,8.0
complex,66.3,8.4,2.6,11.0,11.0,2.6,8.4
complex,66.4,8.0,2.0,10.8,10.8,2.0,8.0
complex,66.5,7.0,1.8,9.8,9.8,1.8,7.0
complex,66.6,7.8,1.8,9.8,9.8,1.8,7.8
complex,66.7,7.8,2.4,9.6,9.6,2.4,7.8
complex,66.8,8.0,2.8,10.4,10.4,2.8,8.0
complex,66.9,9.0,3.2,10.0,10.0,3.2,9.0
complex,67.0,9.6,3.4,10.8,10.8,3.4,9.6
complex,67.1,9.0,3.6,10.8,10.8,3.6,9.0
complex,67.2,8.8,3.4,10.8,10.8,3.4,8.8
complex,67.3,7.8,3.4,10.2,10.2,3.4,7.8
complex,67.4,7.4,3.2,10.2,10.2,3.2,7.4
complex,67.5,7.4,2.8,9.8,9.8,2.8,7.4
complex,67.6,8.4,2.6,9.6,9.6,2.6,8.4
complex,67.7,8.8,2.4,10.2,10.2,2.4,8.8
complex,67.8,10.0,2.2,11.0,11.0,2.2,10.0
complex,67.9,10.6,2.2,11.2,11.2,2.2,10.6
complex,68.0,11.0,2.2,11.4,11.4,2.2,11.0
complex,68.1,10.6,2.6,11.4,11.4,2.6,10.6
complex,68.2,10.2,2.6,10.6,10.2,2.6,10.6
complex,68.3,9.0,2.4,10.6,9.0,2.4,10.6
complex,68.4,8.8,2.6,10.6,8.8,2.6,10.6
complex,68.5,9.2,2.4,10.0,9.2,2.4,10.0
complex,68.6,9.6,2.0,9.8,9.8,2.0,9.6
complex,68.7,9.0,2.0,10.4,10.4,2.0,9.0
complex,68.8,8.8,2.6,10.6,10.6,2.6,8.8
complex,68.9,8.2,2.6,10.6,10.6,2.6,8.2
complex,69.0,7.8,3.0,10.6,10.6,3.0,7.8
complex,69.1,8.2,3.4,10.6,10.6,3.4,8.2
complex,69.2,8.0,3.4,10.8,10.8,3.4,8.0
complex,69.3,7.4,3.6,11.4,11.4,3.6,7.4
complex,69.4,7.2,4.0,11.4,11.4,4.0,7.2
complex,69.5,7.2,3.6,10.8,10.8,3.6,7.2
complex,69.6,6.2,3.4,10.4,10.4,3.4,6.2
complex,69.7,6.4,3.4,10.4,10.4,3.4,6.4
complex,69.8,6.2,3.0,10.2,10.2,3.0,6.2
complex,69.9,6.2,2.4,10.2,10.2,2.4,6.2
complex,70.0,6.4,2.2,10.4,10.4,2.2,6.4
complex,70.1,7.0,1.8,9.8,9.8,1.8,7.0
complex,70.2,6.8,1.8,9.8,9.8,1.8,6.8
complex,70.3,7.2,1.4,10.2,10.2,1.4,7.2
complex,70.4,7.2,1.4,10.6,10.6,1.4,7.2
complex,70.5,6.6,1.6,11.4,11.4,1.6,6.6
complex,70.6,6.2,1.8,11.4,11.4,1.8,6.2
complex,70.7,6.4,1.8,10.8,10.8,1.8,6.4
complex,70.8,6.4,1.8,10.2,10.2,1.8,6.4
complex,70.9,6.6,2.0,8.6,8.6,2.0,6.6
complex,71.0,6.6,2.2,7.0,6.6,2.2,7.0
complex,71.1,5.8,2.2,7.6,5.8,2.2,7.6
complex,71.2,5.0,2.2,7.6,5.0,2.2,7.6
complex,71.3,4.6,2.6,7.2,4.6,2.6,7.2
complex,71.4,5.0,2.4,7.2,5.0,2.4,7.2
complex,71.5,5.2,2.4,6.8,5.2,2.4,6.8
complex,71.6,5.8,2.8,6.8,5.8,2.8,6.8
complex,71.7,6.6,3.0,6.8,6.6,3.0,6.8
complex,71.8,6.0,3.2,7.2,6.0,3.2,7.2
complex,71.9,6.4,4.0,7.2,6.4,4.0,7.2
complex,72.0,6.8,4.8,8.2,6.8,4.8,8.2
complex,72.1,6.8,4.8,7.8,6.8,4.8,7.8
complex,72.2,6.6,5.2,7.8,6.6,5.2,7.8
complex,72.3,6.8,5.2,7.8,6.8,5.2,7.8
complex,72.4,7.2,5.0,7.6,7.2,5.0,7.6
complex,72.5,7.6,4.2,7.6,7.6,4.2,7.6
complex,72.6,7.4,4.2,7.6,7.4,4.2,7.6
complex,72.7,7.2,4.0,7.8,7.2,4.0,7.8
complex,72.8,7.4,3.6,8.4,7.4,3.6,8.4
complex,72.9,6.8,3.4,8.8,6.8,3.4,8.8
complex,73.0,7.0,3.4,8.8,7.0,3.4,8.8
complex,73.1,7.4,3.8,9.2,7.4,3.8,9.2
complex,73.2,8.2,3.8,9.4,8.2,3.8,9.4
complex,73.3,8.6,4.4,9.0,9.0,4.4,8.6
complex,73.4,8.8,4.2,9.4,9.4,4.2,8.8
complex,73.5,8.6,4.4,9.4,9.4,4.4,8.6
complex,73.6,8.0,3.8,9.0,9.0,3.8,8.0
complex,73.7,8.2,3.6,8.8,8.8,3.6,8.2
complex,73.8,8.6,3.4,8.6,8.6,3.4,8.6
complex,73.9,8.0,3.6,8.4,8.4,3.6,8.0
complex,74.0,8.0,3.6,8.2,8.2,3.6,8.0
complex,74.1,8.0,4.0,8.6,8.0,4.0,8.6
complex,74.2,8.0,4.8,8.6,8.0,4.8,8.6
complex,74.3,7.8,4.8,8.2,7.8,4.8,8.2
complex,74.4,7.6,5.0,8.2,7.6,5.0,8.2
complex,74.5,7.0,5.0,8.0,7.0,5.0,8.0
complex,74.6,7.0,4.6,7.4,7.0,4.6,7.4
complex,74.7,6.8,4.2,7.6,7.6,4.2,6.8
complex,74.8,6.6,4.2,7.4,7.4,4.2,6.6
complex,74.9,6.6,4.0,7.6,7.6,4.0,6.6
complex,75.0,6.8,3.8,7.6,7.6,3.8,6.8
complex,75.1,7.2,3.8,8.0,8.0,3.8,7.2
complex,75.2,7.2,3.4,7.8,7.2,3.4,7.8
complex,75.3,7.0,3.4,7.8,7.0,3.4,7.8
complex,75.4,7.6,3.4,8.4,7.6,3.4,8.4
complex,75.5,7.8,3.4,8.6,7.8,3.4,8.6
complex,75.6,8.2,3.6,8.8,8.2,3.6,8.8
complex,75.7,8.0,3.2,8.6,8.0,3.2,8.6
complex,75.8,8.0,3.0,9.0,8.0,3.0,9.0
complex,75.9,7.0,3.0,8.8,7.0,3.0,8.8
complex,76.0,7.2,3.0,9.0,7.2,3.0,9.0
complex,76.1,7.4,2.6,9.4,7.4,2.6,9.4
complex,76.2,7.4,3.0,9.0,7.4,3.0,9.0
complex,76.3,8.4,3.2,9.4,8.4,3.2,9.4
complex,76.4,9.2,3.0,9.2,9.2,3.0,9.2
complex,76.5,9.0,2.8,9.6,9.6,2.8,9.0
complex,76.6,8.6,2.8,10.2,10.2,2.8,8.6
complex,76.7,8.6,2.6,11.2,11.2,2.6,8.6
complex,76.8,8.2,2.4,11.0,11.0,2.4,8.2
complex,76.9,8.2,2.6,11.6,11.6,2.6,8.2
complex,77.0,8.0,3.0,12.0,12.0,3.0,8.0
complex,77.1,8.0,3.4,11.6,11.6,3.4,8.0
complex,77.2,8.8,4.0,10.8,10.8,4.0,8.8
complex,77.3,8.8,4.0,10.2,10.2,4.0,8.8
complex,77.4,8.6,4.4,9.6,9.6,4.4,8.6
complex,77.5,8.6,4.0,9.8,9.8,4.0,8.6
complex,77.6,8.4,4.2,9.6,9.6,4.2,8.4
complex,77.7,8.4,4.2,9.8,9.8,4.2,8.4
complex,77.8,8.2,4.8,10.6,10.6,4.8,8.2
complex,77.9,8.0,4.6,11.0,11.0,4.6,8.0
complex,78.0,8.2,4.8,10.6,10.6,4.8,8.2
complex,78.1,8.0,4.4,10.4,10.4,4.4,8.0
complex,78.2,7.4,4.2,10.4,10.4,4.2,7.4
complex,78.3,7.6,3.6,9.6,9.6,3.6,7.6
complex,78.4,8.6,3.2,8.6,8.6,3.2,8.6
complex,78.5,8.0,3.4,8.6,8.0,3.4,8.6
complex,78.6,8.4,3.8,9.2,8.4,3.8,9.2
complex,78.7,8.6,4.2,9.6,8.6,4.2,9.6
complex,78.8,8.8,4.4,10.0,8.8,4.4,10.0
complex,78.9,8.6,4.4,9.8,8.6,4.4,9.8
complex,79.0,8.6,4.4,9.2,8.6,4.4,9.2
complex,79.1,7.8,4.2,9.2,7.8,4.2,9.2
complex,79.2,7.2,3.4,9.0,7.2,3.4,9.0
complex,79.3,7.0,3.4,8.4,7.0,3.4,8.4
complex,79.4,7.8,3.4,8.0,7.8,3.4,8.0
complex,79.5,8.2,3.0,8.4,8.2,3.0,8.4
complex,79.6,8.0,3.0,8.2,8.2,3.0,8.0
complex,79.7,8.2,3.8,8.8,8.8,3.8,8.2
complex,79.8,9.2,4.0,9.6,9.6,4.0,9.2
complex,79.9,9.4,4.4,9.8,9.4,4.4,9.8
complex,80.0,9.4,4.8,9.8,9.4,4.8,9.8
complex,80.1,10.2,5.0,10.2,10.2,5.0,10.2
complex,80.2,10.0,4.6,10.6,10.0,4.6,10.6
complex,80.3,9.6,4.4,10.8,9.6,4.4,10.8
complex,80.4,9.2,4.2,10.8,9.2,4.2,10.8
complex,80.5,9.0,4.2,11.2,9.0,4.2,11.2
complex,80.6,7.8,4.0,10.8,7.8,4.0,10.8
complex,80.7,7.6,4.0,10.0,7.6,4.0,10.0
complex,80.8,7.4,4.2,9.6,7.4,4.2,9.6
complex,80.9,7.8,4.4,9.6,7.8,4.4,9.6
complex,81.0,7.4,4.6,9.8,7.4,4.6,9.8
complex,81.1,7.6,5.0,10.0,7.6,5.0,10.0
complex,81.2,7.8,5.0,10.2,7.8,5.0,10.2
complex,81.3,8.2,5.0,10.4,8.2,5.0,10.4
complex,81.4,8.6,5.0,10.2,8.6,5.0,10.2
complex,81.5,8.8,5.2,9.6,8.8,5.2,9.6
complex,81.6,9.0,5.0,10.2,9.0,5.0,10.2
complex,81.7,9.2,5.2,10.4,9.2,5.2,10.4
complex,81.8,9.2,5.0,10.2,9.2,5.0,10.2
complex,81.9,8.8,4.8,10.8,8.8,4.8,10.8
complex,82.0,9.2,4.4,11.6,9.2,4.4,11.6
complex,82.1,9.8,4.6,12.0,9.8,4.6,12.0
complex,82.2,10.2,5.0,12.6,10.2,5.0,12.6
complex,82.3,10.2,5.0,13.2,10.2,5.0,13.2
complex,82.4,10.8,5.4,13.4,10.8,5.4,13.4
complex,82.5,11.2,6.0,13.0,11.2,6.0,13.0
complex,82.6,11.6,5.8,11.8,11.6,5.8,11.8
complex,82.7,10.8,5.4,11.4,11.4,5.4,10.8
complex,82.8,9.6,5.4,11.8,11.8,5.4,9.6
complex,82.9,8.4,5.0,11.4,11.4,5.0,8.4
complex,83.0,8.2,4.2,11.8,11.8,4.2,8.2
complex,83.1,8.4,4.2,11.4,11.4,4.2,8.4
complex,83.2,8.6,4.2,11.8,11.8,4.2,8.6
complex,83.3,8.6,4.6,11.8,11.8,4.6,8.6
complex,83.4,9.2,4.8,12.4,12.4,4.8,9.2
complex,83.5,9.4,5.2,12.2,12.2,5.2,9.4
complex,83.6,10.0,4.8,12.8,12.8,4.8,10.0
complex,83.7,9.8,4.8,12.8,12.8,4.8,9.8
complex,83.8,10.0,4.8,12.6,12.6,4.8,10.0
complex,83.9,9.4,4.8,12.4,12.4,4.8,9.4
complex,84.0,9.4,4.6,12.4,12.4,4.6,9.4
complex,84.1,8.6,4.8,13.0,13.0,4.8,8.6
complex,84.2,8.8,4.6,13.0,13.0,4.6,8.8
complex,84.3,9.6,4.0,13.4,13.4,4.0,9.6
complex,84.4,9.6,4.0,13.6,13.6,4.0,9.6
complex,84.5,9.8,4.2,13.6,13.6,4.2,9.8
complex,84.6,9.0,4.4,13.4,13.4,4.4,9.0
complex,84.7,8.8,4.2,13.6,13.6,4.2,8.8
complex,84.8,7.4,4.6,14.4,14.4,4.6,7.4
complex,84.9,7.2,4.8,14.4,14.4,4.8,7.2
complex,85.0,7.2,4.8,14.0,14.0,4.8,7.2
complex,85.1,8.0,5.2,13.6,13.6,5.2,8.0
complex,85.2,8.4,6.0,13.2,13.2,6.0,8.4
complex,85.3,9.4,6.2,12.4,12.4,6.2,9.4
complex,85.4,10.2,5.8,12.4,12.4,5.8,10.2
complex,85.5,10.6,5.6,12.6,12.6,5.6,10.6
complex,85.6,11.0,5.0,12.8,12.8,5.0,11.0
complex,85.7,10.8,4.2,13.2,13.2,4.2,10.8
complex,85.8,11.0,3.8,13.8,13.8,3.8,11.0
complex,85.9,10.8,4.0,14.0,14.0,4.0,10.8
complex,86.0,10.2,3.8,14.8,14.8,3.8,10.2
complex,86.1,10.6,3.6,14.0,14.0,3.6,10.6
complex,86.2,10.8,3.6,13.8,13.8,3.6,10.8
complex,86.3,10.4,4.2,13.0,13.0,4.2,10.4
complex,86.4,10.2,4.0,12.6,12.6,4.0,10.2
complex,86.5,9.8,4.6,12.0,12.0,4.6,9.8
complex,86.6,9.6,5.0,12.6,12.6,5.0,9.6
complex,86.7,9.8,5.6,12.2,12.2,5.6,9.8
complex,86.8,9.6,5.0,12.0,12.0,5.0,9.6
complex,86.9,10.0,5.2,11.6,11.6,5.2,10.0
complex,87.0,11.0,4.8,11.4,11.4,4.8,11.0
complex,87.1,10.8,4.4,12.0,10.8,4.4,12.0
complex,87.2,10.6,4.0,12.2,10.6,4.0,12.2
complex,87.3,10.6,4.0,13.4,10.6,4.0,13.4
complex,87.4,11.0,4.2,13.8,11.0,4.2,13.8
complex,87.5,10.8,4.4,13.8,10.8,4.4,13.8
complex,87.6,10.8,4.6,12.8,10.8,4.6,12.8
complex,87.7,10.8,4.8,12.4,10.8,4.8,12.4
complex,87.8,10.6,5.0,12.2,10.6,5.0,12.2
complex,87.9,9.8,4.8,12.2,9.8,4.8,12.2
complex,88.0,9.0,4.8,11.8,9.0,4.8,11.8
complex,88.1,8.4,4.8,11.8,8.4,4.8,11.8
complex,88.2,7.6,3.8,11.8,7.6,3.8,11.8
complex,88.3,7.2,3.8,10.8,7.2,3.8,10.8
complex,88.4,8.0,4.0,10.2,8.0,4.0,10.2
complex,88.5,8.8,3.8,10.2,8.8,3.8,10.2
complex,88.6,9.4,4.0,10.0,9.4,4.0,10.0
complex,88.7,9.8,5.2,10.2,10.2,5.2,9.8
complex,88.8,9.4,5.4,10.8,10.8,5.4,9.4
complex,88.9,9.0,5.6,11.0,11.0,5.6,9.0
complex,89.0,9.2,5.8,11.2,11.2,5.8,9.2
complex,89.1,9.2,6.0,11.0,11.0,6.0,9.2
complex,89.2,9.4,5.8,11.4,11.4,5.8,9.4
complex,89.3,9.6,5.4,10.8,10.8,5.4,9.6
complex,89.4,10.0,4.6,10.6,10.6,4.6,10.0
complex,89.5,9.8,4.2,10.2,10.2,4.2,9.8
complex,89.6,10.2,3.4,10.6,10.2,3.4,10.6
complex,89.7,9.4,3.0,11.2,9.4,3.0,11.2
complex,89.8,9.8,2.6,11.6,9.8,2.6,11.6
complex,89.9,9.2,3.0,11.0,9.2,3.0,11.0
complex,90.0,9.0,2.8,11.0,9.0,2.8,11.0
complex,90.1,9.0,2.8,10.2,9.0,2.8,10.2
complex,90.2,9.2,3.0,9.4,9.2,3.0,9.4
complex,90.3,9.2,2.8,9.6,9.2,2.8,9.6
complex,90.4,9.0,2.2,10.2,9.0,2.2,10.2
complex,90.5,9.4,2.6,10.2,9.4,2.6,10.2
complex,90.6,9.6,2.8,10.2,9.6,2.8,10.2
complex,90.7,10.2,2.2,10.4,10.4,2.2,10.2
complex,90.8,10.0,2.4,10.4,10.0,2.4,10.4
complex,90.9,10.2,2.6,10.8,10.2,2.6,10.8
complex,91.0,10.4,2.4,11.2,10.4,2.4,11.2
complex,91.1,10.8,2.4,11.4,10.8,2.4,11.4
complex,91.2,10.4,3.0,12.2,10.4,3.0,12.2
complex,91.3,11.0,3.4,12.0,11.0,3.4,12.0
complex,91.4,11.4,4.0,12.2,11.4,4.0,12.2
complex,91.5,11.2,4.6,12.0,11.2,4.6,12.0
complex,91.6,11.0,4.8,12.4,11.0,4.8,12.4
complex,91.7,11.2,4.8,13.0,11.2,4.8,13.0
complex,91.8,11.2,5.0,13.4,11.2,5.0,13.4
complex,91.9,11.6,4.4,13.4,11.6,4.4,13.4
complex,92.0,11.6,3.6,13.0,11.6,3.6,13.0
complex,92.1,11.8,3.2,12.8,11.8,3.2,12.8
complex,92.2,12.0,3.0,12.0,12.0,3.0,12.0
complex,92.3,11.4,2.6,12.4,12.4,2.6,11.4
complex,92.4,10.6,2.8,12.2,12.2,2.8,10.6
complex,92.5,11.0,3.0,12.4,12.4,3.0,11.0
complex,92.6,10.6,3.0,12.2,12.2,3.0,10.6
complex,92.7,10.4,3.0,12.2,12.2,3.0,10.4
complex,92.8,10.2,2.8,12.0,12.0,2.8,10.2
complex,92.9,10.8,2.6,11.6,11.6,2.6,10.8
complex,93.0,10.4,2.4,11.2,11.2,2.4,10.4
complex,93.1,10.0,2.6,11.4,11.4,2.6,10.0
complex,93.2,9.8,2.4,11.2,11.2,2.4,9.8
complex,93.3,10.4,2.4,11.4,11.4,2.4,10.4
complex,93.4,10.2,2.4,12.2,12.2,2.4,10.2
complex,93.5,10.6,2.2,13.2,13.2,2.2,10.6
complex,93.6,11.6,2.2,13.6,13.6,2.2,11.6
complex,93.7,12.2,2.4,13.6,13.6,2.4,12.2
complex,93.8,13.0,2.6,13.8,13.8,2.6,13.0
complex,93.9,13.2,2.6,13.4,13.4,2.6,13.2
complex,94.0,13.2,2.8,13.4,13.2,2.8,13.4
complex,94.1,12.6,2.6,13.2,12.6,2.6,13.2
complex,94.2,12.6,2.4,13.4,12.6,2.4,13.4
complex,94.3,12.2,2.4,13.2,12.2,2.4,13.2
complex,94.4,12.4,2.6,13.2,12.4,2.6,13.2
complex,94.5,11.8,3.0,13.2,11.8,3.0,13.2
complex,94.6,11.6,3.2,12.8,11.6,3.2,12.8
complex,94.7,11.2,3.4,12.4,11.2,3.4,12.4
complex,94.8,10.8,3.4,12.4,10.8,3.4,12.4
complex,94.9,10.6,3.4,12.8,10.6,3.4,12.8
complex,95.0,10.8,3.4,13.0,10.8,3.4,13.0
complex,95.1,11.4,3.4,13.4,11.4,3.4,13.4
complex,95.2,12.0,3.6,13.8,12.0,3.6,13.8
complex,95.3,12.6,3.8,13.4,12.6,3.8,13.4
complex,95.4,12.6,3.6,13.4,12.6,3.6,13.4
complex,95.5,12.6,3.2,12.8,12.8,3.2,12.6
complex,95.6,12.6,2.8,12.6,12.6,2.8,12.6
complex,95.7,12.0,2.4,12.4,12.4,2.4,12.0
complex,95.8,11.6,2.0,12.2,12.2,2.0,11.6
complex,95.9,10.8,1.6,12.4,12.4,1.6,10.8
complex,96.0,11.0,1.6,11.8,11.8,1.6,11.0
complex,96.1,10.4,1.8,11.6,11.6,1.8,10.4
complex,96.2,10.4,2.0,11.4,11.4,2.0,10.4
complex,96.3,10.0,1.8,11.0,11.0,1.8,10.0
complex,96.4,10.0,2.4,10.6,10.6,2.4,10.0
complex,96.5,9.8,2.8,11.4,11.4,2.8,9.8
complex,96.6,10.0,2.8,11.8,11.8,2.8,10.0
complex,96.7,10.2,2.8,12.6,12.6,2.8,10.2
complex,96.8,10.4,3.2,13.0,13.0,3.2,10.4
complex,96.9,10.2,3.0,13.6,13.6,3.0,10.2
complex,97.0,10.2,2.8,13.4,13.4,2.8,10.2
complex,97.1,10.2,2.6,13.2,13.2,2.6,10.2
complex,97.2,9.8,2.6,12.6,12.6,2.6,9.8
complex,97.3,10.4,3.0,12.8,12.8,3.0,10.4
complex,97.4,10.6,3.0,13.0,13.0,3.0,10.6
complex,97.5,10.4,3.4,12.6,12.6,3.4,10.4
complex,97.6,10.2,3.8,12.4,12.4,3.8,10.2
complex,97.7,10.6,4.4,12.6,12.6,4.4,10.6
complex,97.8,10.0,4.4,12.8,12.8,4.4,10.0
complex,97.9,10.4,4.6,12.2,12.2,4.6,10.4
complex,98.0,10.6,4.4,12.2,12.2,4.4,10.6
complex,98.1,11.2,4.6,12.2,12.2,4.6,11.2
complex,98.2,10.6,4.6,11.6,11.6,4.6,10.6
complex,98.3,10.6,4.8,11.0,11.0,4.8,10.6
complex,98.4,10.2,5.2,10.8,10.8,5.2,10.2
complex,98.5,10.4,5.6,10.8,10.4,5.6,10.8
complex,98.6,10.2,6.0,10.2,10.2,6.0,10.2
complex,98.7,10.2,6.0,10.6,10.2,6.0,10.6
complex,98.8,10.2,6.2,10.8,10.2,6.2,10.8
complex,98.9,10.4,6.4,11.8,10.4,6.4,11.8
complex,99.0,10.6,5.8,11.8,10.6,5.8,11.8
complex,99.1,10.4,5.2,12.4,10.4,5.2,12.4
complex,99.2,10.6,5.2,12.8,10.6,5.2,12.8
complex,99.3,10.8,5.0,12.8,10.8,5.0,12.8
complex,99.4,10.2,4.4,12.4,10.2,4.4,12.4
complex,99.5,10.2,4.6,11.6,10.2,4.6,11.6
complex,99.6,10.2,4.6,11.2,10.2,4.6,11.2
complex,99.7,10.0,4.2,10.8,10.0,4.2,10.8
complex,99.8,9.4,3.8,11.0,9.4,3.8,11.0
complex,99.9,9.5,3.75,10.5,9.5,3.75,10.5
complex,100.0,9.333333333333334,3.6666666666666665,11.0,9.333333333333334,3.6666666666666665,11.0
apo,20.0,6.333333333333333,6.333333333333333,8.666666666666666,8.666666666666666,6.333333333333333,6.333333333333333
apo,20.1,6.5,6.0,8.5,8.5,6.0,6.5
apo,20.2,6.8,6.4,8.8,8.8,6.4,6.8
apo,20.3,6.8,6.6,9.0,9.0,6.6,6.8
apo,20.4,6.8,6.4,9.0,9.0,6.4,6.8
apo,20.5,6.8,6.6,9.0,9.0,6.6,6.8
apo,20.6,6.8,6.6,9.6,9.6,6.8,6.6
apo,20.7,6.2,5.8,9.6,9.6,5.8,6.2
apo,20.8,6.4,6.0,10.0,10.0,6.4,6.0
apo,20.9,7.2,6.0,10.0,10.0,7.2,6.0
apo,21.0,7.6,6.0,9.8,9.8,7.6,6.0
apo,21.1,8.4,6.0,8.8,8.8,8.4,6.0
apo,21.2,8.2,6.8,9.8,8.2,9.8,6.8
apo,21.3,7.6,7.2,9.4,7.2,9.4,7.6
apo,21.4,8.0,7.4,9.0,8.0,9.0,7.4
apo,21.5,8.0,7.6,8.6,7.6,8.6,8.0
apo,21.6,8.6,8.4,8.6,8.6,8.4,8.6
apo,21.7,8.4,7.8,9.4,9.4,7.8,8.4
apo,21.8,8.0,7.8,9.8,9.8,7.8,8.0
apo,21.9,8.0,7.8,9.4,9.4,7.8,8.0
apo,22.0,8.2,7.8,10.2,10.2,8.2,7.8
apo,22.1,7.8,7.4,9.4,9.4,7.8,7.4
apo,22.2,8.2,7.0,9.2,9.2,8.2,7.0
apo,22.3,8.2,7.0,9.8,9.8,8.2,7.0
apo,22.4,8.6,7.0,10.2,10.2,8.6,7.0
apo,22.5,8.6,7.2,10.0,10.0,8.6,7.2
apo,22.6,9.0,7.4,10.4,10.4,9.0,7.4
apo,22.7,9.4,7.6,10.0,10.0,9.4,7.6
apo,22.8,8.8,7.6,9.6,8.8,9.6,7.6
apo,22.9,8.2,7.8,9.6,8.2,9.6,7.8
apo,23.0,7.8,7.6,9.2,7.8,9.2,7.6
apo,23.1,8.0,7.4,9.2,8.0,9.2,7.4
apo,23.2,7.8,7.2,8.8,7.8,8.8,7.2
apo,23.3,8.4,7.4,9.0,8.4,9.0,7.4
apo,23.4,8.8,6.8,9.4,9.4,8.8,6.8
apo,23.5,8.8,6.0,9.8,9.8,8.8,6.0
apo,23.6,8.4,5.8,9.6,9.6,8.4,5.8
apo,23.7,7.6,5.8,9.8,9.8,7.6,5.8
apo,23.8,7.0,6.2,10.0,10.0,7.0,6.2
apo,23.9,6.8,6.6,9.2,9.2,6.8,6.6
apo,24.0,7.2,6.4,9.0,9.0,6.4,7.2
apo,24.1,7.0,5.8,9.0,9.0,5.8,7.0
apo,24.2,7.0,5.6,9.2,9.2,5.6,7.0
apo,24.3,6.0,5.4,8.8,8.8,5.4,6.0
apo,24.4,6.2,4.8,8.4,8.4,4.8,6.2
apo,24.5,6.6,4.6,8.0,8.0,4.6,6.6
apo,24.6,7.2,4.8,8.4,8.4,4.8,7.2
apo,24.7,7.4,5.0,8.6,8.6,5.0,7.4
apo,24.8,7.6,5.0,8.6,8.6,5.0,7.6
apo,24.9,7.8,5.0,9.2,9.2,5.0,7.8
apo,25.0,7.2,5.0,9.4,9.4,5.0,7.2
apo,25.1,7.0,5.0,8.8,8.8,5.0,7.0
apo,25.2,6.6,5.0,8.6,8.6,5.0,6.6
apo,25.3,6.8,4.6,8.4,8.4,4.6,6.8
apo,25.4,6.6,5.0,8.4,8.4,5.0,6.6
apo,25.5,6.4,5.2,8.8,8.8,5.2,6.4
apo,25.6,6.2,5.0,9.0,9.0,5.0,6.2
apo,25.7,6.0,5.0,8.8,8.8,5.0,6.0
apo,25.8,5.8,5.6,8.6,8.6,5.6,5.8
apo,25.9,5.8,5.6,8.0,8.0,5.8,5.6
apo,26.0,5.4,5.4,7.4,7.4,5.4,5.4
apo,26.1,5.8,5.6,7.0,7.0,5.6,5.8
apo,26.2,5.8,5.2,6.6,6.6,5.2,5.8
apo,26.3,6.0,5.0,6.8,6.8,5.0,6.0
apo,26.4,6.0,5.2,6.8,6.8,5.2,6.0
apo,26.5,6.4,5.2,7.2,7.2,5.2,6.4
apo,26.6,5.8,5.6,7.2,7.2,5.6,5.8
apo,26.7,6.2,5.6,7.2,7.2,6.2,5.6
apo,26.8,6.4,5.2,7.4,7.4,6.4,5.2
apo,26.9,6.4,5.0,7.4,7.4,6.4,5.0
apo,27.0,6.8,5.2,7.2,6.8,7.2,5.2
apo,27.1,6.8,5.8,7.6,6.8,7.6,5.8
apo,27.2,7.0,6.4,7.8,7.0,7.8,6.4
apo,27.3,7.2,6.8,7.8,6.8,7.8,7.2
apo,27.4,7.2,6.6,7.6,6.6,7.2,7.6
apo,27.5,7.4,7.0,7.8,7.4,7.0,7.8
apo,27.6,7.4,6.4,7.8,7.4,6.4,7.8
apo,27.7,7.2,5.8,7.6,7.2,5.8,7.6
apo,27.8,7.0,5.6,7.0,7.0,5.6,7.0
apo,27.9,7.2,5.6,7.2,7.2,5.6,7.2
apo,28.0,6.6,5.4,7.6,6.6,5.4,7.6
apo,28.1,6.2,5.4,7.2,6.2,5.4,7.2
apo,28.2,6.4,5.2,8.0,6.4,5.2,8.0
apo,28.3,6.8,5.0,8.4,6.8,5.0,8.4
apo,28.4,7.2,5.4,8.4,7.2,5.4,8.4
apo,28.5,7.0,5.2,7.8,7.0,5.2,7.8
apo,28.6,8.0,5.0,8.4,8.0,5.0,8.4
apo,28.7,8.2,6.0,8.4,8.2,6.0,8.4
apo,28.8,8.6,6.0,8.6,8.6,6.0,8.6
apo,28.9,8.6,6.0,9.2,8.6,6.0,9.2
apo,29.0,8.8,6.4,9.8,8.8,6.4,9.8
apo,29.1,8.2,7.0,9.6,8.2,7.0,9.6
apo,29.2,8.2,7.4,9.0,8.2,7.4,9.0
apo,29.3,8.4,7.8,8.8,7.8,8.4,8.8
apo,29.4,8.0,7.4,8.6,7.4,8.6,8.0
apo,29.5,7.6,7.4,8.6,7.6,8.6,7.4
apo,29.6,8.0,7.8,8.4,8.0,8.4,7.8
apo,29.7,7.8,7.6,8.0,7.6,8.0,7.8
apo,29.8,7.0,6.8,7.4,6.8,7.4,7.0
apo,29.9,7.0,6.8,7.2,7.0,7.2,6.8
apo,30.0,7.4,6.8,7.6,7.4,7.6,6.8
apo,30.1,7.8,6.4,8.2,7.8,8.2,6.4
apo,30.2,8.4,6.4,8.4,8.4,8.4,6.4
apo,30.3,9.0,7.0,9.2,9.2,9.0,7.0
apo,30.4,9.0,6.8,9.8,9.0,9.8,6.8
apo,30.5,8.8,6.4,9.8,8.8,9.8,6.4
apo,30.6,8.4,6.2,10.0,8.4,10.0,6.2
apo,30.7,8.6,6.6,10.6,8.6,10.6,6.6
apo,30.8,8.6,6.2,11.2,8.6,11.2,6.2
apo,30.9,8.4,6.6,11.0,8.4,11.0,6.6
apo,31.0,8.8,7.2,11.0,8.8,11.0,7.2
apo,31.1,9.0,6.6,10.6,9.0,10.6,6.6
apo,31.2,9.0,5.4,9.2,9.0,9.2,5.4
apo,31.3,8.4,5.6,8.6,8.6,8.4,5.6
apo,31.4,8.6,5.6,8.8,8.8,8.6,5.6
apo,31.5,8.0,5.4,8.6,8.0,8.6,5.4
apo,31.6,7.0,6.0,8.6,7.0,8.6,6.0
apo,31.7,7.2,6.2,9.4,6.2,9.4,7.2
apo,31.8,7.0,6.6,9.8,6.6,9.8,7.0
apo,31.9,7.0,6.8,9.8,7.0,9.8,6.8
apo,32.0,7.2,6.8,10.0,7.2,10.0,6.8
apo,32.1,7.6,6.4,9.6,7.6,9.6,6.4
apo,32.2,8.0,5.6,9.6,8.0,9.6,5.6
apo,32.3,8.0,5.8,9.0,8.0,9.0,5.8
apo,32.4,7.4,6.0,8.6,7.4,8.6,6.0
apo,32.5,7.4,5.0,8.2,7.4,8.2,5.0
apo,32.6,7.2,4.4,8.6,7.2,8.6,4.4
apo,32.7,6.8,4.4,8.4,6.8,8.4,4.4
apo,32.8,6.2,3.8,8.2,6.2,8.2,3.8
apo,32.9,6.0,3.2,8.2,6.0,8.2,3.2
apo,33.0,5.6,3.2,8.4,5.6,8.4,3.2
apo,33.1,5.8,4.2,8.2,5.8,8.2,4.2
apo,33.2,5.6,5.2,7.6,5.6,7.6,5.2
apo,33.3,6.6,5.8,7.2,5.8,7.2,6.6
apo,33.4,6.8,6.4,8.2,6.4,6.8,8.2
apo,33.5,6.8,6.6,10.4,6.8,6.6,10.4
apo,33.6,6.6,6.6,10.8,6.6,6.6,10.8
apo,33.7,7.4,6.8,11.2,6.8,7.4,11.2
apo,33.8,8.4,6.8,12.0,6.8,8.4,12.0
apo,33.9,9.0,6.6,11.4,6.6,9.0,11.4
apo,34.0,9.0,6.2,10.8,6.2,9.0,10.8
apo,34.1,9.0,6.2,10.8,6.2,9.0,10.8
apo,34.2,9.4,6.0,9.8,6.0,9.4,9.8
apo,34.3,8.4,6.0,9.8,6.0,9.8,8.4
apo,34.4,8.2,6.2,10.2,6.2,10.2,8.2
apo,34.5,7.8,6.2,10.4,6.2,10.4,7.8
apo,34.6,8.0,6.4,11.0,6.4,11.0,8.0
apo,34.7,8.6,6.8,10.8,6.8,10.8,8.6
apo,34.8,8.8,7.4,10.4,7.4,10.4,8.8
apo,34.9,8.6,7.8,10.2,7.8,10.2,8.6
apo,35.0,8.6,7.8,10.6,7.8,10.6,8.6
apo,35.1,8.0,8.0,10.6,8.0,10.6,8.0
apo,35.2,8.2,7.6,10.8,8.2,10.8,7.6
apo,35.3,7.8,7.6,11.0,7.8,11.0,7.6
apo,35.4,8.0,7.2,10.6,7.2,10.6,8.0
apo,35.5,7.8,7.8,10.2,7.8,10.2,7.8
apo,35.6,8.4,7.6,10.0,8.4,10.0,7.6
apo,35.7,8.4,7.8,9.6,8.4,9.6,7.8
apo,35.8,8.6,7.6,9.2,8.6,9.2,7.6
apo,35.9,8.8,7.0,9.0,8.8,9.0,7.0
apo,36.0,8.4,7.0,8.6,8.6,8.4,7.0
apo,36.1,8.0,7.2,8.0,8.0,8.0,7.2
apo,36.2,8.0,6.6,8.2,8.2,8.0,6.6
apo,36.3,7.6,7.0,8.8,8.8,7.6,7.0
apo,36.4,8.0,7.6,9.0,9.0,8.0,7.6
apo,36.5,9.2,7.8,9.2,9.2,9.2,7.8
apo,36.6,8.8,7.8,9.4,8.8,9.4,7.8
apo,36.7,8.2,8.0,9.2,8.0,9.2,8.2
apo,36.8,8.0,7.2,9.6,7.2,9.6,8.0
apo,36.9,8.0,6.6,9.0,6.6,9.0,8.0
apo,37.0,8.0,6.2,8.2,6.2,8.0,8.2
apo,37.1,8.0,6.0,8.0,6.0,8.0,8.0
apo,37.2,8.0,6.6,8.2,6.6,8.2,8.0
apo,37.3,8.0,6.6,8.4,6.6,8.0,8.4
apo,37.4,8.0,6.6,8.2,6.6,8.0,8.2
apo,37.5,8.0,6.2,8.0,6.2,8.0,8.0
apo,37.6,7.2,6.8,8.4,6.8,7.2,8.4
apo,37.7,6.8,6.6,8.6,6.8,6.6,8.6
apo,37.8,7.0,6.4,8.2,7.0,6.4,8.2
apo,37.9,7.2,6.0,8.4,7.2,6.0,8.4
apo,38.0,7.2,5.8,8.6,7.2,5.8,8.6
apo,38.1,7.0,6.0,8.4,7.0,6.0,8.4
apo,38.2,6.8,5.4,8.2,6.8,5.4,8.2
apo,38.3,6.8,5.0,8.2,6.8,5.0,8.2
apo,38.4,7.0,5.6,8.0,7.0,5.6,8.0
apo,38.5,7.6,6.0,8.0,7.6,6.0,8.0
apo,38.6,7.6,6.8,8.0,8.0,6.8,7.6
apo,38.7,7.6,7.6,7.8,7.6,7.8,7.6
apo,38.8,7.6,7.2,8.2,7.2,8.2,7.6
apo,38.9,7.8,7.0,8.0,7.0,8.0,7.8
apo,39.0,7.4,7.2,7.8,7.2,7.8,7.4
apo,39.1,7.4,6.8,7.6,6.8,7.4,7.6
apo,39.2,7.6,7.2,7.8,7.2,7.6,7.8
apo,39.3,7.8,7.4,8.0,7.4,8.0,7.8
apo,39.4,7.6,7.4,8.4,7.4,8.4,7.6
apo,39.5,8.2,7.4,8.6,7.4,8.6,8.2
apo,39.6,8.8,7.4,9.0,7.4,9.0,8.8
apo,39.7,8.6,7.6,8.6,7.6,8.6,8.6
apo,39.8,8.4,7.6,8.8,7.6,8.8,8.4
apo,39.9,8.4,7.8,8.8,7.8,8.8,8.4
apo,40.0,8.4,7.2,9.0,7.2,9.0,8.4
apo,40.1,8.4,7.8,8.4,7.8,8.4,8.4
apo,40.2,8.2,8.0,9.0,8.2,9.0,8.0
apo,40.3,8.8,8.2,9.0,8.8,9.0,8.2
apo,40.4,8.8,8.2,9.0,9.0,8.2,8.8
apo,40.5,8.2,7.8,9.4,9.4,7.8,8.2
apo,40.6,8.8,8.4,8.8,8.8,8.8,8.4
apo,40.7,8.6,8.4,9.2,8.4,8.6,9.2
apo,40.8,8.2,8.0,9.4,8.2,8.0,9.4
apo,40.9,8.8,8.4,9.0,8.4,8.8,9.0
apo,41.0,9.4,9.2,9.4,9.2,9.4,9.4
apo,41.1,8.8,8.6,9.4,9.4,8.8,8.6
apo,41.2,9.2,8.4,9.4,9.4,9.2,8.4
apo,41.3,8.8,8.6,9.8,8.6,9.8,8.8
apo,41.4,9.0,7.6,10.0,7.6,10.0,9.0
apo,41.5,9.2,6.4,10.4,6.4,10.4,9.2
apo,41.6,10.2,6.2,10.6,6.2,10.6,10.2
apo,41.7,10.0,6.0,10.6,6.0,10.6,10.0
apo,41.8,9.4,6.6,10.8,6.6,10.8,9.4
apo,41.9,9.4,7.0,10.4,7.0,10.4,9.4
apo,42.0,9.2,7.2,9.8,7.2,9.8,9.2
apo,42.1,8.4,7.0,9.8,7.0,9.8,8.4
apo,42.2,8.2,7.0,9.4,7.0,9.4,8.2
apo,42.3,8.0,6.6,8.6,6.6,8.6,8.0
apo,42.4,7.8,6.6,8.6,6.6,8.6,7.8
apo,42.5,8.0,6.4,8.4,6.4,8.4,8.0
apo,42.6,8.6,6.0,8.8,6.0,8.8,8.6
apo,42.7,8.8,5.6,9.2,5.6,8.8,9.2
apo,42.8,8.8,5.8,9.6,5.8,8.8,9.6
apo,42.9,9.2,5.8,9.8,5.8,9.2,9.8
apo,43.0,9.2,5.6,10.0,5.6,9.2,10.0
apo,43.1,8.4,5.6,9.6,5.6,8.4,9.6
apo,43.2,8.2,5.6,9.0,5.6,8.2,9.0
apo,43.3,8.2,5.0,9.4,5.0,8.2,9.4
apo,43.4,7.4,4.6,9.6,4.6,7.4,9.6
apo,43.5,7.8,5.0,9.0,5.0,7.8,9.0
apo,43.6,7.6,5.2,9.2,5.2,7.6,9.2
apo,43.7,7.6,5.0,9.8,5.0,7.6,9.8
apo,43.8,8.0,5.4,10.0,5.4,8.0,10.0
apo,43.9,8.6,5.8,9.6,5.8,8.6,9.6
apo,44.0,8.0,5.8,9.4,5.8,8.0,9.4
apo,44.1,8.2,5.8,9.0,5.8,8.2,9.0
apo,44.2,7.8,5.8,8.2,5.8,7.8,8.2
apo,44.3,7.4,5.8,7.6,5.8,7.4,7.6
apo,44.4,7.6,5.8,7.8,5.8,7.6,7.8
apo,44.5,8.0,6.4,8.2,6.4,8.0,8.2
apo,44.6,8.2,7.0,8.4,7.0,8.2,8.4
apo,44.7,8.4,7.8,8.4,7.8,8.4,8.4
apo,44.8,8.0,7.8,8.4,7.8,8.4,8.0
apo,44.9,7.8,7.6,8.0,7.8,7.6,8.0
apo,45.0,7.2,7.0,8.0,7.2,7.0,8.0
apo,45.1,6.8,6.6,7.8,6.8,6.6,7.8
apo,45.2,6.8,6.6,8.4,6.8,6.6,8.4
apo,45.3,7.0,6.8,8.6,6.8,7.0,8.6
apo,45.4,7.2,7.0,8.4,7.0,7.2,8.4
apo,45.5,7.6,7.0,8.2,7.0,7.6,8.2
apo,45.6,8.0,7.0,8.2,7.0,8.0,8.2
apo,45.7,8.0,6.6,8.2,6.6,8.2,8.0
apo,45.8,8.0,6.8,8.0,6.8,8.0,8.0
apo,45.9,7.8,6.2,8.0,6.2,7.8,8.0
apo,46.0,7.6,6.0,7.8,6.0,7.6,7.8
apo,46.1,7.6,6.8,7.8,6.8,7.6,7.8
apo,46.2,7.6,7.6,8.0,7.6,8.0,7.6
apo,46.3,8.0,7.2,8.2,8.2,8.0,7.2
apo,46.4,8.8,6.4,8.8,8.8,8.8,6.4
apo,46.5,9.2,6.2,9.8,9.2,9.8,6.2
apo,46.6,8.6,6.4,9.4,8.6,9.4,6.4
apo,46.7,8.2,6.6,9.4,8.2,9.4,6.6
apo,46.8,7.8,7.8,9.2,7.8,9.2,7.8
apo,46.9,8.2,8.0,8.4,8.0,8.4,8.2
apo,47.0,7.6,7.4,7.8,7.6,7.4,7.8
apo,47.1,7.8,7.6,8.0,8.0,7.8,7.6
apo,47.2,7.4,7.0,8.0,8.0,7.0,7.4
apo,47.3,6.4,6.0,7.6,7.6,6.4,6.0
apo,47.4,6.8,5.4,7.4,7.4,6.8,5.4
apo,47.5,6.2,5.8,7.6,7.6,6.2,5.8
apo,47.6,6.2,5.8,7.2,7.2,5.8,6.2
apo,47.7,6.6,6.4,7.2,7.2,6.4,6.6
apo,47.8,7.0,6.8,7.4,7.4,7.0,6.8
apo,47.9,7.2,6.6,7.6,7.6,6.6,7.2
apo,48.0,7.4,7.2,7.6,7.4,7.2,7.6
apo,48.1,7.0,6.8,7.0,6.8,7.0,7.0
apo,48.2,6.4,6.2,6.4,6.4,6.4,6.2
apo,48.3,6.4,6.2,6.4,6.2,6.4,6.4
apo,48.4,6.4,6.2,6.6,6.2,6.4,6.6
apo,48.5,6.6,6.4,6.6,6.6,6.4,6.6
apo,48.6,7.4,7.0,7.6,7.6,7.0,7.4
apo,48.7,8.2,7.4,8.4,8.4,7.4,8.2
apo,48.8,8.4,7.6,9.0,9.0,7.6,8.4
apo,48.9,8.2,7.8,9.2,8.2,7.8,9.2
apo,49.0,7.8,7.8,9.6,7.8,7.8,9.6
apo,49.1,7.4,7.0,9.6,7.4,7.0,9.6
apo,49.2,7.0,6.6,9.6,7.0,6.6,9.6
apo,49.3,6.6,6.4,10.2,6.6,6.4,10.2
apo,49.4,7.2,6.4,9.6,7.2,6.4,9.6
apo,49.5,7.4,6.0,9.6,7.4,6.0,9.6
apo,49.6,7.2,6.2,9.2,7.2,6.2,9.2
apo,49.7,7.4,6.4,9.2,7.4,6.4,9.2
apo,49.8,6.8,6.8,9.4,6.8,6.8,9.4
apo,49.9,7.4,6.2,9.8,6.2,7.4,9.8
apo,50.0,8.4,6.0,9.6,6.0,8.4,9.6
apo,50.1,9.2,5.6,10.0,5.6,9.2,10.0
apo,50.2,9.0,4.6,10.2,4.6,9.0,10.2
apo,50.3,9.0,5.2,10.4,5.2,9.0,10.4
apo,50.4,9.0,5.6,11.0,5.6,9.0,11.0
apo,50.5,8.6,6.0,11.4,6.0,8.6,11.4
apo,50.6,8.2,6.2,11.4,6.2,8.2,11.4
apo,50.7,8.6,7.0,11.0,7.0,8.6,11.0
apo,50.8,8.8,7.6,10.4,7.6,8.8,10.4
apo,50.9,8.4,8.4,9.4,8.4,8.4,9.4
apo,51.0,8.4,8.0,9.0,8.0,8.4,9.0
apo,51.1,8.8,8.2,9.0,8.8,8.2,9.0
apo,51.2,9.2,8.4,9.2,9.2,8.4,9.2
apo,51.3,8.8,8.2,9.4,8.8,8.2,9.4
apo,51.4,8.4,8.0,9.8,8.0,8.4,9.8
apo,51.5,9.4,9.0,10.0,9.4,9.0,10.0
apo,51.6,9.8,9.6,9.8,9.6,9.8,9.8
apo,51.7,9.6,9.2,9.6,9.2,9.6,9.6
apo,51.8,9.4,9.2,10.4,10.4,9.4,9.2
apo,51.9,9.4,9.2,11.6,11.6,9.4,9.2
apo,52.0,9.6,8.2,11.0,11.0,9.6,8.2
apo,52.1,9.2,8.2,11.4,11.4,9.2,8.2
apo,52.2,9.2,8.0,12.4,12.4,9.2,8.0
apo,52.3,9.4,7.8,11.6,11.6,9.4,7.8
apo,52.4,9.0,7.6,11.8,11.8,9.0,7.6
apo,52.5,8.8,8.6,11.4,11.4,8.6,8.8
apo,52.6,9.0,8.6,10.8,10.8,8.6,9.0
apo,52.7,10.0,8.8,10.4,10.0,8.8,10.4
apo,52.8,10.0,9.0,10.8,10.0,9.0,10.8
apo,52.9,9.4,9.0,11.0,9.0,9.4,11.0
apo,53.0,9.8,8.6,11.4,8.6,9.8,11.4
apo,53.1,10.4,8.6,11.8,8.6,10.4,11.8
apo,53.2,10.4,8.2,11.2,8.2,10.4,11.2
apo,53.3,10.6,7.6,12.0,7.6,10.6,12.0
apo,53.4,11.0,7.6,12.4,7.6,11.0,12.4
apo,53.5,11.2,8.2,12.4,8.2,11.2,12.4
apo,53.6,10.8,7.8,11.8,7.8,10.8,11.8
apo,53.7,11.0,7.8,12.0,7.8,11.0,12.0
apo,53.8,11.0,8.0,11.2,8.0,11.0,11.2
apo,53.9,11.2,7.6,11.4,7.6,11.4,11.2
apo,54.0,11.2,7.8,11.6,7.8,11.2,11.6
apo,54.1,11.0,8.2,11.8,8.2,11.0,11.8
apo,54.2,10.2,8.6,11.6,8.6,10.2,11.6
apo,54.3,9.6,9.2,12.4,9.2,9.6,12.4
apo,54.4,10.0,8.4,12.2,10.0,8.4,12.2
apo,54.5,10.2,7.4,11.2,10.2,7.4,11.2
apo,54.6,10.4,7.4,11.2,10.4,7.4,11.2
apo,54.7,10.4,7.4,11.2,10.4,7.4,11.2
apo,54.8,10.0,7.8,10.2,10.0,7.8,10.2
apo,54.9,9.8,8.2,9.8,9.8,8.2,9.8
apo,55.0,8.4,8.0,9.6,8.4,8.0,9.6
apo,55.1,8.0,7.8,9.6,8.0,7.8,9.6
apo,55.2,8.6,7.6,9.2,7.6,8.6,9.2
apo,55.3,8.0,7.4,9.6,7.4,8.0,9.6
apo,55.4,8.8,6.8,10.0,6.8,8.8,10.0
apo,55.5,10.2,8.0,10.8,8.0,10.2,10.8
apo,55.6,10.4,8.2,11.6,8.2,10.4,11.6
apo,55.7,11.0,8.2,12.4,8.2,11.0,12.4
apo,55.8,11.6,8.6,12.4,8.6,11.6,12.4
apo,55.9,11.4,8.4,12.2,8.4,11.4,12.2
apo,56.0,10.4,8.8,12.2,8.8,10.4,12.2
apo,56.1,11.0,9.2,11.8,9.2,11.0,11.8
apo,56.2,10.8,10.0,11.6,10.0,10.8,11.6
apo,56.3,11.2,10.0,12.2,10.0,11.2,12.2
apo,56.4,11.4,10.8,12.4,11.4,10.8,12.4
apo,56.5,11.6,11.0,12.6,11.0,11.6,12.6
apo,56.6,11.8,11.4,12.8,11.4,11.8,12.8
apo,56.7,11.8,11.2,12.6,11.8,11.2,12.6
apo,56.8,11.8,10.8,11.8,11.8,10.8,11.8
apo,56.9,11.0,10.4,11.8,11.0,10.4,11.8
apo,57.0,11.0,9.8,11.4,11.0,9.8,11.4
apo,57.1,10.8,8.8,11.8,10.8,8.8,11.8
apo,57.2,10.2,9.0,12.2,10.2,9.0,12.2
apo,57.3,10.2,9.4,12.6,10.2,9.4,12.6
apo,57.4,10.8,9.4,13.0,10.8,9.4,13.0
apo,57.5,11.0,10.0,13.6,11.0,10.0,13.6
apo,57.6,10.6,10.4,13.8,10.4,10.6,13.8
apo,57.7,10.8,10.4,13.8,10.4,10.8,13.8
apo,57.8,10.4,10.2,13.6,10.2,10.4,13.6
apo,57.9,10.6,9.8,14.0,9.8,10.6,14.0
apo,58.0,10.4,9.8,13.8,9.8,10.4,13.8
apo,58.1,10.4,9.8,13.2,9.8,10.4,13.2
apo,58.2,10.2,10.0,13.4,10.2,10.0,13.4
apo,58.3,10.2,10.0,13.4,10.2,10.0,13.4
apo,58.4,10.6,10.2,12.4,10.2,10.6,12.4
apo,58.5,10.0,10.0,12.0,10.0,10.0,12.0
apo,58.6,9.8,9.2,11.6,9.8,9.2,11.6
apo,58.7,9.6,9.2,11.6,9.6,9.2,11.6
apo,58.8,9.8,9.4,11.8,9.8,9.4,11.8
apo,58.9,9.2,8.8,11.8,9.2,8.8,11.8
apo,59.0,9.6,8.8,11.8,9.6,8.8,11.8
apo,59.1,9.6,9.2,12.4,9.6,9.2,12.4
apo,59.2,9.6,8.4,11.8,8.4,9.6,11.8
apo,59.3,10.2,8.6,11.8,8.6,10.2,11.8
apo,59.4,10.4,9.6,12.4,9.6,10.4,12.4
apo,59.5,11.0,9.2,12.4,9.2,11.0,12.4
apo,59.6,11.6,9.6,11.8,9.6,11.8,11.6
apo,59.7,11.4,10.8,12.2,10.8,12.2,11.4
apo,59.8,11.2,9.8,11.6,9.8,11.2,11.6
apo,59.9,11.0,9.0,11.4,9.0,11.0,11.4
apo,60.0,10.6,9.2,11.4,9.2,10.6,11.4
apo,60.1,9.8,8.8,11.8,8.8,9.8,11.8
apo,60.2,10.0,8.6,12.8,8.6,10.0,12.8
apo,60.3,10.2,9.0,13.2,9.0,10.2,13.2
apo,60.4,9.6,9.2,13.2,9.2,9.6,13.2
apo,60.5,9.2,9.2,13.0,9.2,9.2,13.0
apo,60.6,9.8,9.2,13.0,9.8,9.2,13.0
apo,60.7,9.6,7.8,12.8,9.6,7.8,12.8
apo,60.8,10.0,7.2,12.6,10.0,7.2,12.6
apo,60.9,11.0,7.6,12.6,11.0,7.6,12.6
apo,61.0,10.8,8.0,12.8,10.8,8.0,12.8
apo,61.1,10.4,8.2,12.8,10.4,8.2,12.8
apo,61.2,10.8,8.4,12.4,10.8,8.4,12.4
apo,61.3,11.2,9.0,12.2,11.2,9.0,12.2
apo,61.4,9.8,9.0,12.2,9.8,9.0,12.2
apo,61.5,9.4,8.6,12.2,9.4,8.6,12.2
apo,61.6,8.6,8.0,12.2,8.6,8.0,12.2
apo,61.7,8.2,7.6,12.2,7.6,8.2,12.2
apo,61.8,7.8,6.8,11.6,6.8,7.8,11.6
apo,61.9,7.8,7.4,11.2,7.8,7.4,11.2
apo,62.0,8.0,7.8,11.0,7.8,8.0,11.0
apo,62.1,8.6,8.6,11.2,8.6,8.6,11.2
apo,62.2,9.2,8.6,11.4,9.2,8.6,11.4
apo,62.3,9.8,9.2,11.4,9.8,9.2,11.4
apo,62.4,10.4,9.4,11.6,9.4,10.4,11.6
apo,62.5,9.6,9.6,12.0,9.6,9.6,12.0
apo,62.6,9.4,9.2,12.2,9.2,9.4,12.2
apo,62.7,9.4,9.4,11.6,9.4,9.4,11.6
apo,62.8,9.4,8.8,11.6,9.4,8.8,11.6
apo,62.9,8.4,8.2,11.4,8.4,8.2,11.4
apo,63.0,8.6,7.8,10.6,7.8,8.6,10.6
apo,63.1,8.2,8.2,9.0,8.2,8.2,9.0
apo,63.2,8.2,8.2,8.6,8.2,8.2,8.6
apo,63.3,8.2,7.6,8.2,7.6,8.2,8.2
apo,63.4,8.4,8.2,8.6,8.6,8.2,8.4
apo,63.5,8.4,8.2,9.8,9.8,8.4,8.2
apo,63.6,9.2,9.0,9.8,9.8,9.2,9.0
apo,63.7,9.6,9.4,9.6,9.6,9.6,9.4
apo,63.8,10.0,9.6,10.4,9.6,10.0,10.4
apo,63.9,9.8,9.6,10.6,9.6,9.8,10.6
apo,64.0,10.0,9.6,11.2,10.0,9.6,11.2
apo,64.1,10.6,9.4,12.0,10.6,9.4,12.0
apo,64.2,11.2,8.6,12.2,11.2,8.6,12.2
apo,64.3,11.2,8.8,11.6,11.6,8.8,11.2
apo,64.4,10.8,9.0,10.8,10.8,9.0,10.8
apo,64.5,9.8,9.0,10.4,9.8,9.0,10.4
apo,64.6,8.6,8.6,9.8,9.8,8.6,8.6
apo,64.7,8.8,7.6,10.0,10.0,8.8,7.6
apo,64.8,8.2,7.4,9.8,9.8,8.2,7.4
apo,64.9,8.0,7.6,11.4,11.4,8.0,7.6
apo,65.0,8.2,8.2,11.6,11.6,8.2,8.2
apo,65.1,9.8,8.0,11.2,11.2,8.0,9.8
apo,65.2,10.6,8.4,10.8,10.6,8.4,10.8
apo,65.3,11.0,8.8,11.8,11.0,8.8,11.8
apo,65.4,9.8,9.2,12.2,9.8,9.2,12.2
apo,65.5,9.8,9.0,12.0,9.8,9.0,12.0
apo,65.6,9.6,9.4,11.0,9.6,9.4,11.0
apo,65.7,10.2,9.0,11.2,10.2,9.0,11.2
apo,65.8,9.4,8.8,10.8,9.4,8.8,10.8
apo,65.9,9.2,9.2,10.4,9.2,9.2,10.4
apo,66.0,10.0,9.8,11.0,9.8,10.0,11.0
apo,66.1,10.0,9.8,11.8,9.8,10.0,11.8
apo,66.2,10.6,9.0,12.0,9.0,10.6,12.0
apo,66.3,10.6,9.8,12.2,9.8,10.6,12.2
apo,66.4,10.2,10.0,12.8,10.2,10.0,12.8
apo,66.5,10.0,9.8,12.0,10.0,9.8,12.0
apo,66.6,10.0,10.0,11.2,10.0,10.0,11.2
apo,66.7,10.2,9.6,10.4,10.2,9.6,10.4
apo,66.8,9.8,9.4,10.0,9.4,9.8,10.0
apo,66.9,9.6,9.0,10.0,10.0,9.6,9.0
apo,67.0,9.4,8.8,9.8,9.4,9.8,8.8
apo,67.1,9.4,9.2,9.8,9.4,9.8,9.2
apo,67.2,9.2,8.8,10.2,9.2,10.2,8.8
apo,67.3,9.6,8.8,10.4,9.6,10.4,8.8
apo,67.4,8.8,8.4,11.6,8.8,11.6,8.4
apo,67.5,8.8,8.4,11.4,8.8,11.4,8.4
apo,67.6,8.6,8.2,11.4,8.6,11.4,8.2
apo,67.7,8.6,8.0,11.4,8.6,11.4,8.0
apo,67.8,8.8,7.8,11.4,8.8,11.4,7.8
apo,67.9,8.8,8.6,10.6,8.8,10.6,8.6
apo,68.0,9.0,8.4,10.6,9.0,10.6,8.4
apo,68.1,9.4,8.4,10.8,9.4,10.8,8.4
apo,68.2,9.8,9.4,10.8,9.8,10.8,9.4
apo,68.3,9.8,9.6,10.0,9.6,10.0,9.8
apo,68.4,9.6,9.4,10.2,9.4,9.6,10.2
apo,68.5,9.6,9.2,10.6,9.6,9.2,10.6
apo,68.6,9.8,9.4,10.4,9.8,9.4,10.4
apo,68.7,9.6,9.4,10.6,9.6,9.4,10.6
apo,68.8,10.0,9.8,10.6,9.8,10.0,10.6
apo,68.9,10.4,9.8,10.8,10.4,10.8,9.8
apo,69.0,10.6,9.8,11.4,10.6,11.4,9.8
apo,69.1,10.4,10.2,10.8,10.4,10.8,10.2
apo,69.2,10.4,9.6,10.8,10.4,10.8,9.6
apo,69.3,10.2,9.4,11.0,10.2,11.0,9.4
apo,69.4,9.4,9.0,10.4,9.0,10.4,9.4
apo,69.5,9.2,8.2,9.6,8.2,9.6,9.2
apo,69.6,9.0,7.8,9.6,7.8,9.6,9.0
apo,69.7,8.8,7.8,9.0,7.8,8.8,9.0
apo,69.8,8.8,8.0,9.0,8.0,8.8,9.0
apo,69.9,9.0,8.8,9.6,8.8,9.0,9.6
apo,70.0,9.4,9.2,9.6,9.2,9.6,9.4
apo,70.1,9.4,9.2,9.6,9.2,9.4,9.6
apo,70.2,10.0,8.8,10.4,8.8,10.4,10.0
apo,70.3,9.6,9.0,10.4,9.0,10.4,9.6
apo,70.4,9.0,9.0,9.8,9.0,9.8,9.0
apo,70.5,9.0,8.8,9.2,8.8,9.2,9.0
apo,70.6,9.0,8.6,9.2,8.6,9.2,9.0
apo,70.7,8.6,8.4,9.0,8.4,9.0,8.6
apo,70.8,8.8,8.4,9.6,8.4,9.6,8.8
apo,70.9,9.4,8.4,10.6,8.4,10.6,9.4
apo,71.0,9.4,8.2,10.6,8.2,10.6,9.4
apo,71.1,9.4,8.2,11.6,8.2,11.6,9.4
apo,71.2,9.4,8.2,11.2,8.2,11.2,9.4
apo,71.3,10.0,8.0,10.6,8.0,10.6,10.0
apo,71.4,9.4,7.8,10.0,7.8,10.0,9.4
apo,71.5,9.8,8.0,10.4,8.0,10.4,9.8
apo,71.6,9.8,8.4,10.4,8.4,9.8,10.4
apo,71.7,10.4,8.4,10.6,8.4,10.4,10.6
apo,71.8,10.4,8.0,10.6,8.0,10.6,10.4
apo,71.9,10.4,8.4,10.6,8.4,10.4,10.6
apo,72.0,10.6,8.4,10.8,8.4,10.6,10.8
apo,72.1,10.4,8.0,11.2,8.0,11.2,10.4
apo,72.2,10.4,8.4,10.6,8.4,10.6,10.4
apo,72.3,9.8,8.2,10.6,8.2,9.8,10.6
apo,72.4,10.2,8.6,10.4,8.6,10.2,10.4
apo,72.5,9.8,8.6,10.0,8.6,9.8,10.0
apo,72.6,9.4,8.8,9.4,9.4,8.8,9.4
apo,72.7,9.2,8.8,9.6,9.6,9.2,8.8
apo,72.8,9.6,8.4,9.8,9.8,9.6,8.4
apo,72.9,9.4,8.6,9.6,9.4,9.6,8.6
apo,73.0,9.0,9.0,10.2,9.0,10.2,9.0
apo,73.1,9.0,8.8,10.8,9.0,10.8,8.8
apo,73.2,9.2,8.6,11.2,8.6,11.2,9.2
apo,73.3,9.2,8.6,11.4,8.6,11.4,9.2
apo,73.4,9.2,8.8,11.4,8.8,11.4,9.2
apo,73.5,9.4,9.0,10.6,9.4,10.6,9.0
apo,73.6,9.4,9.2,10.2,9.4,10.2,9.2
apo,73.7,9.4,9.0,9.8,9.8,9.4,9.0
apo,73.8,9.0,8.6,10.6,10.6,9.0,8.6
apo,73.9,8.8,8.4,11.0,11.0,8.8,8.4
apo,74.0,9.2,8.0,11.8,11.8,9.2,8.0
apo,74.1,9.2,7.8,11.4,11.4,9.2,7.8
apo,74.2,9.4,8.0,11.8,11.8,9.4,8.0
apo,74.3,10.0,8.4,11.4,11.4,10.0,8.4
apo,74.4,10.8,8.2,11.0,11.0,10.8,8.2
apo,74.5,10.0,8.4,10.8,10.0,10.8,8.4
apo,74.6,9.6,8.6,10.6,9.6,10.6,8.6
apo,74.7,9.0,8.6,10.4,9.0,10.4,8.6
apo,74.8,9.2,8.6,9.6,9.2,9.6,8.6
apo,74.9,9.0,8.8,9.8,9.8,9.0,8.8
apo,75.0,8.8,8.2,10.2,10.2,8.2,8.8
apo,75.1,9.4,8.4,11.0,11.0,8.4,9.4
apo,75.2,9.8,7.8,11.2,11.2,7.8,9.8
apo,75.3,10.2,7.6,11.2,11.2,7.6,10.2
apo,75.4,10.4,7.0,11.4,11.4,7.0,10.4
apo,75.5,10.8,7.2,11.0,11.0,7.2,10.8
apo,75.6,10.8,7.0,11.4,11.4,7.0,10.8
apo,75.7,11.0,7.4,11.8,11.8,7.4,11.0
apo,75.8,11.0,7.4,11.8,11.8,7.4,11.0
apo,75.9,11.0,7.0,11.0,11.0,7.0,11.0
apo,76.0,10.6,6.8,10.6,10.6,6.8,10.6
apo,76.1,9.4,6.4,10.4,9.4,6.4,10.4
apo,76.2,8.8,6.0,9.8,8.8,6.0,9.8
apo,76.3,8.6,5.6,9.8,8.6,5.6,9.8
apo,76.4,9.4,5.6,9.4,9.4,5.6,9.4
apo,76.5,9.2,6.2,10.2,10.2,6.2,9.2
apo,76.6,9.2,6.6,11.0,11.0,6.6,9.2
apo,76.7,9.4,6.8,11.6,11.6,6.8,9.4
apo,76.8,9.8,7.4,11.2,11.2,7.4,9.8
apo,76.9,10.8,8.2,11.0,10.8,8.2,11.0
apo,77.0,10.8,7.8,12.0,10.8,7.8,12.0
apo,77.1,10.2,7.8,12.4,10.2,7.8,12.4
apo,77.2,9.4,8.4,12.8,9.4,8.4,12.8
apo,77.3,9.6,9.0,12.2,9.6,9.0,12.2
apo,77.4,9.4,8.6,11.6,8.6,9.4,11.6
apo,77.5,10.0,8.0,10.8,8.0,10.0,10.8
apo,77.6,10.0,8.2,10.6,8.2,10.0,10.6
apo,77.7,9.4,8.2,10.0,8.2,9.4,10.0
apo,77.8,8.6,8.0,9.8,8.0,8.6,9.8
apo,77.9,8.4,8.2,9.4,8.4,8.2,9.4
apo,78.0,8.6,8.0,9.4,8.6,8.0,9.4
apo,78.1,8.8,8.4,9.8,8.8,8.4,9.8
apo,78.2,9.0,8.8,10.4,9.0,8.8,10.4
apo,78.3,9.2,8.8,10.8,8.8,9.2,10.8
apo,78.4,9.4,8.8,10.2,8.8,9.4,10.2
apo,78.5,9.4,8.6,10.2,8.6,9.4,10.2
apo,78.6,9.0,8.0,9.4,8.0,9.0,9.4
apo,78.7,8.4,8.4,8.6,8.6,8.4,8.4
apo,78.8,8.4,8.0,9.0,9.0,8.4,8.0
apo,78.9,8.6,8.4,9.4,9.4,8.6,8.4
apo,79.0,8.8,7.8,9.4,9.4,8.8,7.8
apo,79.1,9.2,7.6,10.0,10.0,9.2,7.6
apo,79.2,9.2,8.0,9.6,9.2,9.6,8.0
apo,79.3,9.0,7.6,9.4,9.0,9.4,7.6
apo,79.4,8.6,8.2,9.0,9.0,8.6,8.2
apo,79.5,8.8,8.4,9.4,9.4,8.4,8.8
apo,79.6,9.0,8.6,9.0,9.0,8.6,9.0
apo,79.7,8.6,8.6,9.0,8.6,8.6,9.0
apo,79.8,9.4,9.2,9.4,9.4,9.4,9.2
apo,79.9,9.2,8.8,10.0,8.8,10.0,9.2
apo,80.0,9.6,8.6,10.8,8.6,10.8,9.6
apo,80.1,10.4,9.8,10.4,9.8,10.4,10.4
apo,80.2,11.2,10.6,11.2,10.6,11.2,11.2
apo,80.3,11.2,10.6,11.8,10.6,11.2,11.8
apo,80.4,11.2,11.2,12.2,11.2,11.2,12.2
apo,80.5,11.2,10.6,12.2,11.2,10.6,12.2
apo,80.6,11.2,10.6,12.0,10.6,11.2,12.0
apo,80.7,10.8,10.6,12.2,10.6,10.8,12.2
apo,80.8,10.4,10.2,12.4,10.4,10.2,12.4
apo,80.9,11.2,10.4,11.4,10.4,11.2,11.4
apo,81.0,11.4,10.8,11.4,11.4,11.4,10.8
apo,81.1,11.2,10.0,11.8,11.2,11.8,10.0
apo,81.2,11.6,9.0,11.6,11.6,11.6,9.0
apo,81.3,11.8,8.4,12.2,11.8,12.2,8.4
apo,81.4,11.4,8.2,12.2,12.2,11.4,8.2
apo,81.5,11.6,8.4,12.0,11.6,12.0,8.4
apo,81.6,11.0,8.8,11.6,11.6,11.0,8.8
apo,81.7,11.2,8.6,11.4,11.2,11.4,8.6
apo,81.8,11.2,8.6,11.6,11.6,11.2,8.6
apo,81.9,11.4,9.4,11.6,11.4,11.6,9.4
apo,82.0,11.4,9.6,11.6,11.6,11.4,9.6
apo,82.1,11.6,9.2,12.6,12.6,11.6,9.2
apo,82.2,11.6,9.8,13.0,13.0,11.6,9.8
apo,82.3,11.8,10.0,12.6,12.6,11.8,10.0
apo,82.4,12.0,9.4,13.0,13.0,12.0,9.4
apo,82.5,11.8,8.8,13.2,13.2,11.8,8.8
apo,82.6,12.2,9.0,13.2,13.2,12.2,9.0
apo,82.7,12.8,8.6,13.8,13.8,12.8,8.6
apo,82.8,12.4,8.4,14.6,14.6,12.4,8.4
apo,82.9,12.2,8.4,14.4,14.4,12.2,8.4
apo,83.0,13.0,8.4,14.2,14.2,13.0,8.4
apo,83.1,13.2,8.6,13.2,13.2,13.2,8.6
apo,83.2,12.2,8.4,12.8,12.2,12.8,8.4
apo,83.3,10.8,8.2,13.8,10.8,13.8,8.2
apo,83.4,9.4,7.6,14.2,9.4,14.2,7.6
apo,83.5,8.4,7.4,13.8,8.4,13.8,7.4
apo,83.6,8.2,7.2,13.8,8.2,13.8,7.2
apo,83.7,8.4,7.2,14.0,8.4,14.0,7.2
apo,83.8,8.6,7.2,13.8,8.6,13.8,7.2
apo,83.9,8.6,8.2,13.4,8.6,13.4,8.2
apo,84.0,8.6,8.2,13.2,8.6,13.2,8.2
apo,84.1,8.4,7.4,13.4,8.4,13.4,7.4
apo,84.2,7.8,6.8,13.4,7.8,13.4,6.8
apo,84.3,8.4,6.2,12.8,8.4,12.8,6.2
apo,84.4,9.0,5.6,12.6,9.0,12.6,5.6
apo,84.5,9.0,5.4,12.0,9.0,12.0,5.4
apo,84.6,9.6,5.2,12.0,9.6,12.0,5.2
apo,84.7,10.2,5.0,12.0,10.2,12.0,5.0
apo,84.8,8.8,5.0,12.6,8.8,12.6,5.0
apo,84.9,8.8,4.4,12.8,8.8,12.8,4.4
apo,85.0,9.2,4.4,13.4,9.2,13.4,4.4
apo,85.1,9.0,4.6,13.4,9.0,13.4,4.6
apo,85.2,8.8,4.8,13.6,8.8,13.6,4.8
apo,85.3,9.0,5.2,13.4,9.0,13.4,5.2
apo,85.4,9.4,5.8,13.0,9.4,13.0,5.8
apo,85.5,9.6,6.2,13.0,9.6,13.0,6.2
apo,85.6,10.0,6.4,13.2,10.0,13.2,6.4
apo,85.7,10.2,6.4,13.0,10.2,13.0,6.4
apo,85.8,11.2,6.0,13.2,11.2,13.2,6.0
apo,85.9,10.6,5.8,13.6,10.6,13.6,5.8
apo,86.0,10.0,5.8,13.2,10.0,13.2,5.8
apo,86.1,9.2,6.2,12.0,9.2,12.0,6.2
apo,86.2,8.6,6.8,11.8,8.6,11.8,6.8
apo,86.3,8.0,6.6,11.8,8.0,11.8,6.6
apo,86.4,8.0,6.6,11.4,8.0,11.4,6.6
apo,86.5,8.2,6.8,11.6,8.2,11.6,6.8
apo,86.6,8.6,7.0,12.0,8.6,12.0,7.0
apo,86.7,8.8,6.8,11.2,8.8,11.2,6.8
apo,86.8,8.8,7.4,11.4,8.8,11.4,7.4
apo,86.9,9.0,7.8,11.4,9.0,11.4,7.8
apo,87.0,9.0,7.4,11.4,9.0,11.4,7.4
apo,87.1,9.0,7.4,11.4,9.0,11.4,7.4
apo,87.2,9.6,7.0,11.8,9.6,11.8,7.0
apo,87.3,9.6,7.0,11.2,9.6,11.2,7.0
apo,87.4,9.8,7.0,11.6,9.8,11.6,7.0
apo,87.5,10.2,6.6,11.0,10.2,11.0,6.6
apo,87.6,10.8,6.2,10.8,10.8,10.8,6.2
apo,87.7,9.6,6.6,11.2,9.6,11.2,6.6
apo,87.8,10.0,7.0,11.2,10.0,11.2,7.0
apo,87.9,10.6,7.0,11.4,10.6,11.4,7.0
apo,88.0,10.6,7.6,12.4,10.6,12.4,7.6
apo,88.1,10.2,7.4,13.2,10.2,13.2,7.4
apo,88.2,11.0,7.8,13.2,11.0,13.2,7.8
apo,88.3,10.4,7.4,13.8,10.4,13.8,7.4
apo,88.4,10.2,7.2,13.8,10.2,13.8,7.2
apo,88.5,10.2,7.2,13.8,10.2,13.8,7.2
apo,88.6,10.4,8.0,13.6,10.4,13.6,8.0
apo,88.7,10.4,7.8,13.6,10.4,13.6,7.8
apo,88.8,10.4,8.0,12.8,10.4,12.8,8.0
apo,88.9,10.6,8.8,12.2,10.6,12.2,8.8
apo,89.0,10.4,8.8,11.8,10.4,11.8,8.8
apo,89.1,11.0,8.6,11.4,11.0,11.4,8.6
apo,89.2,11.4,8.0,11.6,11.6,11.4,8.0
apo,89.3,12.0,8.2,12.2,12.2,12.0,8.2
apo,89.4,12.0,7.4,12.6,12.0,12.6,7.4
apo,89.5,12.4,7.4,12.8,12.8,12.4,7.4
apo,89.6,12.0,7.0,13.0,12.0,13.0,7.0
apo,89.7,11.2,7.4,12.8,11.2,12.8,7.4
apo,89.8,10.8,7.6,12.4,10.8,12.4,7.6
apo,89.9,10.4,7.4,11.8,10.4,11.8,7.4
apo,90.0,10.0,7.6,11.8,10.0,11.8,7.6
apo,90.1,9.8,7.6,11.4,9.8,11.4,7.6
apo,90.2,10.0,7.4,11.6,10.0,11.6,7.4
apo,90.3,10.2,7.0,11.8,10.2,11.8,7.0
apo,90.4,10.0,7.4,12.2,10.0,12.2,7.4
apo,90.5,10.2,7.4,13.0,10.2,13.0,7.4
apo,90.6,11.4,8.2,12.8,11.4,12.8,8.2
apo,90.7,11.2,8.8,12.8,11.2,12.8,8.8
apo,90.8,11.8,9.0,12.6,11.8,12.6,9.0
apo,90.9,11.8,9.6,12.6,12.6,11.8,9.6
apo,91.0,10.6,10.0,12.8,12.8,10.6,10.0
apo,91.1,10.8,9.6,12.0,12.0,10.8,9.6
apo,91.2,10.6,9.6,12.0,12.0,10.6,9.6
apo,91.3,11.2,9.2,11.8,11.8,11.2,9.2
apo,91.4,10.8,8.8,11.6,10.8,11.6,8.8
apo,91.5,10.2,8.4,12.0,10.2,12.0,8.4
apo,91.6,10.4,8.4,12.0,10.4,12.0,8.4
apo,91.7,11.4,8.2,12.6,11.4,12.6,8.2
apo,91.8,11.2,8.6,12.0,11.2,12.0,8.6
apo,91.9,11.8,9.0,12.6,11.8,12.6,9.0
apo,92.0,12.8,9.2,13.0,12.8,13.0,9.2
apo,92.1,13.0,9.0,13.0,13.0,13.0,9.0
apo,92.2,11.8,9.4,12.8,12.8,11.8,9.4
apo,92.3,11.4,9.2,13.0,13.0,11.4,9.2
apo,92.4,10.4,9.0,13.2,13.2,10.4,9.0
apo,92.5,9.6,9.4,13.2,13.2,9.6,9.4
apo,92.6,9.8,9.2,12.6,12.6,9.2,9.8
apo,92.7,9.8,9.8,12.0,12.0,9.8,9.8
apo,92.8,10.4,10.0,11.8,11.8,10.4,10.0
apo,92.9,10.6,9.6,12.2,12.2,10.6,9.6
apo,93.0,11.4,8.8,12.4,12.4,11.4,8.8
apo,93.1,11.4,8.6,12.2,12.2,11.4,8.6
apo,93.2,11.4,8.0,12.8,12.8,11.4,8.0
apo,93.3,11.4,7.6,12.8,12.8,11.4,7.6
apo,93.4,12.0,7.4,12.2,12.2,12.0,7.4
apo,93.5,11.2,7.6,11.4,11.2,11.4,7.6
apo,93.6,11.6,7.4,12.2,12.2,11.6,7.4
apo,93.7,12.0,8.0,12.2,12.2,12.0,8.0
apo,93.8,12.0,8.4,12.0,12.0,12.0,8.4
apo,93.9,12.0,8.4,12.2,12.0,12.2,8.4
apo,94.0,12.2,8.4,13.6,12.2,13.6,8.4
apo,94.1,11.4,8.4,14.0,11.4,14.0,8.4
apo,94.2,11.2,8.6,14.0,11.2,14.0,8.6
apo,94.3,11.8,8.6,14.0,11.8,14.0,8.6
apo,94.4,11.8,9.4,14.4,11.8,14.4,9.4
apo,94.5,11.6,9.8,13.4,11.6,13.4,9.8
apo,94.6,11.6,10.0,13.4,11.6,13.4,10.0
apo,94.7,12.2,9.6,13.8,12.2,13.8,9.6
apo,94.8,11.6,9.2,14.0,11.6,14.0,9.2
apo,94.9,12.0,8.6,13.0,12.0,13.0,8.6
apo,95.0,12.0,8.6,13.4,12.0,13.4,8.6
apo,95.1,12.4,8.4,13.0,12.4,13.0,8.4
apo,95.2,11.4,9.2,12.8,11.4,12.8,9.2
apo,95.3,12.0,9.8,12.2,12.0,12.2,9.8
apo,95.4,11.6,10.0,11.8,11.6,11.8,10.0
apo,95.5,11.4,9.4,11.6,11.6,11.4,9.4
apo,95.6,10.4,9.4,11.2,10.4,11.2,9.4
apo,95.7,10.4,8.4,10.6,10.4,10.6,8.4
apo,95.8,10.2,8.0,10.2,10.2,10.2,8.0
apo,95.9,9.4,8.4,10.0,10.0,9.4,8.4
apo,96.0,9.0,8.8,9.4,9.4,9.0,8.8
apo,96.1,9.2,8.8,10.2,10.2,8.8,9.2
apo,96.2,9.6,8.4,9.8,9.8,8.4,9.6
apo,96.3,10.0,8.2,10.4,10.0,8.2,10.4
apo,96.4,10.2,9.4,10.2,10.2,9.4,10.2
apo,96.5,10.8,9.6,11.0,11.0,9.6,10.8
apo,96.6,10.2,10.0,10.6,10.6,10.0,10.2
apo,96.7,10.6,10.0,11.2,11.2,10.6,10.0
apo,96.8,11.0,9.6,11.4,11.0,11.4,9.6
apo,96.9,10.8,9.4,11.4,10.8,11.4,9.4
apo,97.0,10.4,8.4,11.4,10.4,11.4,8.4
apo,97.1,10.0,8.6,11.2,10.0,11.2,8.6
apo,97.2,9.0,8.4,11.0,9.0,11.0,8.4
apo,97.3,8.6,8.2,11.4,8.6,11.4,8.2
apo,97.4,9.0,8.4,11.0,9.0,11.0,8.4
apo,97.5,8.8,8.6,10.8,8.8,10.8,8.6
apo,97.6,9.0,9.0,11.2,9.0,11.2,9.0
apo,97.7,9.4,9.0,11.4,9.4,11.4,9.0
apo,97.8,9.6,8.6,11.0,9.6,11.0,8.6
apo,97.9,9.0,8.4,12.2,9.0,12.2,8.4
apo,98.0,9.0,8.6,13.6,9.0,13.6,8.6
apo,98.1,9.4,8.2,13.8,9.4,13.8,8.2
apo,98.2,9.2,8.0,14.4,9.2,14.4,8.0
apo,98.3,8.6,8.2,14.8,8.6,14.8,8.2
apo,98.4,8.8,7.6,14.4,8.8,14.4,7.6
apo,98.5,9.0,7.2,13.6,9.0,13.6,7.2
apo,98.6,8.4,6.6,13.4,8.4,13.4,6.6
apo,98.7,8.8,7.4,13.2,8.8,13.2,7.4
apo,98.8,9.0,7.8,13.0,9.0,13.0,7.8
apo,98.9,8.6,8.0,12.4,8.6,12.4,8.0
apo,99.0,8.2,8.0,12.0,8.0,12.0,8.2
apo,99.1,9.4,7.8,11.6,7.8,11.6,9.4
apo,99.2,9.2,7.6,11.0,7.6,11.0,9.2
apo,99.3,9.4,7.2,10.8,7.2,10.8,9.4
apo,99.4,9.6,7.2,11.0,7.2,11.0,9.6
apo,99.5,10.0,7.4,10.6,7.4,10.6,10.0
apo,99.6,9.8,7.8,10.4,7.8,10.4,9.8
apo,99.7,9.6,7.4,10.2,7.4,10.2,9.6
apo,99.8,9.2,7.8,10.0,7.8,10.0,9.2
apo,99.9,9.5,7.75,9.75,7.75,9.75,9.5
apo,100.0,9.333333333333334,7.666666666666667,10.0,7.666666666666667,10.0,9.333333333333334
