"comparison_id","recall","precision","prevalence"
"GSE26440_Healthy",0.0102040816326531,1,0.753846153846154
"GSE26440_Healthy",0.0204081632653061,1,0.753846153846154
"GSE26440_Healthy",0.0306122448979592,1,0.753846153846154
"GSE26440_Healthy",0.0408163265306122,1,0.753846153846154
"GSE26440_Healthy",0.0510204081632653,1,0.753846153846154
"GSE26440_Healthy",0.0510204081632653,0.833333333333333,0.753846153846154
"GSE26440_Healthy",0.0612244897959184,0.857142857142857,0.753846153846154
"GSE26440_Healthy",0.0714285714285714,0.875,0.753846153846154
"GSE26440_Healthy",0.0816326530612245,0.888888888888889,0.753846153846154
"GSE26440_Healthy",0.0918367346938776,0.9,0.753846153846154
"GSE26440_Healthy",0.102040816326531,0.909090909090909,0.753846153846154
"GSE26440_Healthy",0.112244897959184,0.916666666666667,0.753846153846154
"GSE26440_Healthy",0.122448979591837,0.923076923076923,0.753846153846154
"GSE26440_Healthy",0.13265306122449,0.928571428571429,0.753846153846154
"GSE26440_Healthy",0.142857142857143,0.933333333333333,0.753846153846154
"GSE26440_Healthy",0.153061224489796,0.9375,0.753846153846154
"GSE26440_Healthy",0.163265306122449,0.941176470588235,0.753846153846154
"GSE26440_Healthy",0.173469387755102,0.944444444444444,0.753846153846154
"GSE26440_Healthy",0.183673469387755,0.947368421052632,0.753846153846154
"GSE26440_Healthy",0.193877551020408,0.95,0.753846153846154
"GSE26440_Healthy",0.204081632653061,0.952380952380952,0.753846153846154
"GSE26440_Healthy",0.214285714285714,0.954545454545455,0.753846153846154
"GSE26440_Healthy",0.224489795918367,0.956521739130435,0.753846153846154
"GSE26440_Healthy",0.23469387755102,0.958333333333333,0.753846153846154
"GSE26440_Healthy",0.244897959183673,0.96,0.753846153846154
"GSE26440_Healthy",0.255102040816327,0.961538461538462,0.753846153846154
"GSE26440_Healthy",0.26530612244898,0.962962962962963,0.753846153846154
"GSE26440_Healthy",0.26530612244898,0.928571428571429,0.753846153846154
"GSE26440_Healthy",0.275510204081633,0.931034482758621,0.753846153846154
"GSE26440_Healthy",0.285714285714286,0.933333333333333,0.753846153846154
"GSE26440_Healthy",0.295918367346939,0.935483870967742,0.753846153846154
"GSE26440_Healthy",0.306122448979592,0.9375,0.753846153846154
"GSE26440_Healthy",0.316326530612245,0.939393939393939,0.753846153846154
"GSE26440_Healthy",0.326530612244898,0.941176470588235,0.753846153846154
"GSE26440_Healthy",0.336734693877551,0.942857142857143,0.753846153846154
"GSE26440_Healthy",0.346938775510204,0.944444444444444,0.753846153846154
"GSE26440_Healthy",0.357142857142857,0.945945945945946,0.753846153846154
"GSE26440_Healthy",0.36734693877551,0.947368421052632,0.753846153846154
"GSE26440_Healthy",0.377551020408163,0.948717948717949,0.753846153846154
"GSE26440_Healthy",0.387755102040816,0.95,0.753846153846154
"GSE26440_Healthy",0.397959183673469,0.951219512195122,0.753846153846154
"GSE26440_Healthy",0.408163265306122,0.952380952380952,0.753846153846154
"GSE26440_Healthy",0.418367346938776,0.953488372093023,0.753846153846154
"GSE26440_Healthy",0.418367346938776,0.931818181818182,0.753846153846154
"GSE26440_Healthy",0.428571428571429,0.933333333333333,0.753846153846154
"GSE26440_Healthy",0.438775510204082,0.934782608695652,0.753846153846154
"GSE26440_Healthy",0.448979591836735,0.936170212765957,0.753846153846154
"GSE26440_Healthy",0.459183673469388,0.9375,0.753846153846154
"GSE26440_Healthy",0.469387755102041,0.938775510204082,0.753846153846154
"GSE26440_Healthy",0.479591836734694,0.94,0.753846153846154
"GSE26440_Healthy",0.489795918367347,0.941176470588235,0.753846153846154
"GSE26440_Healthy",0.5,0.942307692307692,0.753846153846154
"GSE26440_Healthy",0.510204081632653,0.943396226415094,0.753846153846154
"GSE26440_Healthy",0.520408163265306,0.944444444444444,0.753846153846154
"GSE26440_Healthy",0.530612244897959,0.945454545454545,0.753846153846154
"GSE26440_Healthy",0.540816326530612,0.946428571428571,0.753846153846154
"GSE26440_Healthy",0.551020408163265,0.947368421052632,0.753846153846154
"GSE26440_Healthy",0.561224489795918,0.948275862068966,0.753846153846154
"GSE26440_Healthy",0.571428571428571,0.949152542372881,0.753846153846154
"GSE26440_Healthy",0.581632653061224,0.95,0.753846153846154
"GSE26440_Healthy",0.591836734693878,0.950819672131147,0.753846153846154
"GSE26440_Healthy",0.602040816326531,0.951612903225806,0.753846153846154
"GSE26440_Healthy",0.602040816326531,0.936507936507937,0.753846153846154
"GSE26440_Healthy",0.612244897959184,0.9375,0.753846153846154
"GSE26440_Healthy",0.622448979591837,0.938461538461538,0.753846153846154
"GSE26440_Healthy",0.63265306122449,0.939393939393939,0.753846153846154
"GSE26440_Healthy",0.642857142857143,0.940298507462687,0.753846153846154
"GSE26440_Healthy",0.653061224489796,0.941176470588235,0.753846153846154
"GSE26440_Healthy",0.663265306122449,0.942028985507246,0.753846153846154
"GSE26440_Healthy",0.673469387755102,0.942857142857143,0.753846153846154
"GSE26440_Healthy",0.683673469387755,0.943661971830986,0.753846153846154
"GSE26440_Healthy",0.693877551020408,0.944444444444444,0.753846153846154
"GSE26440_Healthy",0.704081632653061,0.945205479452055,0.753846153846154
"GSE26440_Healthy",0.714285714285714,0.945945945945946,0.753846153846154
"GSE26440_Healthy",0.724489795918367,0.946666666666667,0.753846153846154
"GSE26440_Healthy",0.73469387755102,0.947368421052632,0.753846153846154
"GSE26440_Healthy",0.744897959183674,0.948051948051948,0.753846153846154
"GSE26440_Healthy",0.755102040816326,0.948717948717949,0.753846153846154
"GSE26440_Healthy",0.76530612244898,0.949367088607595,0.753846153846154
"GSE26440_Healthy",0.775510204081633,0.95,0.753846153846154
"GSE26440_Healthy",0.775510204081633,0.938271604938272,0.753846153846154
"GSE26440_Healthy",0.775510204081633,0.926829268292683,0.753846153846154
"GSE26440_Healthy",0.785714285714286,0.927710843373494,0.753846153846154
"GSE26440_Healthy",0.795918367346939,0.928571428571429,0.753846153846154
"GSE26440_Healthy",0.806122448979592,0.929411764705882,0.753846153846154
"GSE26440_Healthy",0.816326530612245,0.930232558139535,0.753846153846154
"GSE26440_Healthy",0.816326530612245,0.919540229885057,0.753846153846154
"GSE26440_Healthy",0.826530612244898,0.920454545454545,0.753846153846154
"GSE26440_Healthy",0.836734693877551,0.921348314606742,0.753846153846154
"GSE26440_Healthy",0.846938775510204,0.922222222222222,0.753846153846154
"GSE26440_Healthy",0.857142857142857,0.923076923076923,0.753846153846154
"GSE26440_Healthy",0.857142857142857,0.91304347826087,0.753846153846154
"GSE26440_Healthy",0.86734693877551,0.913978494623656,0.753846153846154
"GSE26440_Healthy",0.877551020408163,0.914893617021277,0.753846153846154
"GSE26440_Healthy",0.887755102040816,0.91578947368421,0.753846153846154
"GSE26440_Healthy",0.897959183673469,0.916666666666667,0.753846153846154
"GSE26440_Healthy",0.908163265306122,0.917525773195876,0.753846153846154
"GSE26440_Healthy",0.908163265306122,0.908163265306122,0.753846153846154
"GSE26440_Healthy",0.918367346938776,0.909090909090909,0.753846153846154
"GSE26440_Healthy",0.928571428571429,0.91,0.753846153846154
"GSE26440_Healthy",0.938775510204082,0.910891089108911,0.753846153846154
"GSE26440_Healthy",0.948979591836735,0.911764705882353,0.753846153846154
"GSE26440_Healthy",0.948979591836735,0.902912621359223,0.753846153846154
"GSE26440_Healthy",0.948979591836735,0.894230769230769,0.753846153846154
"GSE26440_Healthy",0.948979591836735,0.885714285714286,0.753846153846154
"GSE26440_Healthy",0.959183673469388,0.886792452830189,0.753846153846154
"GSE26440_Healthy",0.959183673469388,0.878504672897196,0.753846153846154
"GSE26440_Healthy",0.959183673469388,0.87037037037037,0.753846153846154
"GSE26440_Healthy",0.969387755102041,0.871559633027523,0.753846153846154
"GSE26440_Healthy",0.969387755102041,0.863636363636364,0.753846153846154
"GSE26440_Healthy",0.969387755102041,0.855855855855856,0.753846153846154
"GSE26440_Healthy",0.979591836734694,0.857142857142857,0.753846153846154
"GSE26440_Healthy",0.989795918367347,0.858407079646018,0.753846153846154
"GSE26440_Healthy",0.989795918367347,0.850877192982456,0.753846153846154
"GSE26440_Healthy",0.989795918367347,0.843478260869565,0.753846153846154
"GSE26440_Healthy",0.989795918367347,0.836206896551724,0.753846153846154
"GSE26440_Healthy",0.989795918367347,0.829059829059829,0.753846153846154
"GSE26440_Healthy",0.989795918367347,0.822033898305085,0.753846153846154
"GSE26440_Healthy",0.989795918367347,0.815126050420168,0.753846153846154
"GSE26440_Healthy",1,0.816666666666667,0.753846153846154
"GSE26440_Healthy",1,0.809917355371901,0.753846153846154
"GSE26440_Healthy",1,0.80327868852459,0.753846153846154
"GSE26440_Healthy",1,0.796747967479675,0.753846153846154
"GSE26440_Healthy",1,0.790322580645161,0.753846153846154
"GSE26440_Healthy",1,0.784,0.753846153846154
"GSE26440_Healthy",1,0.777777777777778,0.753846153846154
"GSE26440_Healthy",1,0.771653543307087,0.753846153846154
"GSE26440_Healthy",1,0.765625,0.753846153846154
"GSE26440_Healthy",1,0.75968992248062,0.753846153846154
"GSE26440_Healthy",1,0.753846153846154,0.753846153846154
"GSE28750_Healthy",0.1,1,0.333333333333333
"GSE28750_Healthy",0.2,1,0.333333333333333
"GSE28750_Healthy",0.3,1,0.333333333333333
"GSE28750_Healthy",0.4,1,0.333333333333333
"GSE28750_Healthy",0.4,0.8,0.333333333333333
"GSE28750_Healthy",0.4,0.666666666666667,0.333333333333333
"GSE28750_Healthy",0.4,0.571428571428571,0.333333333333333
"GSE28750_Healthy",0.4,0.5,0.333333333333333
"GSE28750_Healthy",0.4,0.444444444444444,0.333333333333333
"GSE28750_Healthy",0.5,0.5,0.333333333333333
"GSE28750_Healthy",0.6,0.545454545454545,0.333333333333333
"GSE28750_Healthy",0.7,0.583333333333333,0.333333333333333
"GSE28750_Healthy",0.7,0.538461538461538,0.333333333333333
"GSE28750_Healthy",0.7,0.5,0.333333333333333
"GSE28750_Healthy",0.7,0.466666666666667,0.333333333333333
"GSE28750_Healthy",0.7,0.4375,0.333333333333333
"GSE28750_Healthy",0.7,0.411764705882353,0.333333333333333
"GSE28750_Healthy",0.8,0.444444444444444,0.333333333333333
"GSE28750_Healthy",0.9,0.473684210526316,0.333333333333333
"GSE28750_Healthy",0.9,0.45,0.333333333333333
"GSE28750_Healthy",0.9,0.428571428571429,0.333333333333333
"GSE28750_Healthy",0.9,0.409090909090909,0.333333333333333
"GSE28750_Healthy",0.9,0.391304347826087,0.333333333333333
"GSE28750_Healthy",1,0.416666666666667,0.333333333333333
"GSE28750_Healthy",1,0.4,0.333333333333333
"GSE28750_Healthy",1,0.384615384615385,0.333333333333333
"GSE28750_Healthy",1,0.37037037037037,0.333333333333333
"GSE28750_Healthy",1,0.357142857142857,0.333333333333333
"GSE28750_Healthy",1,0.344827586206897,0.333333333333333
"GSE28750_Healthy",1,0.333333333333333,0.333333333333333
"GSE28750_Postoperative",0.1,1,0.476190476190476
"GSE28750_Postoperative",0.1,0.5,0.476190476190476
"GSE28750_Postoperative",0.2,0.666666666666667,0.476190476190476
"GSE28750_Postoperative",0.3,0.75,0.476190476190476
"GSE28750_Postoperative",0.3,0.6,0.476190476190476
"GSE28750_Postoperative",0.3,0.5,0.476190476190476
"GSE28750_Postoperative",0.3,0.428571428571429,0.476190476190476
"GSE28750_Postoperative",0.4,0.5,0.476190476190476
"GSE28750_Postoperative",0.4,0.444444444444444,0.476190476190476
"GSE28750_Postoperative",0.4,0.4,0.476190476190476
"GSE28750_Postoperative",0.4,0.363636363636364,0.476190476190476
"GSE28750_Postoperative",0.4,0.333333333333333,0.476190476190476
"GSE28750_Postoperative",0.5,0.384615384615385,0.476190476190476
"GSE28750_Postoperative",0.6,0.428571428571429,0.476190476190476
"GSE28750_Postoperative",0.7,0.466666666666667,0.476190476190476
"GSE28750_Postoperative",0.7,0.4375,0.476190476190476
"GSE28750_Postoperative",0.7,0.411764705882353,0.476190476190476
"GSE28750_Postoperative",0.7,0.388888888888889,0.476190476190476
"GSE28750_Postoperative",0.8,0.421052631578947,0.476190476190476
"GSE28750_Postoperative",0.9,0.45,0.476190476190476
"GSE28750_Postoperative",1,0.476190476190476,0.476190476190476
"GSE69528_Healthy",0.0120481927710843,1,0.747747747747748
"GSE69528_Healthy",0.0240963855421687,1,0.747747747747748
"GSE69528_Healthy",0.036144578313253,1,0.747747747747748
"GSE69528_Healthy",0.0481927710843374,1,0.747747747747748
"GSE69528_Healthy",0.0602409638554217,1,0.747747747747748
"GSE69528_Healthy",0.072289156626506,1,0.747747747747748
"GSE69528_Healthy",0.0843373493975904,1,0.747747747747748
"GSE69528_Healthy",0.0963855421686747,1,0.747747747747748
"GSE69528_Healthy",0.108433734939759,1,0.747747747747748
"GSE69528_Healthy",0.120481927710843,1,0.747747747747748
"GSE69528_Healthy",0.132530120481928,1,0.747747747747748
"GSE69528_Healthy",0.144578313253012,1,0.747747747747748
"GSE69528_Healthy",0.156626506024096,1,0.747747747747748
"GSE69528_Healthy",0.168674698795181,1,0.747747747747748
"GSE69528_Healthy",0.180722891566265,1,0.747747747747748
"GSE69528_Healthy",0.192771084337349,1,0.747747747747748
"GSE69528_Healthy",0.204819277108434,1,0.747747747747748
"GSE69528_Healthy",0.216867469879518,1,0.747747747747748
"GSE69528_Healthy",0.228915662650602,1,0.747747747747748
"GSE69528_Healthy",0.240963855421687,1,0.747747747747748
"GSE69528_Healthy",0.253012048192771,1,0.747747747747748
"GSE69528_Healthy",0.265060240963855,1,0.747747747747748
"GSE69528_Healthy",0.27710843373494,1,0.747747747747748
"GSE69528_Healthy",0.289156626506024,1,0.747747747747748
"GSE69528_Healthy",0.301204819277108,1,0.747747747747748
"GSE69528_Healthy",0.313253012048193,1,0.747747747747748
"GSE69528_Healthy",0.325301204819277,1,0.747747747747748
"GSE69528_Healthy",0.337349397590361,1,0.747747747747748
"GSE69528_Healthy",0.349397590361446,1,0.747747747747748
"GSE69528_Healthy",0.36144578313253,1,0.747747747747748
"GSE69528_Healthy",0.373493975903614,1,0.747747747747748
"GSE69528_Healthy",0.385542168674699,1,0.747747747747748
"GSE69528_Healthy",0.397590361445783,1,0.747747747747748
"GSE69528_Healthy",0.409638554216867,1,0.747747747747748
"GSE69528_Healthy",0.421686746987952,1,0.747747747747748
"GSE69528_Healthy",0.433734939759036,1,0.747747747747748
"GSE69528_Healthy",0.44578313253012,1,0.747747747747748
"GSE69528_Healthy",0.457831325301205,1,0.747747747747748
"GSE69528_Healthy",0.469879518072289,1,0.747747747747748
"GSE69528_Healthy",0.481927710843373,1,0.747747747747748
"GSE69528_Healthy",0.493975903614458,1,0.747747747747748
"GSE69528_Healthy",0.506024096385542,1,0.747747747747748
"GSE69528_Healthy",0.518072289156627,1,0.747747747747748
"GSE69528_Healthy",0.530120481927711,1,0.747747747747748
"GSE69528_Healthy",0.542168674698795,1,0.747747747747748
"GSE69528_Healthy",0.55421686746988,1,0.747747747747748
"GSE69528_Healthy",0.566265060240964,1,0.747747747747748
"GSE69528_Healthy",0.578313253012048,1,0.747747747747748
"GSE69528_Healthy",0.590361445783133,1,0.747747747747748
"GSE69528_Healthy",0.602409638554217,1,0.747747747747748
"GSE69528_Healthy",0.614457831325301,1,0.747747747747748
"GSE69528_Healthy",0.626506024096386,1,0.747747747747748
"GSE69528_Healthy",0.63855421686747,1,0.747747747747748
"GSE69528_Healthy",0.650602409638554,1,0.747747747747748
"GSE69528_Healthy",0.662650602409639,1,0.747747747747748
"GSE69528_Healthy",0.674698795180723,1,0.747747747747748
"GSE69528_Healthy",0.686746987951807,1,0.747747747747748
"GSE69528_Healthy",0.698795180722892,1,0.747747747747748
"GSE69528_Healthy",0.710843373493976,1,0.747747747747748
"GSE69528_Healthy",0.72289156626506,1,0.747747747747748
"GSE69528_Healthy",0.734939759036145,1,0.747747747747748
"GSE69528_Healthy",0.746987951807229,1,0.747747747747748
"GSE69528_Healthy",0.759036144578313,1,0.747747747747748
"GSE69528_Healthy",0.771084337349398,1,0.747747747747748
"GSE69528_Healthy",0.783132530120482,1,0.747747747747748
"GSE69528_Healthy",0.795180722891566,1,0.747747747747748
"GSE69528_Healthy",0.807228915662651,1,0.747747747747748
"GSE69528_Healthy",0.819277108433735,1,0.747747747747748
"GSE69528_Healthy",0.831325301204819,1,0.747747747747748
"GSE69528_Healthy",0.843373493975904,1,0.747747747747748
"GSE69528_Healthy",0.855421686746988,1,0.747747747747748
"GSE69528_Healthy",0.867469879518072,1,0.747747747747748
"GSE69528_Healthy",0.879518072289157,1,0.747747747747748
"GSE69528_Healthy",0.891566265060241,1,0.747747747747748
"GSE69528_Healthy",0.903614457831325,1,0.747747747747748
"GSE69528_Healthy",0.91566265060241,1,0.747747747747748
"GSE69528_Healthy",0.927710843373494,1,0.747747747747748
"GSE69528_Healthy",0.939759036144578,1,0.747747747747748
"GSE69528_Healthy",0.951807228915663,1,0.747747747747748
"GSE69528_Healthy",0.951807228915663,0.9875,0.747747747747748
"GSE69528_Healthy",0.951807228915663,0.975308641975309,0.747747747747748
"GSE69528_Healthy",0.963855421686747,0.975609756097561,0.747747747747748
"GSE69528_Healthy",0.975903614457831,0.975903614457831,0.747747747747748
"GSE69528_Healthy",0.975903614457831,0.964285714285714,0.747747747747748
"GSE69528_Healthy",0.975903614457831,0.952941176470588,0.747747747747748
"GSE69528_Healthy",0.975903614457831,0.941860465116279,0.747747747747748
"GSE69528_Healthy",0.975903614457831,0.931034482758621,0.747747747747748
"GSE69528_Healthy",0.975903614457831,0.920454545454545,0.747747747747748
"GSE69528_Healthy",0.975903614457831,0.910112359550562,0.747747747747748
"GSE69528_Healthy",0.987951807228916,0.911111111111111,0.747747747747748
"GSE69528_Healthy",0.987951807228916,0.901098901098901,0.747747747747748
"GSE69528_Healthy",0.987951807228916,0.891304347826087,0.747747747747748
"GSE69528_Healthy",0.987951807228916,0.881720430107527,0.747747747747748
"GSE69528_Healthy",0.987951807228916,0.872340425531915,0.747747747747748
"GSE69528_Healthy",0.987951807228916,0.863157894736842,0.747747747747748
"GSE69528_Healthy",0.987951807228916,0.854166666666667,0.747747747747748
"GSE69528_Healthy",0.987951807228916,0.845360824742268,0.747747747747748
"GSE69528_Healthy",0.987951807228916,0.836734693877551,0.747747747747748
"GSE69528_Healthy",0.987951807228916,0.828282828282828,0.747747747747748
"GSE69528_Healthy",0.987951807228916,0.82,0.747747747747748
"GSE69528_Healthy",0.987951807228916,0.811881188118812,0.747747747747748
"GSE69528_Healthy",0.987951807228916,0.803921568627451,0.747747747747748
"GSE69528_Healthy",0.987951807228916,0.796116504854369,0.747747747747748
"GSE69528_Healthy",0.987951807228916,0.788461538461538,0.747747747747748
"GSE69528_Healthy",0.987951807228916,0.780952380952381,0.747747747747748
"GSE69528_Healthy",0.987951807228916,0.773584905660377,0.747747747747748
"GSE69528_Healthy",0.987951807228916,0.766355140186916,0.747747747747748
"GSE69528_Healthy",0.987951807228916,0.759259259259259,0.747747747747748
"GSE69528_Healthy",0.987951807228916,0.752293577981651,0.747747747747748
"GSE69528_Healthy",0.987951807228916,0.745454545454545,0.747747747747748
"GSE69528_Healthy",1,0.747747747747748,0.747747747747748
"GSE69528_ChronicDisease",0.0120481927710843,1,0.754545454545455
"GSE69528_ChronicDisease",0.0240963855421687,1,0.754545454545455
"GSE69528_ChronicDisease",0.036144578313253,1,0.754545454545455
"GSE69528_ChronicDisease",0.0481927710843374,1,0.754545454545455
"GSE69528_ChronicDisease",0.0602409638554217,1,0.754545454545455
"GSE69528_ChronicDisease",0.072289156626506,1,0.754545454545455
"GSE69528_ChronicDisease",0.0843373493975904,1,0.754545454545455
"GSE69528_ChronicDisease",0.0963855421686747,1,0.754545454545455
"GSE69528_ChronicDisease",0.108433734939759,1,0.754545454545455
"GSE69528_ChronicDisease",0.120481927710843,1,0.754545454545455
"GSE69528_ChronicDisease",0.132530120481928,1,0.754545454545455
"GSE69528_ChronicDisease",0.144578313253012,1,0.754545454545455
"GSE69528_ChronicDisease",0.156626506024096,1,0.754545454545455
"GSE69528_ChronicDisease",0.168674698795181,1,0.754545454545455
"GSE69528_ChronicDisease",0.180722891566265,1,0.754545454545455
"GSE69528_ChronicDisease",0.192771084337349,1,0.754545454545455
"GSE69528_ChronicDisease",0.204819277108434,1,0.754545454545455
"GSE69528_ChronicDisease",0.216867469879518,1,0.754545454545455
"GSE69528_ChronicDisease",0.228915662650602,1,0.754545454545455
"GSE69528_ChronicDisease",0.240963855421687,1,0.754545454545455
"GSE69528_ChronicDisease",0.253012048192771,1,0.754545454545455
"GSE69528_ChronicDisease",0.265060240963855,1,0.754545454545455
"GSE69528_ChronicDisease",0.27710843373494,1,0.754545454545455
"GSE69528_ChronicDisease",0.289156626506024,1,0.754545454545455
"GSE69528_ChronicDisease",0.301204819277108,1,0.754545454545455
"GSE69528_ChronicDisease",0.313253012048193,1,0.754545454545455
"GSE69528_ChronicDisease",0.325301204819277,1,0.754545454545455
"GSE69528_ChronicDisease",0.337349397590361,1,0.754545454545455
"GSE69528_ChronicDisease",0.349397590361446,1,0.754545454545455
"GSE69528_ChronicDisease",0.36144578313253,1,0.754545454545455
"GSE69528_ChronicDisease",0.373493975903614,1,0.754545454545455
"GSE69528_ChronicDisease",0.385542168674699,1,0.754545454545455
"GSE69528_ChronicDisease",0.397590361445783,1,0.754545454545455
"GSE69528_ChronicDisease",0.409638554216867,1,0.754545454545455
"GSE69528_ChronicDisease",0.421686746987952,1,0.754545454545455
"GSE69528_ChronicDisease",0.433734939759036,1,0.754545454545455
"GSE69528_ChronicDisease",0.44578313253012,1,0.754545454545455
"GSE69528_ChronicDisease",0.457831325301205,1,0.754545454545455
"GSE69528_ChronicDisease",0.469879518072289,1,0.754545454545455
"GSE69528_ChronicDisease",0.481927710843373,1,0.754545454545455
"GSE69528_ChronicDisease",0.493975903614458,1,0.754545454545455
"GSE69528_ChronicDisease",0.506024096385542,1,0.754545454545455
"GSE69528_ChronicDisease",0.518072289156627,1,0.754545454545455
"GSE69528_ChronicDisease",0.530120481927711,1,0.754545454545455
"GSE69528_ChronicDisease",0.542168674698795,1,0.754545454545455
"GSE69528_ChronicDisease",0.55421686746988,1,0.754545454545455
"GSE69528_ChronicDisease",0.566265060240964,1,0.754545454545455
"GSE69528_ChronicDisease",0.578313253012048,1,0.754545454545455
"GSE69528_ChronicDisease",0.590361445783133,1,0.754545454545455
"GSE69528_ChronicDisease",0.602409638554217,1,0.754545454545455
"GSE69528_ChronicDisease",0.614457831325301,1,0.754545454545455
"GSE69528_ChronicDisease",0.626506024096386,1,0.754545454545455
"GSE69528_ChronicDisease",0.63855421686747,1,0.754545454545455
"GSE69528_ChronicDisease",0.650602409638554,1,0.754545454545455
"GSE69528_ChronicDisease",0.662650602409639,1,0.754545454545455
"GSE69528_ChronicDisease",0.674698795180723,1,0.754545454545455
"GSE69528_ChronicDisease",0.686746987951807,1,0.754545454545455
"GSE69528_ChronicDisease",0.698795180722892,1,0.754545454545455
"GSE69528_ChronicDisease",0.710843373493976,1,0.754545454545455
"GSE69528_ChronicDisease",0.72289156626506,1,0.754545454545455
"GSE69528_ChronicDisease",0.734939759036145,1,0.754545454545455
"GSE69528_ChronicDisease",0.746987951807229,1,0.754545454545455
"GSE69528_ChronicDisease",0.759036144578313,1,0.754545454545455
"GSE69528_ChronicDisease",0.771084337349398,1,0.754545454545455
"GSE69528_ChronicDisease",0.783132530120482,1,0.754545454545455
"GSE69528_ChronicDisease",0.795180722891566,1,0.754545454545455
"GSE69528_ChronicDisease",0.807228915662651,1,0.754545454545455
"GSE69528_ChronicDisease",0.819277108433735,1,0.754545454545455
"GSE69528_ChronicDisease",0.831325301204819,1,0.754545454545455
"GSE69528_ChronicDisease",0.843373493975904,1,0.754545454545455
"GSE69528_ChronicDisease",0.855421686746988,1,0.754545454545455
"GSE69528_ChronicDisease",0.855421686746988,0.986111111111111,0.754545454545455
"GSE69528_ChronicDisease",0.867469879518072,0.986301369863014,0.754545454545455
"GSE69528_ChronicDisease",0.867469879518072,0.972972972972973,0.754545454545455
"GSE69528_ChronicDisease",0.879518072289157,0.973333333333333,0.754545454545455
"GSE69528_ChronicDisease",0.891566265060241,0.973684210526316,0.754545454545455
"GSE69528_ChronicDisease",0.903614457831325,0.974025974025974,0.754545454545455
"GSE69528_ChronicDisease",0.91566265060241,0.974358974358974,0.754545454545455
"GSE69528_ChronicDisease",0.927710843373494,0.974683544303797,0.754545454545455
"GSE69528_ChronicDisease",0.939759036144578,0.975,0.754545454545455
"GSE69528_ChronicDisease",0.951807228915663,0.975308641975309,0.754545454545455
"GSE69528_ChronicDisease",0.951807228915663,0.963414634146341,0.754545454545455
"GSE69528_ChronicDisease",0.951807228915663,0.951807228915663,0.754545454545455
"GSE69528_ChronicDisease",0.963855421686747,0.952380952380952,0.754545454545455
"GSE69528_ChronicDisease",0.963855421686747,0.941176470588235,0.754545454545455
"GSE69528_ChronicDisease",0.963855421686747,0.930232558139535,0.754545454545455
"GSE69528_ChronicDisease",0.975903614457831,0.931034482758621,0.754545454545455
"GSE69528_ChronicDisease",0.975903614457831,0.920454545454545,0.754545454545455
"GSE69528_ChronicDisease",0.975903614457831,0.910112359550562,0.754545454545455
"GSE69528_ChronicDisease",0.975903614457831,0.9,0.754545454545455
"GSE69528_ChronicDisease",0.975903614457831,0.89010989010989,0.754545454545455
"GSE69528_ChronicDisease",0.975903614457831,0.880434782608696,0.754545454545455
"GSE69528_ChronicDisease",0.975903614457831,0.870967741935484,0.754545454545455
"GSE69528_ChronicDisease",0.987951807228916,0.872340425531915,0.754545454545455
"GSE69528_ChronicDisease",0.987951807228916,0.863157894736842,0.754545454545455
"GSE69528_ChronicDisease",0.987951807228916,0.854166666666667,0.754545454545455
"GSE69528_ChronicDisease",0.987951807228916,0.845360824742268,0.754545454545455
"GSE69528_ChronicDisease",0.987951807228916,0.836734693877551,0.754545454545455
"GSE69528_ChronicDisease",0.987951807228916,0.828282828282828,0.754545454545455
"GSE69528_ChronicDisease",0.987951807228916,0.82,0.754545454545455
"GSE69528_ChronicDisease",0.987951807228916,0.811881188118812,0.754545454545455
"GSE69528_ChronicDisease",0.987951807228916,0.803921568627451,0.754545454545455
"GSE69528_ChronicDisease",0.987951807228916,0.796116504854369,0.754545454545455
"GSE69528_ChronicDisease",0.987951807228916,0.788461538461538,0.754545454545455
"GSE69528_ChronicDisease",0.987951807228916,0.780952380952381,0.754545454545455
"GSE69528_ChronicDisease",0.987951807228916,0.773584905660377,0.754545454545455
"GSE69528_ChronicDisease",0.987951807228916,0.766355140186916,0.754545454545455
"GSE69528_ChronicDisease",0.987951807228916,0.759259259259259,0.754545454545455
"GSE69528_ChronicDisease",0.987951807228916,0.752293577981651,0.754545454545455
"GSE69528_ChronicDisease",1,0.754545454545455,0.754545454545455
"GSE9692_Healthy",0.0333333333333333,1,0.666666666666667
"GSE9692_Healthy",0.0666666666666667,1,0.666666666666667
"GSE9692_Healthy",0.1,1,0.666666666666667
"GSE9692_Healthy",0.133333333333333,1,0.666666666666667
"GSE9692_Healthy",0.166666666666667,1,0.666666666666667
"GSE9692_Healthy",0.2,1,0.666666666666667
"GSE9692_Healthy",0.233333333333333,1,0.666666666666667
"GSE9692_Healthy",0.266666666666667,1,0.666666666666667
"GSE9692_Healthy",0.3,1,0.666666666666667
"GSE9692_Healthy",0.333333333333333,1,0.666666666666667
"GSE9692_Healthy",0.366666666666667,1,0.666666666666667
"GSE9692_Healthy",0.4,1,0.666666666666667
"GSE9692_Healthy",0.433333333333333,1,0.666666666666667
"GSE9692_Healthy",0.466666666666667,1,0.666666666666667
"GSE9692_Healthy",0.466666666666667,0.933333333333333,0.666666666666667
"GSE9692_Healthy",0.5,0.9375,0.666666666666667
"GSE9692_Healthy",0.533333333333333,0.941176470588235,0.666666666666667
"GSE9692_Healthy",0.533333333333333,0.888888888888889,0.666666666666667
"GSE9692_Healthy",0.566666666666667,0.894736842105263,0.666666666666667
"GSE9692_Healthy",0.6,0.9,0.666666666666667
"GSE9692_Healthy",0.6,0.857142857142857,0.666666666666667
"GSE9692_Healthy",0.633333333333333,0.863636363636364,0.666666666666667
"GSE9692_Healthy",0.633333333333333,0.826086956521739,0.666666666666667
"GSE9692_Healthy",0.666666666666667,0.833333333333333,0.666666666666667
"GSE9692_Healthy",0.666666666666667,0.8,0.666666666666667
"GSE9692_Healthy",0.7,0.807692307692308,0.666666666666667
"GSE9692_Healthy",0.7,0.777777777777778,0.666666666666667
"GSE9692_Healthy",0.733333333333333,0.785714285714286,0.666666666666667
"GSE9692_Healthy",0.766666666666667,0.793103448275862,0.666666666666667
"GSE9692_Healthy",0.8,0.8,0.666666666666667
"GSE9692_Healthy",0.833333333333333,0.806451612903226,0.666666666666667
"GSE9692_Healthy",0.866666666666667,0.8125,0.666666666666667
"GSE9692_Healthy",0.9,0.818181818181818,0.666666666666667
"GSE9692_Healthy",0.933333333333333,0.823529411764706,0.666666666666667
"GSE9692_Healthy",0.966666666666667,0.828571428571429,0.666666666666667
"GSE9692_Healthy",0.966666666666667,0.805555555555556,0.666666666666667
"GSE9692_Healthy",1,0.810810810810811,0.666666666666667
"GSE9692_Healthy",1,0.789473684210526,0.666666666666667
"GSE9692_Healthy",1,0.769230769230769,0.666666666666667
"GSE9692_Healthy",1,0.75,0.666666666666667
"GSE9692_Healthy",1,0.731707317073171,0.666666666666667
"GSE9692_Healthy",1,0.714285714285714,0.666666666666667
"GSE9692_Healthy",1,0.697674418604651,0.666666666666667
"GSE9692_Healthy",1,0.681818181818182,0.666666666666667
"GSE9692_Healthy",1,0.666666666666667,0.666666666666667
"GSE134347_Healthy",0.00641025641025641,1,0.652719665271967
"GSE134347_Healthy",0.0128205128205128,1,0.652719665271967
"GSE134347_Healthy",0.0192307692307692,1,0.652719665271967
"GSE134347_Healthy",0.0256410256410256,1,0.652719665271967
"GSE134347_Healthy",0.032051282051282,1,0.652719665271967
"GSE134347_Healthy",0.0384615384615385,1,0.652719665271967
"GSE134347_Healthy",0.0448717948717949,1,0.652719665271967
"GSE134347_Healthy",0.0512820512820513,1,0.652719665271967
"GSE134347_Healthy",0.0576923076923077,1,0.652719665271967
"GSE134347_Healthy",0.0641025641025641,1,0.652719665271967
"GSE134347_Healthy",0.0705128205128205,1,0.652719665271967
"GSE134347_Healthy",0.0769230769230769,1,0.652719665271967
"GSE134347_Healthy",0.0833333333333333,1,0.652719665271967
"GSE134347_Healthy",0.0897435897435897,1,0.652719665271967
"GSE134347_Healthy",0.0961538461538462,1,0.652719665271967
"GSE134347_Healthy",0.102564102564103,1,0.652719665271967
"GSE134347_Healthy",0.108974358974359,1,0.652719665271967
"GSE134347_Healthy",0.115384615384615,1,0.652719665271967
"GSE134347_Healthy",0.121794871794872,1,0.652719665271967
"GSE134347_Healthy",0.128205128205128,1,0.652719665271967
"GSE134347_Healthy",0.134615384615385,1,0.652719665271967
"GSE134347_Healthy",0.141025641025641,1,0.652719665271967
"GSE134347_Healthy",0.147435897435897,1,0.652719665271967
"GSE134347_Healthy",0.153846153846154,1,0.652719665271967
"GSE134347_Healthy",0.16025641025641,1,0.652719665271967
"GSE134347_Healthy",0.166666666666667,1,0.652719665271967
"GSE134347_Healthy",0.173076923076923,1,0.652719665271967
"GSE134347_Healthy",0.179487179487179,1,0.652719665271967
"GSE134347_Healthy",0.185897435897436,1,0.652719665271967
"GSE134347_Healthy",0.192307692307692,1,0.652719665271967
"GSE134347_Healthy",0.198717948717949,1,0.652719665271967
"GSE134347_Healthy",0.205128205128205,1,0.652719665271967
"GSE134347_Healthy",0.211538461538462,1,0.652719665271967
"GSE134347_Healthy",0.217948717948718,1,0.652719665271967
"GSE134347_Healthy",0.224358974358974,1,0.652719665271967
"GSE134347_Healthy",0.230769230769231,1,0.652719665271967
"GSE134347_Healthy",0.237179487179487,1,0.652719665271967
"GSE134347_Healthy",0.243589743589744,1,0.652719665271967
"GSE134347_Healthy",0.25,1,0.652719665271967
"GSE134347_Healthy",0.256410256410256,1,0.652719665271967
"GSE134347_Healthy",0.262820512820513,1,0.652719665271967
"GSE134347_Healthy",0.269230769230769,1,0.652719665271967
"GSE134347_Healthy",0.275641025641026,1,0.652719665271967
"GSE134347_Healthy",0.282051282051282,1,0.652719665271967
"GSE134347_Healthy",0.288461538461538,1,0.652719665271967
"GSE134347_Healthy",0.294871794871795,1,0.652719665271967
"GSE134347_Healthy",0.301282051282051,1,0.652719665271967
"GSE134347_Healthy",0.307692307692308,1,0.652719665271967
"GSE134347_Healthy",0.314102564102564,1,0.652719665271967
"GSE134347_Healthy",0.320512820512821,1,0.652719665271967
"GSE134347_Healthy",0.326923076923077,1,0.652719665271967
"GSE134347_Healthy",0.333333333333333,1,0.652719665271967
"GSE134347_Healthy",0.33974358974359,1,0.652719665271967
"GSE134347_Healthy",0.346153846153846,1,0.652719665271967
"GSE134347_Healthy",0.352564102564103,1,0.652719665271967
"GSE134347_Healthy",0.358974358974359,1,0.652719665271967
"GSE134347_Healthy",0.365384615384615,1,0.652719665271967
"GSE134347_Healthy",0.371794871794872,1,0.652719665271967
"GSE134347_Healthy",0.378205128205128,1,0.652719665271967
"GSE134347_Healthy",0.384615384615385,1,0.652719665271967
"GSE134347_Healthy",0.391025641025641,1,0.652719665271967
"GSE134347_Healthy",0.397435897435897,1,0.652719665271967
"GSE134347_Healthy",0.403846153846154,1,0.652719665271967
"GSE134347_Healthy",0.41025641025641,1,0.652719665271967
"GSE134347_Healthy",0.416666666666667,1,0.652719665271967
"GSE134347_Healthy",0.423076923076923,1,0.652719665271967
"GSE134347_Healthy",0.429487179487179,1,0.652719665271967
"GSE134347_Healthy",0.435897435897436,1,0.652719665271967
"GSE134347_Healthy",0.442307692307692,1,0.652719665271967
"GSE134347_Healthy",0.448717948717949,1,0.652719665271967
"GSE134347_Healthy",0.455128205128205,1,0.652719665271967
"GSE134347_Healthy",0.461538461538462,1,0.652719665271967
"GSE134347_Healthy",0.467948717948718,1,0.652719665271967
"GSE134347_Healthy",0.474358974358974,1,0.652719665271967
"GSE134347_Healthy",0.480769230769231,1,0.652719665271967
"GSE134347_Healthy",0.487179487179487,1,0.652719665271967
"GSE134347_Healthy",0.493589743589744,1,0.652719665271967
"GSE134347_Healthy",0.5,1,0.652719665271967
"GSE134347_Healthy",0.506410256410256,1,0.652719665271967
"GSE134347_Healthy",0.512820512820513,1,0.652719665271967
"GSE134347_Healthy",0.519230769230769,1,0.652719665271967
"GSE134347_Healthy",0.525641025641026,1,0.652719665271967
"GSE134347_Healthy",0.532051282051282,1,0.652719665271967
"GSE134347_Healthy",0.538461538461538,1,0.652719665271967
"GSE134347_Healthy",0.544871794871795,1,0.652719665271967
"GSE134347_Healthy",0.551282051282051,1,0.652719665271967
"GSE134347_Healthy",0.557692307692308,1,0.652719665271967
"GSE134347_Healthy",0.564102564102564,1,0.652719665271967
"GSE134347_Healthy",0.57051282051282,1,0.652719665271967
"GSE134347_Healthy",0.576923076923077,1,0.652719665271967
"GSE134347_Healthy",0.583333333333333,1,0.652719665271967
"GSE134347_Healthy",0.58974358974359,1,0.652719665271967
"GSE134347_Healthy",0.596153846153846,1,0.652719665271967
"GSE134347_Healthy",0.602564102564103,1,0.652719665271967
"GSE134347_Healthy",0.608974358974359,1,0.652719665271967
"GSE134347_Healthy",0.615384615384615,1,0.652719665271967
"GSE134347_Healthy",0.621794871794872,1,0.652719665271967
"GSE134347_Healthy",0.628205128205128,1,0.652719665271967
"GSE134347_Healthy",0.634615384615385,1,0.652719665271967
"GSE134347_Healthy",0.641025641025641,1,0.652719665271967
"GSE134347_Healthy",0.647435897435897,1,0.652719665271967
"GSE134347_Healthy",0.653846153846154,1,0.652719665271967
"GSE134347_Healthy",0.66025641025641,1,0.652719665271967
"GSE134347_Healthy",0.666666666666667,1,0.652719665271967
"GSE134347_Healthy",0.673076923076923,1,0.652719665271967
"GSE134347_Healthy",0.67948717948718,1,0.652719665271967
"GSE134347_Healthy",0.685897435897436,1,0.652719665271967
"GSE134347_Healthy",0.692307692307692,1,0.652719665271967
"GSE134347_Healthy",0.698717948717949,1,0.652719665271967
"GSE134347_Healthy",0.705128205128205,1,0.652719665271967
"GSE134347_Healthy",0.711538461538462,1,0.652719665271967
"GSE134347_Healthy",0.717948717948718,1,0.652719665271967
"GSE134347_Healthy",0.724358974358974,1,0.652719665271967
"GSE134347_Healthy",0.730769230769231,1,0.652719665271967
"GSE134347_Healthy",0.737179487179487,1,0.652719665271967
"GSE134347_Healthy",0.743589743589744,1,0.652719665271967
"GSE134347_Healthy",0.75,1,0.652719665271967
"GSE134347_Healthy",0.756410256410256,1,0.652719665271967
"GSE134347_Healthy",0.762820512820513,1,0.652719665271967
"GSE134347_Healthy",0.769230769230769,1,0.652719665271967
"GSE134347_Healthy",0.775641025641026,1,0.652719665271967
"GSE134347_Healthy",0.782051282051282,1,0.652719665271967
"GSE134347_Healthy",0.788461538461538,1,0.652719665271967
"GSE134347_Healthy",0.794871794871795,1,0.652719665271967
"GSE134347_Healthy",0.801282051282051,1,0.652719665271967
"GSE134347_Healthy",0.807692307692308,1,0.652719665271967
"GSE134347_Healthy",0.814102564102564,1,0.652719665271967
"GSE134347_Healthy",0.82051282051282,1,0.652719665271967
"GSE134347_Healthy",0.826923076923077,1,0.652719665271967
"GSE134347_Healthy",0.833333333333333,1,0.652719665271967
"GSE134347_Healthy",0.83974358974359,1,0.652719665271967
"GSE134347_Healthy",0.846153846153846,1,0.652719665271967
"GSE134347_Healthy",0.852564102564103,1,0.652719665271967
"GSE134347_Healthy",0.858974358974359,1,0.652719665271967
"GSE134347_Healthy",0.865384615384615,1,0.652719665271967
"GSE134347_Healthy",0.871794871794872,1,0.652719665271967
"GSE134347_Healthy",0.878205128205128,1,0.652719665271967
"GSE134347_Healthy",0.884615384615385,1,0.652719665271967
"GSE134347_Healthy",0.891025641025641,1,0.652719665271967
"GSE134347_Healthy",0.897435897435897,1,0.652719665271967
"GSE134347_Healthy",0.903846153846154,1,0.652719665271967
"GSE134347_Healthy",0.91025641025641,1,0.652719665271967
"GSE134347_Healthy",0.916666666666667,1,0.652719665271967
"GSE134347_Healthy",0.923076923076923,1,0.652719665271967
"GSE134347_Healthy",0.92948717948718,1,0.652719665271967
"GSE134347_Healthy",0.935897435897436,1,0.652719665271967
"GSE134347_Healthy",0.942307692307692,1,0.652719665271967
"GSE134347_Healthy",0.948717948717949,1,0.652719665271967
"GSE134347_Healthy",0.955128205128205,1,0.652719665271967
"GSE134347_Healthy",0.955128205128205,0.993333333333333,0.652719665271967
"GSE134347_Healthy",0.961538461538462,0.993377483443709,0.652719665271967
"GSE134347_Healthy",0.967948717948718,0.993421052631579,0.652719665271967
"GSE134347_Healthy",0.974358974358974,0.993464052287582,0.652719665271967
"GSE134347_Healthy",0.980769230769231,0.993506493506494,0.652719665271967
"GSE134347_Healthy",0.980769230769231,0.987096774193548,0.652719665271967
"GSE134347_Healthy",0.987179487179487,0.987179487179487,0.652719665271967
"GSE134347_Healthy",0.993589743589744,0.987261146496815,0.652719665271967
"GSE134347_Healthy",0.993589743589744,0.981012658227848,0.652719665271967
"GSE134347_Healthy",0.993589743589744,0.974842767295597,0.652719665271967
"GSE134347_Healthy",1,0.975,0.652719665271967
"GSE134347_Healthy",1,0.968944099378882,0.652719665271967
"GSE134347_Healthy",1,0.962962962962963,0.652719665271967
"GSE134347_Healthy",1,0.957055214723926,0.652719665271967
"GSE134347_Healthy",1,0.951219512195122,0.652719665271967
"GSE134347_Healthy",1,0.945454545454545,0.652719665271967
"GSE134347_Healthy",1,0.939759036144578,0.652719665271967
"GSE134347_Healthy",1,0.934131736526946,0.652719665271967
"GSE134347_Healthy",1,0.928571428571429,0.652719665271967
"GSE134347_Healthy",1,0.923076923076923,0.652719665271967
"GSE134347_Healthy",1,0.917647058823529,0.652719665271967
"GSE134347_Healthy",1,0.912280701754386,0.652719665271967
"GSE134347_Healthy",1,0.906976744186046,0.652719665271967
"GSE134347_Healthy",1,0.901734104046243,0.652719665271967
"GSE134347_Healthy",1,0.896551724137931,0.652719665271967
"GSE134347_Healthy",1,0.891428571428571,0.652719665271967
"GSE134347_Healthy",1,0.886363636363636,0.652719665271967
"GSE134347_Healthy",1,0.88135593220339,0.652719665271967
"GSE134347_Healthy",1,0.876404494382023,0.652719665271967
"GSE134347_Healthy",1,0.871508379888268,0.652719665271967
"GSE134347_Healthy",1,0.866666666666667,0.652719665271967
"GSE134347_Healthy",1,0.861878453038674,0.652719665271967
"GSE134347_Healthy",1,0.857142857142857,0.652719665271967
"GSE134347_Healthy",1,0.852459016393443,0.652719665271967
"GSE134347_Healthy",1,0.847826086956522,0.652719665271967
"GSE134347_Healthy",1,0.843243243243243,0.652719665271967
"GSE134347_Healthy",1,0.838709677419355,0.652719665271967
"GSE134347_Healthy",1,0.834224598930481,0.652719665271967
"GSE134347_Healthy",1,0.829787234042553,0.652719665271967
"GSE134347_Healthy",1,0.825396825396825,0.652719665271967
"GSE134347_Healthy",1,0.821052631578947,0.652719665271967
"GSE134347_Healthy",1,0.816753926701571,0.652719665271967
"GSE134347_Healthy",1,0.8125,0.652719665271967
"GSE134347_Healthy",1,0.808290155440414,0.652719665271967
"GSE134347_Healthy",1,0.804123711340206,0.652719665271967
"GSE134347_Healthy",1,0.8,0.652719665271967
"GSE134347_Healthy",1,0.795918367346939,0.652719665271967
"GSE134347_Healthy",1,0.791878172588833,0.652719665271967
"GSE134347_Healthy",1,0.787878787878788,0.652719665271967
"GSE134347_Healthy",1,0.78391959798995,0.652719665271967
"GSE134347_Healthy",1,0.78,0.652719665271967
"GSE134347_Healthy",1,0.776119402985075,0.652719665271967
"GSE134347_Healthy",1,0.772277227722772,0.652719665271967
"GSE134347_Healthy",1,0.768472906403941,0.652719665271967
"GSE134347_Healthy",1,0.764705882352941,0.652719665271967
"GSE134347_Healthy",1,0.760975609756098,0.652719665271967
"GSE134347_Healthy",1,0.757281553398058,0.652719665271967
"GSE134347_Healthy",1,0.753623188405797,0.652719665271967
"GSE134347_Healthy",1,0.75,0.652719665271967
"GSE134347_Healthy",1,0.746411483253589,0.652719665271967
"GSE134347_Healthy",1,0.742857142857143,0.652719665271967
"GSE134347_Healthy",1,0.739336492890995,0.652719665271967
"GSE134347_Healthy",1,0.735849056603774,0.652719665271967
"GSE134347_Healthy",1,0.732394366197183,0.652719665271967
"GSE134347_Healthy",1,0.728971962616822,0.652719665271967
"GSE134347_Healthy",1,0.725581395348837,0.652719665271967
"GSE134347_Healthy",1,0.722222222222222,0.652719665271967
"GSE134347_Healthy",1,0.71889400921659,0.652719665271967
"GSE134347_Healthy",1,0.715596330275229,0.652719665271967
"GSE134347_Healthy",1,0.712328767123288,0.652719665271967
"GSE134347_Healthy",1,0.709090909090909,0.652719665271967
"GSE134347_Healthy",1,0.705882352941177,0.652719665271967
"GSE134347_Healthy",1,0.702702702702703,0.652719665271967
"GSE134347_Healthy",1,0.699551569506726,0.652719665271967
"GSE134347_Healthy",1,0.696428571428571,0.652719665271967
"GSE134347_Healthy",1,0.693333333333333,0.652719665271967
"GSE134347_Healthy",1,0.690265486725664,0.652719665271967
"GSE134347_Healthy",1,0.687224669603524,0.652719665271967
"GSE134347_Healthy",1,0.684210526315789,0.652719665271967
"GSE134347_Healthy",1,0.681222707423581,0.652719665271967
"GSE134347_Healthy",1,0.678260869565217,0.652719665271967
"GSE134347_Healthy",1,0.675324675324675,0.652719665271967
"GSE134347_Healthy",1,0.672413793103448,0.652719665271967
"GSE134347_Healthy",1,0.669527896995708,0.652719665271967
"GSE134347_Healthy",1,0.666666666666667,0.652719665271967
"GSE134347_Healthy",1,0.663829787234043,0.652719665271967
"GSE134347_Healthy",1,0.661016949152542,0.652719665271967
"GSE134347_Healthy",1,0.658227848101266,0.652719665271967
"GSE134347_Healthy",1,0.65546218487395,0.652719665271967
"GSE134347_Healthy",1,0.652719665271967,0.652719665271967
"GSE134347_NoninfectiousICU",0.00641025641025641,1,0.725581395348837
"GSE134347_NoninfectiousICU",0.0128205128205128,1,0.725581395348837
"GSE134347_NoninfectiousICU",0.0192307692307692,1,0.725581395348837
"GSE134347_NoninfectiousICU",0.0256410256410256,1,0.725581395348837
"GSE134347_NoninfectiousICU",0.032051282051282,1,0.725581395348837
"GSE134347_NoninfectiousICU",0.0384615384615385,1,0.725581395348837
"GSE134347_NoninfectiousICU",0.0448717948717949,1,0.725581395348837
"GSE134347_NoninfectiousICU",0.0512820512820513,1,0.725581395348837
"GSE134347_NoninfectiousICU",0.0576923076923077,1,0.725581395348837
"GSE134347_NoninfectiousICU",0.0641025641025641,1,0.725581395348837
"GSE134347_NoninfectiousICU",0.0705128205128205,1,0.725581395348837
"GSE134347_NoninfectiousICU",0.0769230769230769,1,0.725581395348837
"GSE134347_NoninfectiousICU",0.0833333333333333,1,0.725581395348837
"GSE134347_NoninfectiousICU",0.0897435897435897,1,0.725581395348837
"GSE134347_NoninfectiousICU",0.0961538461538462,1,0.725581395348837
"GSE134347_NoninfectiousICU",0.102564102564103,1,0.725581395348837
"GSE134347_NoninfectiousICU",0.108974358974359,1,0.725581395348837
"GSE134347_NoninfectiousICU",0.115384615384615,1,0.725581395348837
"GSE134347_NoninfectiousICU",0.121794871794872,1,0.725581395348837
"GSE134347_NoninfectiousICU",0.128205128205128,1,0.725581395348837
"GSE134347_NoninfectiousICU",0.134615384615385,1,0.725581395348837
"GSE134347_NoninfectiousICU",0.141025641025641,1,0.725581395348837
"GSE134347_NoninfectiousICU",0.141025641025641,0.956521739130435,0.725581395348837
"GSE134347_NoninfectiousICU",0.147435897435897,0.958333333333333,0.725581395348837
"GSE134347_NoninfectiousICU",0.153846153846154,0.96,0.725581395348837
"GSE134347_NoninfectiousICU",0.153846153846154,0.923076923076923,0.725581395348837
"GSE134347_NoninfectiousICU",0.16025641025641,0.925925925925926,0.725581395348837
"GSE134347_NoninfectiousICU",0.166666666666667,0.928571428571429,0.725581395348837
"GSE134347_NoninfectiousICU",0.173076923076923,0.931034482758621,0.725581395348837
"GSE134347_NoninfectiousICU",0.179487179487179,0.933333333333333,0.725581395348837
"GSE134347_NoninfectiousICU",0.185897435897436,0.935483870967742,0.725581395348837
"GSE134347_NoninfectiousICU",0.185897435897436,0.90625,0.725581395348837
"GSE134347_NoninfectiousICU",0.192307692307692,0.909090909090909,0.725581395348837
"GSE134347_NoninfectiousICU",0.192307692307692,0.882352941176471,0.725581395348837
"GSE134347_NoninfectiousICU",0.198717948717949,0.885714285714286,0.725581395348837
"GSE134347_NoninfectiousICU",0.205128205128205,0.888888888888889,0.725581395348837
"GSE134347_NoninfectiousICU",0.211538461538462,0.891891891891892,0.725581395348837
"GSE134347_NoninfectiousICU",0.217948717948718,0.894736842105263,0.725581395348837
"GSE134347_NoninfectiousICU",0.224358974358974,0.897435897435897,0.725581395348837
"GSE134347_NoninfectiousICU",0.230769230769231,0.9,0.725581395348837
"GSE134347_NoninfectiousICU",0.237179487179487,0.902439024390244,0.725581395348837
"GSE134347_NoninfectiousICU",0.237179487179487,0.880952380952381,0.725581395348837
"GSE134347_NoninfectiousICU",0.237179487179487,0.86046511627907,0.725581395348837
"GSE134347_NoninfectiousICU",0.243589743589744,0.863636363636364,0.725581395348837
"GSE134347_NoninfectiousICU",0.25,0.866666666666667,0.725581395348837
"GSE134347_NoninfectiousICU",0.25,0.847826086956522,0.725581395348837
"GSE134347_NoninfectiousICU",0.256410256410256,0.851063829787234,0.725581395348837
"GSE134347_NoninfectiousICU",0.262820512820513,0.854166666666667,0.725581395348837
"GSE134347_NoninfectiousICU",0.269230769230769,0.857142857142857,0.725581395348837
"GSE134347_NoninfectiousICU",0.275641025641026,0.86,0.725581395348837
"GSE134347_NoninfectiousICU",0.282051282051282,0.862745098039216,0.725581395348837
"GSE134347_NoninfectiousICU",0.288461538461538,0.865384615384615,0.725581395348837
"GSE134347_NoninfectiousICU",0.294871794871795,0.867924528301887,0.725581395348837
"GSE134347_NoninfectiousICU",0.301282051282051,0.87037037037037,0.725581395348837
"GSE134347_NoninfectiousICU",0.307692307692308,0.872727272727273,0.725581395348837
"GSE134347_NoninfectiousICU",0.314102564102564,0.875,0.725581395348837
"GSE134347_NoninfectiousICU",0.320512820512821,0.87719298245614,0.725581395348837
"GSE134347_NoninfectiousICU",0.326923076923077,0.879310344827586,0.725581395348837
"GSE134347_NoninfectiousICU",0.333333333333333,0.88135593220339,0.725581395348837
"GSE134347_NoninfectiousICU",0.33974358974359,0.883333333333333,0.725581395348837
"GSE134347_NoninfectiousICU",0.346153846153846,0.885245901639344,0.725581395348837
"GSE134347_NoninfectiousICU",0.346153846153846,0.870967741935484,0.725581395348837
"GSE134347_NoninfectiousICU",0.352564102564103,0.873015873015873,0.725581395348837
"GSE134347_NoninfectiousICU",0.358974358974359,0.875,0.725581395348837
"GSE134347_NoninfectiousICU",0.365384615384615,0.876923076923077,0.725581395348837
"GSE134347_NoninfectiousICU",0.371794871794872,0.878787878787879,0.725581395348837
"GSE134347_NoninfectiousICU",0.378205128205128,0.880597014925373,0.725581395348837
"GSE134347_NoninfectiousICU",0.384615384615385,0.882352941176471,0.725581395348837
"GSE134347_NoninfectiousICU",0.384615384615385,0.869565217391304,0.725581395348837
"GSE134347_NoninfectiousICU",0.391025641025641,0.871428571428571,0.725581395348837
"GSE134347_NoninfectiousICU",0.397435897435897,0.873239436619718,0.725581395348837
"GSE134347_NoninfectiousICU",0.397435897435897,0.861111111111111,0.725581395348837
"GSE134347_NoninfectiousICU",0.403846153846154,0.863013698630137,0.725581395348837
"GSE134347_NoninfectiousICU",0.41025641025641,0.864864864864865,0.725581395348837
"GSE134347_NoninfectiousICU",0.416666666666667,0.866666666666667,0.725581395348837
"GSE134347_NoninfectiousICU",0.423076923076923,0.868421052631579,0.725581395348837
"GSE134347_NoninfectiousICU",0.429487179487179,0.87012987012987,0.725581395348837
"GSE134347_NoninfectiousICU",0.435897435897436,0.871794871794872,0.725581395348837
"GSE134347_NoninfectiousICU",0.442307692307692,0.873417721518987,0.725581395348837
"GSE134347_NoninfectiousICU",0.448717948717949,0.875,0.725581395348837
"GSE134347_NoninfectiousICU",0.448717948717949,0.864197530864197,0.725581395348837
"GSE134347_NoninfectiousICU",0.455128205128205,0.865853658536585,0.725581395348837
"GSE134347_NoninfectiousICU",0.461538461538462,0.867469879518072,0.725581395348837
"GSE134347_NoninfectiousICU",0.467948717948718,0.869047619047619,0.725581395348837
"GSE134347_NoninfectiousICU",0.467948717948718,0.858823529411765,0.725581395348837
"GSE134347_NoninfectiousICU",0.474358974358974,0.86046511627907,0.725581395348837
"GSE134347_NoninfectiousICU",0.480769230769231,0.862068965517241,0.725581395348837
"GSE134347_NoninfectiousICU",0.487179487179487,0.863636363636364,0.725581395348837
"GSE134347_NoninfectiousICU",0.493589743589744,0.865168539325843,0.725581395348837
"GSE134347_NoninfectiousICU",0.5,0.866666666666667,0.725581395348837
"GSE134347_NoninfectiousICU",0.506410256410256,0.868131868131868,0.725581395348837
"GSE134347_NoninfectiousICU",0.512820512820513,0.869565217391304,0.725581395348837
"GSE134347_NoninfectiousICU",0.512820512820513,0.860215053763441,0.725581395348837
"GSE134347_NoninfectiousICU",0.519230769230769,0.861702127659574,0.725581395348837
"GSE134347_NoninfectiousICU",0.525641025641026,0.863157894736842,0.725581395348837
"GSE134347_NoninfectiousICU",0.532051282051282,0.864583333333333,0.725581395348837
"GSE134347_NoninfectiousICU",0.532051282051282,0.855670103092783,0.725581395348837
"GSE134347_NoninfectiousICU",0.538461538461538,0.857142857142857,0.725581395348837
"GSE134347_NoninfectiousICU",0.544871794871795,0.858585858585859,0.725581395348837
"GSE134347_NoninfectiousICU",0.551282051282051,0.86,0.725581395348837
"GSE134347_NoninfectiousICU",0.557692307692308,0.861386138613861,0.725581395348837
"GSE134347_NoninfectiousICU",0.557692307692308,0.852941176470588,0.725581395348837
"GSE134347_NoninfectiousICU",0.564102564102564,0.854368932038835,0.725581395348837
"GSE134347_NoninfectiousICU",0.57051282051282,0.855769230769231,0.725581395348837
"GSE134347_NoninfectiousICU",0.576923076923077,0.857142857142857,0.725581395348837
"GSE134347_NoninfectiousICU",0.576923076923077,0.849056603773585,0.725581395348837
"GSE134347_NoninfectiousICU",0.583333333333333,0.850467289719626,0.725581395348837
"GSE134347_NoninfectiousICU",0.583333333333333,0.842592592592593,0.725581395348837
"GSE134347_NoninfectiousICU",0.58974358974359,0.844036697247706,0.725581395348837
"GSE134347_NoninfectiousICU",0.596153846153846,0.845454545454545,0.725581395348837
"GSE134347_NoninfectiousICU",0.602564102564103,0.846846846846847,0.725581395348837
"GSE134347_NoninfectiousICU",0.608974358974359,0.848214285714286,0.725581395348837
"GSE134347_NoninfectiousICU",0.615384615384615,0.849557522123894,0.725581395348837
"GSE134347_NoninfectiousICU",0.621794871794872,0.850877192982456,0.725581395348837
"GSE134347_NoninfectiousICU",0.628205128205128,0.852173913043478,0.725581395348837
"GSE134347_NoninfectiousICU",0.628205128205128,0.844827586206897,0.725581395348837
"GSE134347_NoninfectiousICU",0.634615384615385,0.846153846153846,0.725581395348837
"GSE134347_NoninfectiousICU",0.641025641025641,0.847457627118644,0.725581395348837
"GSE134347_NoninfectiousICU",0.647435897435897,0.848739495798319,0.725581395348837
"GSE134347_NoninfectiousICU",0.653846153846154,0.85,0.725581395348837
"GSE134347_NoninfectiousICU",0.66025641025641,0.851239669421488,0.725581395348837
"GSE134347_NoninfectiousICU",0.66025641025641,0.844262295081967,0.725581395348837
"GSE134347_NoninfectiousICU",0.666666666666667,0.845528455284553,0.725581395348837
"GSE134347_NoninfectiousICU",0.673076923076923,0.846774193548387,0.725581395348837
"GSE134347_NoninfectiousICU",0.673076923076923,0.84,0.725581395348837
"GSE134347_NoninfectiousICU",0.67948717948718,0.841269841269841,0.725581395348837
"GSE134347_NoninfectiousICU",0.67948717948718,0.834645669291339,0.725581395348837
"GSE134347_NoninfectiousICU",0.685897435897436,0.8359375,0.725581395348837
"GSE134347_NoninfectiousICU",0.692307692307692,0.837209302325581,0.725581395348837
"GSE134347_NoninfectiousICU",0.698717948717949,0.838461538461538,0.725581395348837
"GSE134347_NoninfectiousICU",0.705128205128205,0.83969465648855,0.725581395348837
"GSE134347_NoninfectiousICU",0.711538461538462,0.840909090909091,0.725581395348837
"GSE134347_NoninfectiousICU",0.711538461538462,0.834586466165414,0.725581395348837
"GSE134347_NoninfectiousICU",0.717948717948718,0.835820895522388,0.725581395348837
"GSE134347_NoninfectiousICU",0.724358974358974,0.837037037037037,0.725581395348837
"GSE134347_NoninfectiousICU",0.730769230769231,0.838235294117647,0.725581395348837
"GSE134347_NoninfectiousICU",0.730769230769231,0.832116788321168,0.725581395348837
"GSE134347_NoninfectiousICU",0.737179487179487,0.833333333333333,0.725581395348837
"GSE134347_NoninfectiousICU",0.743589743589744,0.834532374100719,0.725581395348837
"GSE134347_NoninfectiousICU",0.75,0.835714285714286,0.725581395348837
"GSE134347_NoninfectiousICU",0.756410256410256,0.836879432624113,0.725581395348837
"GSE134347_NoninfectiousICU",0.762820512820513,0.838028169014085,0.725581395348837
"GSE134347_NoninfectiousICU",0.762820512820513,0.832167832167832,0.725581395348837
"GSE134347_NoninfectiousICU",0.762820512820513,0.826388888888889,0.725581395348837
"GSE134347_NoninfectiousICU",0.769230769230769,0.827586206896552,0.725581395348837
"GSE134347_NoninfectiousICU",0.775641025641026,0.828767123287671,0.725581395348837
"GSE134347_NoninfectiousICU",0.782051282051282,0.829931972789116,0.725581395348837
"GSE134347_NoninfectiousICU",0.788461538461538,0.831081081081081,0.725581395348837
"GSE134347_NoninfectiousICU",0.794871794871795,0.832214765100671,0.725581395348837
"GSE134347_NoninfectiousICU",0.801282051282051,0.833333333333333,0.725581395348837
"GSE134347_NoninfectiousICU",0.807692307692308,0.834437086092715,0.725581395348837
"GSE134347_NoninfectiousICU",0.807692307692308,0.828947368421053,0.725581395348837
"GSE134347_NoninfectiousICU",0.814102564102564,0.830065359477124,0.725581395348837
"GSE134347_NoninfectiousICU",0.814102564102564,0.824675324675325,0.725581395348837
"GSE134347_NoninfectiousICU",0.814102564102564,0.819354838709677,0.725581395348837
"GSE134347_NoninfectiousICU",0.82051282051282,0.82051282051282,0.725581395348837
"GSE134347_NoninfectiousICU",0.826923076923077,0.821656050955414,0.725581395348837
"GSE134347_NoninfectiousICU",0.826923076923077,0.816455696202532,0.725581395348837
"GSE134347_NoninfectiousICU",0.833333333333333,0.817610062893082,0.725581395348837
"GSE134347_NoninfectiousICU",0.83974358974359,0.81875,0.725581395348837
"GSE134347_NoninfectiousICU",0.83974358974359,0.813664596273292,0.725581395348837
"GSE134347_NoninfectiousICU",0.83974358974359,0.808641975308642,0.725581395348837
"GSE134347_NoninfectiousICU",0.846153846153846,0.809815950920245,0.725581395348837
"GSE134347_NoninfectiousICU",0.846153846153846,0.804878048780488,0.725581395348837
"GSE134347_NoninfectiousICU",0.852564102564103,0.806060606060606,0.725581395348837
"GSE134347_NoninfectiousICU",0.858974358974359,0.807228915662651,0.725581395348837
"GSE134347_NoninfectiousICU",0.858974358974359,0.802395209580838,0.725581395348837
"GSE134347_NoninfectiousICU",0.858974358974359,0.797619047619048,0.725581395348837
"GSE134347_NoninfectiousICU",0.858974358974359,0.792899408284024,0.725581395348837
"GSE134347_NoninfectiousICU",0.858974358974359,0.788235294117647,0.725581395348837
"GSE134347_NoninfectiousICU",0.858974358974359,0.783625730994152,0.725581395348837
"GSE134347_NoninfectiousICU",0.858974358974359,0.779069767441861,0.725581395348837
"GSE134347_NoninfectiousICU",0.865384615384615,0.780346820809249,0.725581395348837
"GSE134347_NoninfectiousICU",0.871794871794872,0.781609195402299,0.725581395348837
"GSE134347_NoninfectiousICU",0.878205128205128,0.782857142857143,0.725581395348837
"GSE134347_NoninfectiousICU",0.884615384615385,0.784090909090909,0.725581395348837
"GSE134347_NoninfectiousICU",0.891025641025641,0.785310734463277,0.725581395348837
"GSE134347_NoninfectiousICU",0.897435897435897,0.786516853932584,0.725581395348837
"GSE134347_NoninfectiousICU",0.903846153846154,0.787709497206704,0.725581395348837
"GSE134347_NoninfectiousICU",0.91025641025641,0.788888888888889,0.725581395348837
"GSE134347_NoninfectiousICU",0.916666666666667,0.790055248618785,0.725581395348837
"GSE134347_NoninfectiousICU",0.916666666666667,0.785714285714286,0.725581395348837
"GSE134347_NoninfectiousICU",0.923076923076923,0.786885245901639,0.725581395348837
"GSE134347_NoninfectiousICU",0.92948717948718,0.78804347826087,0.725581395348837
"GSE134347_NoninfectiousICU",0.92948717948718,0.783783783783784,0.725581395348837
"GSE134347_NoninfectiousICU",0.92948717948718,0.779569892473118,0.725581395348837
"GSE134347_NoninfectiousICU",0.92948717948718,0.775401069518717,0.725581395348837
"GSE134347_NoninfectiousICU",0.92948717948718,0.771276595744681,0.725581395348837
"GSE134347_NoninfectiousICU",0.935897435897436,0.772486772486772,0.725581395348837
"GSE134347_NoninfectiousICU",0.935897435897436,0.768421052631579,0.725581395348837
"GSE134347_NoninfectiousICU",0.935897435897436,0.764397905759162,0.725581395348837
"GSE134347_NoninfectiousICU",0.935897435897436,0.760416666666667,0.725581395348837
"GSE134347_NoninfectiousICU",0.942307692307692,0.761658031088083,0.725581395348837
"GSE134347_NoninfectiousICU",0.942307692307692,0.757731958762887,0.725581395348837
"GSE134347_NoninfectiousICU",0.948717948717949,0.758974358974359,0.725581395348837
"GSE134347_NoninfectiousICU",0.948717948717949,0.755102040816326,0.725581395348837
"GSE134347_NoninfectiousICU",0.955128205128205,0.756345177664975,0.725581395348837
"GSE134347_NoninfectiousICU",0.961538461538462,0.757575757575758,0.725581395348837
"GSE134347_NoninfectiousICU",0.961538461538462,0.753768844221106,0.725581395348837
"GSE134347_NoninfectiousICU",0.961538461538462,0.75,0.725581395348837
"GSE134347_NoninfectiousICU",0.961538461538462,0.746268656716418,0.725581395348837
"GSE134347_NoninfectiousICU",0.961538461538462,0.742574257425743,0.725581395348837
"GSE134347_NoninfectiousICU",0.961538461538462,0.738916256157635,0.725581395348837
"GSE134347_NoninfectiousICU",0.967948717948718,0.740196078431373,0.725581395348837
"GSE134347_NoninfectiousICU",0.974358974358974,0.741463414634146,0.725581395348837
"GSE134347_NoninfectiousICU",0.980769230769231,0.742718446601942,0.725581395348837
"GSE134347_NoninfectiousICU",0.987179487179487,0.743961352657005,0.725581395348837
"GSE134347_NoninfectiousICU",0.987179487179487,0.740384615384615,0.725581395348837
"GSE134347_NoninfectiousICU",0.987179487179487,0.736842105263158,0.725581395348837
"GSE134347_NoninfectiousICU",0.993589743589744,0.738095238095238,0.725581395348837
"GSE134347_NoninfectiousICU",0.993589743589744,0.734597156398104,0.725581395348837
"GSE134347_NoninfectiousICU",1,0.735849056603774,0.725581395348837
"GSE134347_NoninfectiousICU",1,0.732394366197183,0.725581395348837
"GSE134347_NoninfectiousICU",1,0.728971962616822,0.725581395348837
"GSE134347_NoninfectiousICU",1,0.725581395348837,0.725581395348837
"GSE131411_CardiogenicShock",0.0526315789473684,1,0.655172413793103
"GSE131411_CardiogenicShock",0.105263157894737,1,0.655172413793103
"GSE131411_CardiogenicShock",0.157894736842105,1,0.655172413793103
"GSE131411_CardiogenicShock",0.210526315789474,1,0.655172413793103
"GSE131411_CardiogenicShock",0.263157894736842,1,0.655172413793103
"GSE131411_CardiogenicShock",0.315789473684211,1,0.655172413793103
"GSE131411_CardiogenicShock",0.368421052631579,1,0.655172413793103
"GSE131411_CardiogenicShock",0.421052631578947,1,0.655172413793103
"GSE131411_CardiogenicShock",0.473684210526316,1,0.655172413793103
"GSE131411_CardiogenicShock",0.526315789473684,1,0.655172413793103
"GSE131411_CardiogenicShock",0.578947368421053,1,0.655172413793103
"GSE131411_CardiogenicShock",0.631578947368421,1,0.655172413793103
"GSE131411_CardiogenicShock",0.684210526315789,1,0.655172413793103
"GSE131411_CardiogenicShock",0.736842105263158,1,0.655172413793103
"GSE131411_CardiogenicShock",0.789473684210526,1,0.655172413793103
"GSE131411_CardiogenicShock",0.842105263157895,1,0.655172413793103
"GSE131411_CardiogenicShock",0.842105263157895,0.941176470588235,0.655172413793103
"GSE131411_CardiogenicShock",0.842105263157895,0.888888888888889,0.655172413793103
"GSE131411_CardiogenicShock",0.842105263157895,0.842105263157895,0.655172413793103
"GSE131411_CardiogenicShock",0.894736842105263,0.85,0.655172413793103
"GSE131411_CardiogenicShock",0.947368421052632,0.857142857142857,0.655172413793103
"GSE131411_CardiogenicShock",0.947368421052632,0.818181818181818,0.655172413793103
"GSE131411_CardiogenicShock",0.947368421052632,0.782608695652174,0.655172413793103
"GSE131411_CardiogenicShock",0.947368421052632,0.75,0.655172413793103
"GSE131411_CardiogenicShock",0.947368421052632,0.72,0.655172413793103
"GSE131411_CardiogenicShock",1,0.730769230769231,0.655172413793103
"GSE131411_CardiogenicShock",1,0.703703703703704,0.655172413793103
"GSE131411_CardiogenicShock",1,0.678571428571429,0.655172413793103
"GSE131411_CardiogenicShock",1,0.655172413793103,0.655172413793103
