"UMAP_1","UMAP_2","cluster","donor_id","group","cell_id"
-2.89116171165485,1.4620252099509,"0","HC1","Control","GSM5102900_HC1_AAAGTCCTCATCGACA-1"
3.45436617568951,-1.51004105837395,"1","HC1","Control","GSM5102900_HC1_AACCTTTGTCTACGAT-1"
2.02637502387982,-0.294303357911607,"1","HC1","Control","GSM5102900_HC1_AAGATAGGTAATACCC-1"
3.06490585044842,-0.244630158257981,"1","HC1","Control","GSM5102900_HC1_AAGCGAGCAGAGGCAT-1"
2.48255297378521,-0.426852405381699,"1","HC1","Control","GSM5102900_HC1_AATCGTGGTCCACATA-1"
2.4629294557951,-1.51657992632439,"1","HC1","Control","GSM5102900_HC1_ACCACAAAGAAGCGCT-1"
9.75105568603497,-3.1735268238311,"2","HC1","Control","GSM5102900_HC1_ACGTCCTCACTTCCTG-1"
7.48578306869488,-1.75083166391899,"2","HC1","Control","GSM5102900_HC1_ACTCCCAAGCTCCGAC-1"
-2.83969953819294,1.33829606665919,"0","HC1","Control","GSM5102900_HC1_ACTGTGAGTGACTAAA-1"
4.34812351898174,-1.64824372561028,"1","HC1","Control","GSM5102900_HC1_AGACAGGAGCGTGAGT-1"
6.81896301940899,-1.77957373888542,"1","HC1","Control","GSM5102900_HC1_AGAGAGCGTGGGATTG-1"
3.06892177299481,-1.13136297495415,"1","HC1","Control","GSM5102900_HC1_AGCGCTGGTGCAAGAC-1"
2.47811147407513,-0.302384317231675,"1","HC1","Control","GSM5102900_HC1_AGGACTTAGTCTACCA-1"
10.2481403036497,-2.71378856928398,"2","HC1","Control","GSM5102900_HC1_AGTAGCTCAGCCCACA-1"
1.8174101992033,-0.20216065676262,"1","HC1","Control","GSM5102900_HC1_AGTGCCGTCAGACTGT-1"
7.69097897247295,-2.16094714434197,"2","HC1","Control","GSM5102900_HC1_ATCACAGGTCTTGTCC-1"
3.93633839324932,-0.998333275628587,"1","HC1","Control","GSM5102900_HC1_ATCGTGATCGCCTTGT-1"
3.69481631950359,-0.731297552896043,"1","HC1","Control","GSM5102900_HC1_ATGAGTCAGTGAGGTC-1"
9.20763203338604,-3.10889631540825,"2","HC1","Control","GSM5102900_HC1_ATGCCTCGTAGTATAG-1"
9.73900410369854,-2.78167969019463,"2","HC1","Control","GSM5102900_HC1_ATTCTACCACCAACAT-1"
4.242320982971,-0.774311840844651,"1","HC1","Control","GSM5102900_HC1_ATTTCACTCTACTTCA-1"
3.08770295814495,-1.89705711634209,"1","HC1","Control","GSM5102900_HC1_CAACGGCAGGTCGCCT-1"
3.64931008056622,-0.27180701525261,"1","HC1","Control","GSM5102900_HC1_CAAGAGGTCCCAGCGA-1"
4.04048535064678,-1.61745840342094,"1","HC1","Control","GSM5102900_HC1_CACAGGCAGTCTGGAG-1"
10.583723036804,-2.48952418596794,"2","HC1","Control","GSM5102900_HC1_CAGGCCAGTACTGAGG-1"
10.0956611318968,-2.86019760401299,"2","HC1","Control","GSM5102900_HC1_CATGCGGCAATTGTGC-1"
3.71484562591534,-1.01795274050285,"1","HC1","Control","GSM5102900_HC1_CATTGTTCAGTAACGG-1"
4.14599701599102,-1.03654986650993,"1","HC1","Control","GSM5102900_HC1_CCACTTGAGCTCCATA-1"
8.80699440673809,-2.54114228518059,"2","HC1","Control","GSM5102900_HC1_CCCTCTCTCACTGTTT-1"
9.15713211730938,-2.89520174295952,"2","HC1","Control","GSM5102900_HC1_CCGTTCACAATTCTCT-1"
3.55558487609844,-0.223551929307481,"1","HC1","Control","GSM5102900_HC1_CGAAGGAAGTTACGAA-1"
2.94553777412396,-0.418463170838853,"1","HC1","Control","GSM5102900_HC1_CGCCAGACAACTACGT-1"
2.5748290701292,-0.0954632166152198,"1","HC1","Control","GSM5102900_HC1_CGGTCAGAGGATGGCT-1"
2.08833286003094,-1.33966642649223,"1","HC1","Control","GSM5102900_HC1_CGTTGGGCAGCAGACA-1"
-3.39053586288471,1.4769247767205,"0","HC1","Control","GSM5102900_HC1_CTCAGGGCAAGTGCTT-1"
3.03673955635052,-1.43552047045281,"1","HC1","Control","GSM5102900_HC1_CTGATCCCACTCAAGT-1"
7.86289879516583,-2.46943241388847,"2","HC1","Control","GSM5102900_HC1_CTTCTAAAGCTCGAAG-1"
3.50042387680035,-1.6153004768615,"1","HC1","Control","GSM5102900_HC1_GAATAGACACTGCTTC-1"
3.21821185783367,-2.20054703981926,"1","HC1","Control","GSM5102900_HC1_GAGGGTACACGTACTA-1"
10.1030816717527,-2.52935844690849,"2","HC1","Control","GSM5102900_HC1_GCCCAGAGTAACGATA-1"
3.87797114089947,-2.28490549356987,"1","HC1","Control","GSM5102900_HC1_GCCGATGCAGAAGTGC-1"
10.4636325521849,-2.45682865412285,"2","HC1","Control","GSM5102900_HC1_GCGATCGCAGTCAGCC-1"
3.42448779777508,-2.19764548571159,"1","HC1","Control","GSM5102900_HC1_GGCTTTCTCATTGCTT-1"
3.03393074707012,-0.449959338021775,"1","HC1","Control","GSM5102900_HC1_GGTGATTAGCAGGCTA-1"
4.21506830886822,-1.81309920580437,"1","HC1","Control","GSM5102900_HC1_GTAATGCAGCAGCACA-1"
3.87687060073834,-1.87437135012199,"1","HC1","Control","GSM5102900_HC1_GTCAGCGTCGGTATGT-1"
3.78273579315167,-1.34665280611565,"1","HC1","Control","GSM5102900_HC1_GTCGCGATCAGTGTTG-1"
2.58519550994854,-0.878994763207932,"1","HC1","Control","GSM5102900_HC1_GTCGTTCAGCTGTTCA-1"
10.2576436682127,-2.79269605906059,"2","HC1","Control","GSM5102900_HC1_GTCTGTCTCGCTTAAG-1"
8.58249947265606,-2.83212000162651,"2","HC1","Control","GSM5102900_HC1_GTTACCCTCCCTCTCC-1"
3.75493213371258,-0.271694720101853,"1","HC1","Control","GSM5102900_HC1_TAAGCACCACAGTATC-1"
9.51362129882794,-3.15435892374565,"2","HC1","Control","GSM5102900_HC1_TAATTCCAGCAGGCAT-1"
2.6106013937376,-0.314081967187424,"1","HC1","Control","GSM5102900_HC1_TAGTGCATCTAGATCG-1"
4.05034872726421,-1.24798542292168,"1","HC1","Control","GSM5102900_HC1_TATACCTAGGTTCACT-1"
3.53966423706036,-2.04855948717644,"1","HC1","Control","GSM5102900_HC1_TATATCCTCTAGTGTG-1"
2.18236324027996,0.0263722535843651,"1","HC1","Control","GSM5102900_HC1_TCAAGCAAGTCACTGT-1"
10.0214967413328,-2.29953342707207,"2","HC1","Control","GSM5102900_HC1_TCAATCTTCCTCGCAT-1"
10.3832711859129,-2.23867613108208,"2","HC1","Control","GSM5102900_HC1_TCACGGGCAAGGTACG-1"
2.95683643058758,-1.88260895044853,"1","HC1","Control","GSM5102900_HC1_TCACTCGCACTCATAG-1"
3.42035695747357,-0.0644353035216529,"1","HC1","Control","GSM5102900_HC1_TCGCACTAGCTAGAAT-1"
9.60083767608624,-2.2404840591674,"2","HC1","Control","GSM5102900_HC1_TCTCACGCAGAATCGG-1"
10.3928880377195,-2.78127294809868,"2","HC1","Control","GSM5102900_HC1_TGCGATAGTTTCGTGA-1"
4.64451119140606,-2.0642636421447,"1","HC1","Control","GSM5102900_HC1_TGTAACGGTTGCATAC-1"
3.1635000391386,-0.940041601968308,"1","HC1","Control","GSM5102900_HC1_TGTGATGGTACTTGTG-1"
3.73040577606182,-1.36669260294487,"1","HC1","Control","GSM5102900_HC1_TGTGTGAGTCTCAAGT-1"
9.64998432830792,-3.1618571880584,"2","HC1","Control","GSM5102900_HC1_TTGCATTTCTATCGCC-1"
9.82771393493633,-2.70898968012383,"2","HC1","Control","GSM5102900_HC1_TTGGGCGGTTCAATCG-1"
2.69543096260052,-0.449463188958665,"1","HC2","Control","GSM5102901_HC2_AACAACCAGATGTTAG-1"
9.29427143768292,-1.83372575075676,"2","HC2","Control","GSM5102901_HC2_AACAGGGGTAAGCTCT-1"
9.56532284454327,-2.73650795252373,"2","HC2","Control","GSM5102901_HC2_AAGATAGTCTGCGATA-1"
-3.8300655202486,1.3281388093407,"0","HC2","Control","GSM5102901_HC2_ACATGCAAGGATACAT-1"
2.18919607833843,-0.61719435484459,"1","HC2","Control","GSM5102901_HC2_ACCTGTCCAAGCCTGC-1"
1.31177505687695,-0.44503003389885,"1","HC2","Control","GSM5102901_HC2_AGACCATGTTACCCTC-1"
1.58987745479565,-0.248221814942857,"1","HC2","Control","GSM5102901_HC2_AGATGCTAGATTGCGG-1"
1.73843726352673,-1.55951815874626,"1","HC2","Control","GSM5102901_HC2_AGCCAGCGTCAGCTTA-1"
9.98075577453594,-2.57744771273186,"2","HC2","Control","GSM5102901_HC2_AGCGCCAAGACCAAAT-1"
3.36499497131329,-0.771123230767747,"1","HC2","Control","GSM5102901_HC2_AGCTCAACAGCTGTTA-1"
1.78539249137859,-0.623107135606309,"1","HC2","Control","GSM5102901_HC2_AGGACGACATTGCCGG-1"
1.19315442279797,-0.332217157197495,"1","HC2","Control","GSM5102901_HC2_AGGCATTAGTGCCGAA-1"
3.6888804121397,-1.95139390261223,"1","HC2","Control","GSM5102901_HC2_AGGCCACTCAGTGTCA-1"
7.04792639450054,-1.89967423708489,"2","HC2","Control","GSM5102901_HC2_AGTCATGAGCTGGAGT-1"
9.14224430755596,-0.0655273798232276,"2","HC2","Control","GSM5102901_HC2_AGTGATCGTACGATCT-1"
7.18542811111431,-2.22942835123589,"2","HC2","Control","GSM5102901_HC2_AGTTAGCGTCCTTAAG-1"
-3.26181677146931,1.20256056605528,"0","HC2","Control","GSM5102901_HC2_ATATCCTAGCTGACCC-1"
10.3397779150389,-2.95233064920952,"2","HC2","Control","GSM5102901_HC2_ATCCACCCAAAGGAGA-1"
2.68351599410992,-0.770644009423753,"1","HC2","Control","GSM5102901_HC2_ATCCATTGTCATGACT-1"
9.44209381774883,-2.97339969904472,"2","HC2","Control","GSM5102901_HC2_ATCTTCAAGACCATTC-1"
-3.57737353607197,1.378762773859,"0","HC2","Control","GSM5102901_HC2_ATTCACTAGTGCACCC-1"
2.17970201210003,-1.08584886820366,"1","HC2","Control","GSM5102901_HC2_ATTGGGTAGGTAGCCA-1"
1.14377519325237,-0.795353472543259,"1","HC2","Control","GSM5102901_HC2_CAACGGCTCATGTCAG-1"
1.45836481288891,-1.16250163347771,"1","HC2","Control","GSM5102901_HC2_CAATGACCAACTTGGT-1"
8.71885678009014,0.0310713645691674,"2","HC2","Control","GSM5102901_HC2_CAGCAATGTAAGTAGT-1"
1.48925456241589,-0.861047089410325,"1","HC2","Control","GSM5102901_HC2_CAGCAGCAGGTTCACT-1"
1.82372996047955,-0.0365516546492775,"1","HC2","Control","GSM5102901_HC2_CAGGGCTCAAGACCGA-1"
1.64600369171124,-0.389523685288926,"1","HC2","Control","GSM5102901_HC2_CATGAGTTCGCTGATA-1"
2.09040018753033,0.164494335340957,"1","HC2","Control","GSM5102901_HC2_CATGGTACACATTACG-1"
9.81587502197247,-2.75612551004936,"2","HC2","Control","GSM5102901_HC2_CCACAAAAGCGGACAT-1"
1.59413918689709,-1.42778617174675,"1","HC2","Control","GSM5102901_HC2_CCCTCAAAGGATGAGA-1"
-3.1476502732851,1.52126449315498,"0","HC2","Control","GSM5102901_HC2_CCGATGGGTTACCCTC-1"
-2.46624520584125,1.39754338531444,"1","HC2","Control","GSM5102901_HC2_CCTACGTTCGTTGTGA-1"
1.1579669399641,-1.11442905695488,"1","HC2","Control","GSM5102901_HC2_CGATGCGAGATGTTCC-1"
1.2249812765501,-0.19968193800499,"1","HC2","Control","GSM5102901_HC2_CGGACACGTCCGGCAT-1"
3.12267944053631,-1.21934157640984,"1","HC2","Control","GSM5102901_HC2_CGGGTGTGTACCTAGT-1"
8.81090828613262,-0.0315255525832374,"2","HC2","Control","GSM5102901_HC2_CGTCCATCAGGTGGAT-1"
2.75483199790936,-1.8452580574279,"1","HC2","Control","GSM5102901_HC2_CGTGATAGTACCACGC-1"
3.58668610290508,-1.84980016977837,"1","HC2","Control","GSM5102901_HC2_CGTGTCTTCGAGAGAC-1"
2.99216958717327,-0.53016346724083,"1","HC2","Control","GSM5102901_HC2_CTAAGTGTCATCGTAG-1"
9.77670952514629,-2.6651301983123,"2","HC2","Control","GSM5102901_HC2_CTCCAACGTACGGATG-1"
1.08432707027416,-1.05172711641838,"1","HC2","Control","GSM5102901_HC2_CTCCGATAGATTGATG-1"
2.11247965530377,-1.61355429918816,"1","HC2","Control","GSM5102901_HC2_CTCTCAGGTCGGCTAC-1"
8.68186184600811,0.13435536591957,"2","HC2","Control","GSM5102901_HC2_CTTCTAATCGAAGAAT-1"
7.72986885742169,-2.0196874740844,"2","HC2","Control","GSM5102901_HC2_CTTTCAAGTGACCGAA-1"
8.79216000274639,0.21536511151741,"2","HC2","Control","GSM5102901_HC2_GAGAAATCACCTGTCT-1"
3.19556590751629,-2.29561120302727,"1","HC2","Control","GSM5102901_HC2_GAGACCCGTGTGTACT-1"
3.33753320411663,-2.3251324299102,"1","HC2","Control","GSM5102901_HC2_GAGCTGCCAATGACCT-1"
2.85305973724346,-0.10661667616417,"1","HC2","Control","GSM5102901_HC2_GAGGCAAAGACTCATC-1"
2.73353692726116,-2.13060981066277,"1","HC2","Control","GSM5102901_HC2_GAGGGTATCATTCACT-1"
2.62969752983074,-2.03128796846916,"1","HC2","Control","GSM5102901_HC2_GCACGTGGTAGACAGC-1"
1.496995060005,-1.47198396952202,"1","HC2","Control","GSM5102901_HC2_GCGTGCACAACCGCTG-1"
10.1376743002317,-2.70997482569267,"2","HC2","Control","GSM5102901_HC2_GCTTCACTCAGGAAGC-1"
9.63825222686749,-2.20966893465569,"2","HC2","Control","GSM5102901_HC2_GCTTGGGTCCATGCAA-1"
1.36062213615398,-0.760305464578171,"1","HC2","Control","GSM5102901_HC2_GGAAGTGTCCCGAGAC-1"
1.29042669967632,-0.641237080407639,"1","HC2","Control","GSM5102901_HC2_GGAATCTTCAAGGAGC-1"
7.48220917419415,-1.97082430155327,"2","HC2","Control","GSM5102901_HC2_GGGATGATCAGTGATC-1"
7.65268751815777,-2.14408427507927,"2","HC2","Control","GSM5102901_HC2_GGTCTGGTCCCATTCG-1"
7.53322502807598,-2.21278744967033,"2","HC2","Control","GSM5102901_HC2_GTAAGTCTCATTGAGC-1"
1.61539432243328,-0.892925083947678,"1","HC2","Control","GSM5102901_HC2_GTACAACAGACGGTTG-1"
9.85293003753643,-2.45903617174675,"2","HC2","Control","GSM5102901_HC2_GTACAGTCAGCTTCCT-1"
7.36430975631695,-2.14812785418083,"2","HC2","Control","GSM5102901_HC2_GTCACGGAGTGCAAAT-1"
1.50166830257397,-1.03125196726372,"1","HC2","Control","GSM5102901_HC2_GTCAGCGCATGTAACC-1"
8.72681614593487,-0.0355959537749488,"2","HC2","Control","GSM5102901_HC2_GTCTAGAGTAAGATAC-1"
1.93034145072918,-0.985194742990037,"1","HC2","Control","GSM5102901_HC2_GTGTAACCATGGACAG-1"
1.92473336891155,-0.67564755709221,"1","HC2","Control","GSM5102901_HC2_GTTACCCCATGAAAGT-1"
2.80026814178448,-1.20336514742424,"1","HC2","Control","GSM5102901_HC2_GTTGTAGGTCGAAGCA-1"
3.02502223686199,-0.562004626107713,"1","HC2","Control","GSM5102901_HC2_GTTGTCCAGCTCCATA-1"
8.84170242980938,0.280501305746536,"2","HC2","Control","GSM5102901_HC2_TACCTGCAGGTACAAT-1"
9.1204833670042,-0.327178538156052,"2","HC2","Control","GSM5102901_HC2_TAGGAGGTCGATGCAT-1"
2.60971709922772,-0.0946038368468483,"1","HC2","Control","GSM5102901_HC2_TATCTGTCATTGCTGA-1"
1.25137087539654,-1.24534302980949,"1","HC2","Control","GSM5102901_HC2_TATGTTCAGTGCGTCC-1"
2.67143842414837,-1.92168337137749,"1","HC2","Control","GSM5102901_HC2_TCAAGTGCATCTCCCA-1"
3.90771290496807,-2.0738227966552,"1","HC2","Control","GSM5102901_HC2_TCAGCCTTCTGTAAGC-1"
8.97643181518536,0.0107203122849266,"2","HC2","Control","GSM5102901_HC2_TCCGTGTGTCGCTCGA-1"
3.42548701004009,-1.47651797564079,"1","HC2","Control","GSM5102901_HC2_TCCTCTTGTCATCACA-1"
3.5184600038908,-1.25153332979729,"1","HC2","Control","GSM5102901_HC2_TCGCTTGGTTGCGTAT-1"
9.31095883087139,-2.49556618959953,"2","HC2","Control","GSM5102901_HC2_TCTATCACAAAGCTAA-1"
1.39912840560894,0.046207129644851,"1","HC2","Control","GSM5102901_HC2_TCTCCGACAGAGTCAG-1"
3.54305383399944,-0.40722280771782,"1","HC2","Control","GSM5102901_HC2_TGATCTTCACTCGATA-1"
3.22588512138348,-0.722433388543626,"1","HC2","Control","GSM5102901_HC2_TGATGGTGTACCAGAG-1"
9.0543498678587,0.247783124136428,"2","HC2","Control","GSM5102901_HC2_TGCCGAGGTTGCCATA-1"
9.40443798736553,-2.67433935434868,"2","HC2","Control","GSM5102901_HC2_TGCGGGTGTTGGGCCT-1"
0.876563756027032,-0.537411272836228,"1","HC2","Control","GSM5102901_HC2_TGCTTGCAGGCAGGTT-1"
3.1198479814909,-0.958939135385056,"1","HC2","Control","GSM5102901_HC2_TGGATGTTCGATTGAC-1"
0.846648780860711,-0.329514921021958,"1","HC2","Control","GSM5102901_HC2_TGGTACAGTAAGAACT-1"
1.56962820724468,-1.20318204195549,"1","HC2","Control","GSM5102901_HC2_TGTGCGGTCATCTATC-1"
7.20633598999004,-2.1434655788665,"2","HC2","Control","GSM5102901_HC2_TGTGTGACAAGGCTTT-1"
3.75379606918316,-2.19063979418327,"1","HC2","Control","GSM5102901_HC2_TGTTCATTCATGCTAG-1"
2.11205121711712,-1.03360182077934,"1","HC2","Control","GSM5102901_HC2_TGTTGGACAATGGCCC-1"
8.96556946472149,0.16402393548439,"2","HC2","Control","GSM5102901_HC2_TTGCATTTCTTCTGTA-1"
3.49960324005108,-0.963736594033738,"1","HC2","Control","GSM5102901_HC2_TTGGGCGGTAACATAG-1"
2.97129794792156,-0.433219373536607,"1","HC2","Control","GSM5102901_HC2_TTGTGGAAGTGATAGT-1"
2.81114861206036,-0.871948540521165,"1","HC2","Control","GSM5102901_HC2_TTGTGTTGTGTGACCC-1"
3.33770510391216,-1.06060320169975,"1","HC2","Control","GSM5102901_HC2_TTTACGTCATAGGAGC-1"
3.25214740470867,-0.592694819283982,"1","HC2","Control","GSM5102901_HC2_TTTAGTCTCCGTCACT-1"
-7.31986811920185,1.29287037222336,"0","P25","Sepsis","GSM5102902_P25_T0_AATCACGCATCCGCGA-1"
-3.67395070358295,0.761174618887405,"0","P25","Sepsis","GSM5102902_P25_T0_ACTGATGTCCGTAGTA-1"
-8.83121016784687,2.30491661994408,"0","P25","Sepsis","GSM5102902_P25_T0_CAATCGACATCAGCTA-1"
9.6226977987669,-1.34356838495781,"2","P25","Sepsis","GSM5102902_P25_T0_CAGCACGCAGAATGTA-1"
-6.64081242843647,0.912535339283447,"0","P25","Sepsis","GSM5102902_P25_T0_CAGGCCACACTGAGGA-1"
-7.1533785180666,1.53444662659119,"0","P25","Sepsis","GSM5102902_P25_T0_CCCTCTCCAACCGTAT-1"
-8.356724770508,0.661106466936568,"0","P25","Sepsis","GSM5102902_P25_T0_GACACGCCACGACCTG-1"
-4.00567081733723,2.57523936002205,"0","P25","Sepsis","GSM5102902_P25_T0_GCAACATGTAACCCTA-1"
-7.65307524963398,0.47029811112831,"0","P25","Sepsis","GSM5102902_P25_T0_GGTGTTATCCGTTGAA-1"
-9.18037703796406,1.97779661385963,"0","P25","Sepsis","GSM5102902_P25_T0_GGTTGTAGTGTCTTGA-1"
-7.33379796310444,1.08787408440063,"0","P25","Sepsis","GSM5102902_P25_T0_TATGTTCGTGAACGGT-1"
-8.87087539001484,0.792208969282607,"0","P25","Sepsis","GSM5102902_P25_T0_TCATGGATCTCGCCTA-1"
2.94608566001873,-2.40410691530754,"1","P25","Sepsis","GSM5102902_P25_T0_TGTGCGGCAGTCGCTG-1"
-4.03323581977863,3.37277072637032,"0","P50","Sepsis","GSM5102904_P50_T0_AACAAAGCATTCTCTA-1"
3.73148128227215,0.153240382360915,"0","P50","Sepsis","GSM5102904_P50_T0_AACCCAATCACCCTGT-1"
-8.00441315933246,1.04328021376083,"0","P50","Sepsis","GSM5102904_P50_T0_AACGTCACACCTGATA-1"
1.52515932754498,-0.699737131906052,"1","P50","Sepsis","GSM5102904_P50_T0_AGCGTCGGTCTGTCCT-1"
9.52700802520733,-1.22815662653496,"2","P50","Sepsis","GSM5102904_P50_T0_AGCTCAATCTAGGCAT-1"
-8.78629401489277,0.673766255068282,"0","P50","Sepsis","GSM5102904_P50_T0_AGGCATTGTCAAGCCC-1"
-5.9415283517458,1.64014041392754,"0","P50","Sepsis","GSM5102904_P50_T0_AGGTTGTAGCCTTCTC-1"
2.38377353385906,-1.92714029581596,"1","P50","Sepsis","GSM5102904_P50_T0_AGTCTCCTCTCCAATT-1"
-6.49027970596332,1.49576747386406,"0","P50","Sepsis","GSM5102904_P50_T0_ATGGAGGCATCCGGTG-1"
-9.29975417419453,2.01959878175209,"0","P50","Sepsis","GSM5102904_P50_T0_CAGATCACATGCACTA-1"
-7.64754203125019,2.19622445075462,"0","P50","Sepsis","GSM5102904_P50_T0_CCATAAGAGCCGAACA-1"
-8.06005337997455,2.04985535113762,"0","P50","Sepsis","GSM5102904_P50_T0_CCCTCAATCCATAAGC-1"
-8.56809333129902,0.649969339060287,"0","P50","Sepsis","GSM5102904_P50_T0_CCCTCTCCACCGAATT-1"
-7.43245509429951,1.42886052994678,"0","P50","Sepsis","GSM5102904_P50_T0_CCTATCGCACTACAGT-1"
-3.85958102508564,3.39083331792305,"0","P50","Sepsis","GSM5102904_P50_T0_CGGAATTCAACTCCAA-1"
-7.54040816589374,1.0496571060891,"0","P50","Sepsis","GSM5102904_P50_T0_CGTGATAGTCAAGCGA-1"
-6.74627259536762,1.62992140619705,"0","P50","Sepsis","GSM5102904_P50_T0_CTGTAGAGTTTCGTAG-1"
-8.18644192977924,1.67376372187088,"0","P50","Sepsis","GSM5102904_P50_T0_CTGTCGTAGTACAGCG-1"
-8.48663619323749,0.959703743147353,"0","P50","Sepsis","GSM5102904_P50_T0_GAGTTACGTTCCTACC-1"
9.19062802032452,-2.10767823488762,"2","P50","Sepsis","GSM5102904_P50_T0_GCCGATGAGGTCCTGC-1"
9.08564945892315,-2.37753039629509,"2","P50","Sepsis","GSM5102904_P50_T0_GCTGAATGTATTCCGA-1"
2.56681510642986,-2.05671244890739,"1","P50","Sepsis","GSM5102904_P50_T0_GGTGGCTTCCCTCTTT-1"
9.62063309387188,-1.94937258989861,"2","P50","Sepsis","GSM5102904_P50_T0_GTGTCCTAGTCGAATA-1"
-3.46506694122333,1.56424632637451,"0","P50","Sepsis","GSM5102904_P50_T0_TAGGTACCAACAAGAT-1"
-8.19141248031635,0.592884063410262,"0","P50","Sepsis","GSM5102904_P50_T0_TCAAGTGTCTCAACCC-1"
-9.18335727020283,1.86349999873588,"0","P50","Sepsis","GSM5102904_P50_T0_TCAGCAATCCTTCTGG-1"
4.46704384521465,-1.00371915133049,"1","P50","Sepsis","GSM5102904_P50_T0_TCAGGGCAGTCACTGT-1"
-7.5760498361208,0.802530109571914,"0","P50","Sepsis","GSM5102904_P50_T0_TCATCATAGCTGAAAT-1"
9.13649460510235,-1.68532472879936,"2","P50","Sepsis","GSM5102904_P50_T0_TCTGGCTTCCTTGGAA-1"
-8.61544135375996,1.61278653113792,"0","P50","Sepsis","GSM5102904_P50_T0_TGACAGTAGGAGTATT-1"
9.16214653686504,-1.38765078814079,"1","P50","Sepsis","GSM5102904_P50_T0_TGACTCCGTTGTGCAT-1"
-8.58846381469746,1.03528174726913,"0","P50","Sepsis","GSM5102904_P50_T0_TGCGACGGTCATCGCG-1"
-7.91079953475971,2.1751943823571,"0","P50","Sepsis","GSM5102904_P50_T0_TGCTCCACACGTGTGC-1"
-4.46245625778217,1.72360900013397,"0","P50","Sepsis","GSM5102904_P50_T0_TTATTGCTCCTGTACC-1"
-8.65919783874531,1.1469044831271,"0","P50","Sepsis","GSM5102904_P50_T0_TTCGCTGTCACCTACC-1"
-4.50664332672138,2.37659233777473,"0","P50","Sepsis","GSM5102904_P50_T0_TTGGATGAGAATAGTC-1"
-3.76943138404865,2.09185951917122,"0","P50","Sepsis","GSM5102904_P50_T0_TTTACCAGTCTCAGAT-1"
-8.7975845651247,2.04370194642494,"0","NSES","Sepsis","GSM5511351_NSES_T0_AAACGAAGTGAGGCAT-1"
-3.89927438064594,3.32579678265999,"0","NSES","Sepsis","GSM5511351_NSES_T0_AAAGTCCCAGTAGATA-1"
-4.05227735801716,2.78395086495827,"0","NSES","Sepsis","GSM5511351_NSES_T0_AACAAAGCAGATCATC-1"
-5.09464314743061,1.97557842700432,"0","NSES","Sepsis","GSM5511351_NSES_T0_AACAACCGTGGACTGA-1"
-8.3591308908083,2.06967735259483,"0","NSES","Sepsis","GSM5511351_NSES_T0_AACGAAATCTAATTCC-1"
-6.57780078216572,2.12183958260963,"0","NSES","Sepsis","GSM5511351_NSES_T0_AAGAACAAGAGATTCA-1"
-6.64518121047993,2.56384986607979,"0","NSES","Sepsis","GSM5511351_NSES_T0_AAGACAACAGTCGGTC-1"
-6.56926205917377,1.1831796762223,"0","NSES","Sepsis","GSM5511351_NSES_T0_ACACTGATCGCTACAA-1"
-7.36753419204731,2.0909082290406,"0","NSES","Sepsis","GSM5511351_NSES_T0_ACAGCCGGTCTAGGCC-1"
-5.05882457061787,2.50137191979835,"0","NSES","Sepsis","GSM5511351_NSES_T0_ACATCGAAGGCTCACC-1"
3.79972073272686,-0.791395247293015,"1","NSES","Sepsis","GSM5511351_NSES_T0_ACCAAACGTCCTATAG-1"
-7.49844506546039,0.496433436560134,"0","NSES","Sepsis","GSM5511351_NSES_T0_ACCATTTCATTCAGCA-1"
10.3070525808714,-2.01669341356804,"2","NSES","Sepsis","GSM5511351_NSES_T0_ACCGTTCTCTACCTTA-1"
-5.07073262496967,3.08245271413277,"0","NSES","Sepsis","GSM5511351_NSES_T0_ACCTACCTCTCGGGAC-1"
-8.18622639938373,1.25247991799066,"0","NSES","Sepsis","GSM5511351_NSES_T0_ACGGAAGCACACACGC-1"
-8.72538665100117,1.69694420664261,"0","NSES","Sepsis","GSM5511351_NSES_T0_ACGTTCCGTCGGCCTA-1"
-7.84260609909077,2.57036858766029,"0","NSES","Sepsis","GSM5511351_NSES_T0_ACTACGAAGCATCAAA-1"
-4.78297808929462,2.49799305169533,"0","NSES","Sepsis","GSM5511351_NSES_T0_ACTATCTAGCGTCTGC-1"
-4.34554484649677,3.05789774625252,"0","NSES","Sepsis","GSM5511351_NSES_T0_ACTATCTTCTACTATC-1"
-6.44007733627338,1.58111456005524,"0","NSES","Sepsis","GSM5511351_NSES_T0_ACTGTCCTCGTAGGAG-1"
-4.64103987976093,2.98806387155006,"0","NSES","Sepsis","GSM5511351_NSES_T0_AGAAGCGAGTAGGGTC-1"
-5.46781495376606,2.05224251716087,"0","NSES","Sepsis","GSM5511351_NSES_T0_AGACCATAGTCTGTAC-1"
-4.33827594085712,2.98368674485634,"0","NSES","Sepsis","GSM5511351_NSES_T0_AGACCCGCAGCTACAT-1"
-7.82728865905781,0.337156057047347,"0","NSES","Sepsis","GSM5511351_NSES_T0_AGAGAATGTGTCTAAC-1"
-8.98954108520527,1.71642556755493,"0","NSES","Sepsis","GSM5511351_NSES_T0_AGCGCTGTCGGCTTGG-1"
-6.6350131349184,0.890342265057067,"0","NSES","Sepsis","GSM5511351_NSES_T0_AGCGTATCAGTGGTGA-1"
-6.68923095031757,0.424772679495315,"0","NSES","Sepsis","GSM5511351_NSES_T0_AGCGTATGTCTTGCTC-1"
-9.03241542144794,2.24069428412865,"0","NSES","Sepsis","GSM5511351_NSES_T0_AGCTTCCAGTCTTCCC-1"
-4.64257386489887,2.6045458909745,"0","NSES","Sepsis","GSM5511351_NSES_T0_AGGAAATGTCCGTACG-1"
-6.71887067123432,1.75018531053017,"0","NSES","Sepsis","GSM5511351_NSES_T0_AGGACGATCCGAAATC-1"
9.60997769073467,-2.4388187530761,"2","NSES","Sepsis","GSM5511351_NSES_T0_AGGATAAGTAGGCTCC-1"
-7.46427968307514,2.14557743041466,"0","NSES","Sepsis","GSM5511351_NSES_T0_AGGATCTGTCGAGTTT-1"
-7.77599242492695,1.08767124979446,"0","NSES","Sepsis","GSM5511351_NSES_T0_AGGGCCTCAAAGTGTA-1"
-5.7133035974123,2.21657419173668,"0","NSES","Sepsis","GSM5511351_NSES_T0_AGGGCCTGTATACAGA-1"
-5.45276978775043,2.85928410260628,"0","NSES","Sepsis","GSM5511351_NSES_T0_AGGTGTTAGGAGGGTG-1"
-5.10422280593891,1.96874415843437,"0","NSES","Sepsis","GSM5511351_NSES_T0_AGTAACCAGACGCCCT-1"
-8.35199454589863,1.15894457666824,"0","NSES","Sepsis","GSM5511351_NSES_T0_ATACCGACAAAGGCAC-1"
-4.8117561654665,2.2379350659127,"0","NSES","Sepsis","GSM5511351_NSES_T0_ATAGAGATCTATCCAT-1"
-7.42060187622089,1.32563323124001,"0","NSES","Sepsis","GSM5511351_NSES_T0_ATCGTAGGTACTAGCT-1"
-9.2734031991579,1.95031851499031,"0","NSES","Sepsis","GSM5511351_NSES_T0_ATGAGTCTCTCCGCAT-1"
-8.75947669311542,2.14951962201546,"0","NSES","Sepsis","GSM5511351_NSES_T0_ATTCGTTAGTATAACG-1"
-4.49381593032856,2.54467576711128,"0","NSES","Sepsis","GSM5511351_NSES_T0_CAACGATCAACCGATT-1"
-4.17813876434345,3.20930367677162,"0","NSES","Sepsis","GSM5511351_NSES_T0_CACTAAGAGAGAGTTT-1"
-6.91482308670063,0.854108005451659,"0","NSES","Sepsis","GSM5511351_NSES_T0_CACTGGGTCAGTGGGA-1"
-7.15408042236347,0.649119853662948,"0","NSES","Sepsis","GSM5511351_NSES_T0_CACTGTCAGCGTTGTT-1"
-7.80811312957783,0.275841772245864,"0","NSES","Sepsis","GSM5511351_NSES_T0_CAGGCCACAGCTTCGG-1"
-4.52643683715839,2.8655551072831,"0","NSES","Sepsis","GSM5511351_NSES_T0_CAGTGCGCACTAGGCC-1"
-7.66823771759052,1.73399564592789,"0","NSES","Sepsis","GSM5511351_NSES_T0_CATAGACGTATGGTTC-1"
-5.30793288513203,2.81193047730873,"0","NSES","Sepsis","GSM5511351_NSES_T0_CATCCGTTCATTGTGG-1"
-5.25611785217304,2.51790195672462,"0","NSES","Sepsis","GSM5511351_NSES_T0_CCCGAAGTCGTCCTTG-1"
-6.13637021347065,2.48775070874641,"0","NSES","Sepsis","GSM5511351_NSES_T0_CCCGGAAAGACTCTAC-1"
-7.35978511138935,0.720535576033096,"0","NSES","Sepsis","GSM5511351_NSES_T0_CCCTCTCTCGCACTCT-1"
-7.12682059570331,1.5502774414296,"0","NSES","Sepsis","GSM5511351_NSES_T0_CCGGACACAGGGACTA-1"
-7.60113385482807,1.62554228274773,"0","NSES","Sepsis","GSM5511351_NSES_T0_CCTCCTCGTTCGGGTC-1"
-8.9995699243166,1.46250452070187,"0","NSES","Sepsis","GSM5511351_NSES_T0_CGCCAGAAGATACGAT-1"
-8.34676459594746,2.28831183879326,"0","NSES","Sepsis","GSM5511351_NSES_T0_CGTCCATCAATCCTAG-1"
-7.76320603652973,1.49888670413444,"0","NSES","Sepsis","GSM5511351_NSES_T0_CGTGCTTTCAACCCGG-1"
-7.68896201416035,1.02279555766533,"0","NSES","Sepsis","GSM5511351_NSES_T0_CTACAGACAGGTTACT-1"
-3.85872844024677,2.80973428456734,"0","NSES","Sepsis","GSM5511351_NSES_T0_CTACCCATCAGTCATG-1"
-8.10868838592548,0.494653522657851,"0","NSES","Sepsis","GSM5511351_NSES_T0_CTCAAGAAGGATACGC-1"
9.1074218435667,-2.76985031397392,"2","NSES","Sepsis","GSM5511351_NSES_T0_CTCACTGGTCACCTTC-1"
-7.39661458297748,2.37932008473823,"0","NSES","Sepsis","GSM5511351_NSES_T0_CTCAGTCAGTGACCTT-1"
-8.11918929382343,1.49505272476623,"0","NSES","Sepsis","GSM5511351_NSES_T0_CTCATGCCAAGCACCC-1"
-6.27719643875141,1.08511698214958,"0","NSES","Sepsis","GSM5511351_NSES_T0_CTGCGAGGTACCTATG-1"
-8.22694686218281,1.33844473554442,"0","NSES","Sepsis","GSM5511351_NSES_T0_CTGGCAGTCAGTCATG-1"
-6.89434579177875,0.347808777975539,"0","NSES","Sepsis","GSM5511351_NSES_T0_CTGTATTCATGCAGGA-1"
-5.48728135391254,2.50367277829597,"0","NSES","Sepsis","GSM5511351_NSES_T0_GAATAGAAGTACTGGG-1"
-7.27990868850727,0.408064901518325,"0","NSES","Sepsis","GSM5511351_NSES_T0_GACCGTGAGACCGTTT-1"
9.2495231314085,-1.12003093988945,"2","NSES","Sepsis","GSM5511351_NSES_T0_GACTATGAGTGTAGAT-1"
-5.12706473632831,2.32802146642158,"0","NSES","Sepsis","GSM5511351_NSES_T0_GACTCTCAGGTCGTCC-1"
9.80418297485333,-2.23801356585075,"2","NSES","Sepsis","GSM5511351_NSES_T0_GACTCTCAGTCGAAGC-1"
-9.02707484527607,1.57671365110825,"0","NSES","Sepsis","GSM5511351_NSES_T0_GATGCTACACACTTAG-1"
-8.53865531250019,0.580286144899825,"0","NSES","Sepsis","GSM5511351_NSES_T0_GCCAACGGTTGTGGCC-1"
-5.12337258621235,1.73640188543747,"0","NSES","Sepsis","GSM5511351_NSES_T0_GCCAGGTCACCTGATA-1"
-7.4390960054018,0.560311138319473,"0","NSES","Sepsis","GSM5511351_NSES_T0_GCGTGCACACGTTCGG-1"
-8.29841521545429,2.19969141452263,"0","NSES","Sepsis","GSM5511351_NSES_T0_GCTGAATAGATTGACA-1"
-4.57411578460712,2.38646525113533,"0","NSES","Sepsis","GSM5511351_NSES_T0_GGACGTCTCTTTGCTA-1"
-6.77882293029804,1.42767899452398,"0","NSES","Sepsis","GSM5511351_NSES_T0_GGATGTTTCTGAGCAT-1"
9.61377331451397,-1.30755955011894,"2","NSES","Sepsis","GSM5511351_NSES_T0_GGCGTCAAGATGGCGT-1"
-7.99551776214619,1.52081002263973,"0","NSES","Sepsis","GSM5511351_NSES_T0_GGGCGTTTCAACGAGG-1"
-7.05321648880024,2.49920815198372,"0","NSES","Sepsis","GSM5511351_NSES_T0_GGGCTACGTGCTGATT-1"
-4.17178085609455,2.37528294293831,"0","NSES","Sepsis","GSM5511351_NSES_T0_GGTAACTCATCATCCC-1"
-8.27103904052753,0.970194846081237,"0","NSES","Sepsis","GSM5511351_NSES_T0_GGTAACTTCGATGCTA-1"
-6.00963261886616,1.80301254956673,"0","NSES","Sepsis","GSM5511351_NSES_T0_GTCACTCGTCGAGCAA-1"
-5.02777007385273,2.49729412763069,"0","NSES","Sepsis","GSM5511351_NSES_T0_GTCATTTAGGCTCTAT-1"
10.1424140615843,-2.21813207895805,"2","NSES","Sepsis","GSM5511351_NSES_T0_GTCGTAAGTTACACAC-1"
-5.56013253494282,2.7482420799012,"0","NSES","Sepsis","GSM5511351_NSES_T0_GTCTAGAAGATCCTAC-1"
-6.33025792404194,1.79855433075378,"0","NSES","Sepsis","GSM5511351_NSES_T0_GTGTAACTCCAACTAG-1"
2.45135423377972,-0.78339034349968,"1","NSES","Sepsis","GSM5511351_NSES_T0_GTTCTATAGGCCACCT-1"
9.37212082580547,-2.32768970758965,"2","NSES","Sepsis","GSM5511351_NSES_T0_TACCGGGGTCGCTTAA-1"
-8.93595317169208,1.94537270038078,"0","NSES","Sepsis","GSM5511351_NSES_T0_TACCTGCGTGGCAACA-1"
-4.92931845947285,2.68241924016426,"0","NSES","Sepsis","GSM5511351_NSES_T0_TACGGTAGTCCCGCAA-1"
-4.2294955567934,3.056856333899,"0","NSES","Sepsis","GSM5511351_NSES_T0_TACGTCCCAGCTGTAT-1"
-7.55953219696064,1.47166703610371,"0","NSES","Sepsis","GSM5511351_NSES_T0_TACGTCCGTGCTTATG-1"
8.50568672851544,-1.47893911631157,"2","NSES","Sepsis","GSM5511351_NSES_T0_TAGGGTTCATAAGCGG-1"
-7.84307244583149,0.462536573099593,"0","NSES","Sepsis","GSM5511351_NSES_T0_TATCTGTGTATTTCGG-1"
-8.88396457000751,1.51811119883011,"0","NSES","Sepsis","GSM5511351_NSES_T0_TATTTCGTCATTTCCA-1"
-4.49014905258198,3.10136467187355,"0","NSES","Sepsis","GSM5511351_NSES_T0_TCAATCTGTCGAAACG-1"
-7.08129409118671,0.881622433351974,"0","NSES","Sepsis","GSM5511351_NSES_T0_TCACGGGCATCCAATG-1"
-9.44155028625507,1.4835967120404,"0","NSES","Sepsis","GSM5511351_NSES_T0_TCAGTTTAGCATGCGA-1"
-6.14210704132099,2.01518082587669,"0","NSES","Sepsis","GSM5511351_NSES_T0_TCATATCTCGGACGTC-1"
-8.74864676757831,1.55166491835068,"0","NSES","Sepsis","GSM5511351_NSES_T0_TCATCCGCAGTAACGG-1"
-8.09011843963642,0.429326533960799,"0","NSES","Sepsis","GSM5511351_NSES_T0_TCATTCAAGACAGCTG-1"
10.4062413854979,-2.19359117777397,"2","NSES","Sepsis","GSM5511351_NSES_T0_TCCAGAACAGAGGCTA-1"
-6.13440612121601,1.57937651841591,"0","NSES","Sepsis","GSM5511351_NSES_T0_TCCATCGTCGAGTCCG-1"
-4.05570915504475,1.87538945643852,"0","NSES","Sepsis","GSM5511351_NSES_T0_TCCATGCCATAAGCAA-1"
-9.39097598358173,1.72369599311302,"0","NSES","Sepsis","GSM5511351_NSES_T0_TCCTAATTCTTCGGTC-1"
-9.29912761016865,1.81575390665481,"0","NSES","Sepsis","GSM5511351_NSES_T0_TCCTCCCCATGTTTGG-1"
9.45836064056378,-2.33342248232414,"2","NSES","Sepsis","GSM5511351_NSES_T0_TCGCTTGAGCTTGTTG-1"
-7.31175092025776,0.563621461081008,"0","NSES","Sepsis","GSM5511351_NSES_T0_TCTATACAGCGATGCA-1"
-5.67677214904804,2.47657805650185,"0","NSES","Sepsis","GSM5511351_NSES_T0_TCTTTGATCAATGCAC-1"
-6.55774930282612,2.62671774594734,"0","NSES","Sepsis","GSM5511351_NSES_T0_TGAACGTCAGTTGAAA-1"
-7.64944556518574,0.869803249525527,"0","NSES","Sepsis","GSM5511351_NSES_T0_TGAGGGACACGTAGAG-1"
-5.9233923272707,2.47134691445778,"0","NSES","Sepsis","GSM5511351_NSES_T0_TGCTTGCTCTAGGAAA-1"
-4.02342179580707,2.45778876512001,"0","NSES","Sepsis","GSM5511351_NSES_T0_TGGGCGTTCTGCCCTA-1"
-5.04410889907856,2.12154471843193,"0","NSES","Sepsis","GSM5511351_NSES_T0_TGGGCTGTCTATCCAT-1"
9.87500378326397,-2.15583640368034,"2","NSES","Sepsis","GSM5511351_NSES_T0_TGTACAGCATGACCCG-1"
-5.04044869705219,1.50987280874203,"0","NSES","Sepsis","GSM5511351_NSES_T0_TGTCCTGGTCAAAGTA-1"
9.2718677206419,-2.07053214342644,"2","NSES","Sepsis","GSM5511351_NSES_T0_TGTTACTTCTACGGTA-1"
-6.99620679183979,2.56545692651222,"0","NSES","Sepsis","GSM5511351_NSES_T0_TGTTGGACATCATTTC-1"
-4.56001284881611,1.92206764190147,"0","NSES","Sepsis","GSM5511351_NSES_T0_TTACGTTTCATGCAGT-1"
-7.13391402526874,1.28070533617089,"0","NSES","Sepsis","GSM5511351_NSES_T0_TTAGGCAAGCTTTGTG-1"
-7.92064431472797,1.2321974557514,"0","NSES","Sepsis","GSM5511351_NSES_T0_TTAGTCTTCGCCATAA-1"
-9.22682574554462,1.26892212747286,"0","NSES","Sepsis","GSM5511351_NSES_T0_TTCATGTTCTCATTTG-1"
-4.31206610961933,2.97918373315285,"0","NSES","Sepsis","GSM5511351_NSES_T0_TTCGATTTCGAAGAAT-1"
-8.97161296173115,1.07617734341572,"0","NSES","Sepsis","GSM5511351_NSES_T0_TTCTAACTCAAGGTGG-1"
-6.3368535356142,0.81351739137123,"0","NSES","Sepsis","GSM5511351_NSES_T0_TTCTTCCGTGCCCACA-1"
-7.80586055084247,2.06075996129463,"0","NSES","Sepsis","GSM5511351_NSES_T0_TTGGATGGTGGAGGTT-1"
-4.55249217315693,3.15880411832283,"1","NSES","Sepsis","GSM5511351_NSES_T0_TTGTTTGAGGAACATT-1"
-7.48558572097797,1.14767673580597,"0","NSES","Sepsis","GSM5511351_NSES_T0_TTTATGCCAAACAGGC-1"
10.0824546499632,-1.9465764168029,"2","NSES","Sepsis","GSM5511351_NSES_T0_TTTCACAGTACCTAGT-1"
-4.18818524642963,1.73490825264404,"0","NSES","Sepsis","GSM5511351_NSES_T0_TTTCGATGTTGGAGAC-1"
-5.59233954711933,2.18283349244545,"0","NSES","Sepsis","GSM5511351_NSES_T0_TTTGATCAGCACTCGC-1"
-6.12894490524311,0.38936299054573,"0","S2","Sepsis","GSM5511353_S2_T0_ACCCTCAGTCTACAGT-1"
-3.0460775212862,0.796960591959457,"0","S2","Sepsis","GSM5511353_S2_T0_AGCCAATTCATCAGTG-1"
-3.60016849800129,2.21540987460564,"0","S2","Sepsis","GSM5511353_S2_T0_AGGACTTAGCTGTTAC-1"
-2.98252609535236,0.830674230741958,"0","S2","Sepsis","GSM5511353_S2_T0_AGGGTTTCACGTCATA-1"
8.7920036001585,-1.80927687914421,"2","S2","Sepsis","GSM5511353_S2_T0_AGTAGTCTCAAACCCA-1"
8.41124149993878,-2.21035605700066,"2","S2","Sepsis","GSM5511353_S2_T0_ATCACAGCAGGCGATA-1"
8.67808338836651,-2.14168959887077,"2","S2","Sepsis","GSM5511353_S2_T0_ATCCATTTCGAAGTGG-1"
-2.74302676483173,0.622838616060714,"0","S2","Sepsis","GSM5511353_S2_T0_ATTATCCCATCGGAAG-1"
9.07874867156963,-1.91354876787712,"2","S2","Sepsis","GSM5511353_S2_T0_ATTTCTGCAATCAAGA-1"
9.65190407470684,-1.73781329424431,"2","S2","Sepsis","GSM5511353_S2_T0_CAGAGCCCACAAGGTG-1"
-5.7030587510683,0.415164708780746,"0","S2","Sepsis","GSM5511353_S2_T0_CAGCACGGTATGAGGC-1"
8.389537779846,-1.55185037882378,"2","S2","Sepsis","GSM5511353_S2_T0_CCTACGTTCCATTGGA-1"
8.2452096624754,-2.12282282145073,"2","S2","Sepsis","GSM5511353_S2_T0_CCTGCATCACACCGCA-1"
-2.74667146965046,0.565267443346481,"0","S2","Sepsis","GSM5511353_S2_T0_CCTTTGGAGAAAGCGA-1"
-6.37828019424457,0.398206114458541,"0","S2","Sepsis","GSM5511353_S2_T0_CGATCGGAGGGACACT-1"
-3.3189161138155,1.05881488292168,"0","S2","Sepsis","GSM5511353_S2_T0_CTCCATGCAATTCACG-1"
-2.77928975387592,0.667167961287002,"0","S2","Sepsis","GSM5511353_S2_T0_CTCCTTTAGAGGACTC-1"
8.84247299865704,-1.09124618799736,"2","S2","Sepsis","GSM5511353_S2_T0_CTGAATGTCAATCTTC-1"
-2.94404462142963,0.515404104876022,"0","S2","Sepsis","GSM5511353_S2_T0_GCAACCGAGGTCGTGA-1"
-2.987983496628,0.834260463404159,"0","S2","Sepsis","GSM5511353_S2_T0_GCATCTCCAAAGGTTA-1"
-7.22483256622333,0.387023925470809,"1","S2","Sepsis","GSM5511353_S2_T0_GCCAGGTTCGTGTGAT-1"
8.85023209289532,-1.6309152248626,"2","S2","Sepsis","GSM5511353_S2_T0_GCTGGGTTCTTTGCGC-1"
-3.43845561309833,0.775317549395065,"0","S2","Sepsis","GSM5511353_S2_T0_GGAACCCAGACCAAAT-1"
8.13853451446514,-1.84141188890984,"2","S2","Sepsis","GSM5511353_S2_T0_GGCACGTAGTCGAATA-1"
-3.14957049652119,0.947573601889114,"0","S2","Sepsis","GSM5511353_S2_T0_GGGTCTGCAGAGTGAC-1"
8.93469044403057,-2.26626139910271,"2","S2","Sepsis","GSM5511353_S2_T0_GGTAATCGTAGTTCCA-1"
10.0573701544188,-1.88699537546684,"2","S2","Sepsis","GSM5511353_S2_T0_GGTGAAGAGCCAGTAG-1"
-2.89683655067463,0.823834865974883,"0","S2","Sepsis","GSM5511353_S2_T0_GTGAGCCAGCGGACAT-1"
8.46058747009258,-1.92453247339775,"2","S2","Sepsis","GSM5511353_S2_T0_TCATGTTTCCATCCGT-1"
8.47942635253887,-1.51652985842278,"2","S2","Sepsis","GSM5511353_S2_T0_TCTCCGATCTATTCGT-1"
-2.95243671699543,0.713028073000411,"0","S2","Sepsis","GSM5511353_S2_T0_TGACCCTGTTAGCGGA-1"
8.31326290801983,-1.92312961847832,"2","S2","Sepsis","GSM5511353_S2_T0_TGAGCGCCAACCGATT-1"
8.5839957876585,-0.806567490411301,"2","S2","Sepsis","GSM5511353_S2_T0_TGATCAGAGACCAAGC-1"
-3.39243820472736,1.0504322644944,"0","S2","Sepsis","GSM5511353_S2_T0_TGTGGCGGTAAGGCCA-1"
8.18614670471172,-1.55349379808952,"2","S2","Sepsis","GSM5511353_S2_T0_TTCCTCTGTTGCATCA-1"
8.8416919393919,-1.59617215426018,"2","S2","Sepsis","GSM5511353_S2_T0_TTGTGGAGTGCCTTTC-1"
9.92978188232403,-1.54397493631889,"2","S3","Sepsis","GSM5511355_S3_T0_AAGTACCAGAAATCCA-1"
2.00549480155926,-1.14848810465386,"1","S3","Sepsis","GSM5511355_S3_T0_AGCGCTGGTACGCTTA-1"
3.37988063529949,-2.46389085085442,"1","S3","Sepsis","GSM5511355_S3_T0_AGCGTATAGAGTCACG-1"
-6.41800692840595,0.647591292547683,"0","S3","Sepsis","GSM5511355_S3_T0_CATCCCAGTGTCTCCT-1"
-8.04706576629658,0.787207603144149,"0","S3","Sepsis","GSM5511355_S3_T0_CATTCTATCTTAATCC-1"
2.92266937927227,-1.94147163660576,"1","S3","Sepsis","GSM5511355_S3_T0_CCCTCAATCTGCTAGA-1"
-3.66891911788959,1.2761211876447,"0","S3","Sepsis","GSM5511355_S3_T0_CCTCAACTCTTAGCCC-1"
-7.70036748214741,0.802280783342818,"0","S3","Sepsis","GSM5511355_S3_T0_CTAGGTAAGCACGGAT-1"
-9.1009464578249,1.32978506168971,"0","S3","Sepsis","GSM5511355_S3_T0_CTTCTCTGTGGATACG-1"
3.13143917755108,-2.12475258142998,"1","S3","Sepsis","GSM5511355_S3_T0_CTTTCAATCAGAGTTC-1"
9.8396052999876,-1.73797971041252,"2","S3","Sepsis","GSM5511355_S3_T0_GGTGTTATCCTAGAGT-1"
3.12640926078777,-2.16269475252678,"1","S3","Sepsis","GSM5511355_S3_T0_GTATTGGTCGCTGACG-1"
-4.10510948463459,2.03652673928688,"0","S3","Sepsis","GSM5511355_S3_T0_TACCGGGAGATGCTGG-1"
-7.23222592636127,1.08327351479481,"0","S3","Sepsis","GSM5511355_S3_T0_TCACGCTCATTCACCC-1"
-3.93605044647236,3.05161374776314,"0","S3","Sepsis","GSM5511355_S3_T0_TCACGGGTCTGACCCT-1"
-8.53424456878681,1.43020185052107,"0","S3","Sepsis","GSM5511355_S3_T0_TCCATCGCAAATGCGG-1"
-6.10502389236469,1.00881230800102,"0","S3","Sepsis","GSM5511355_S3_T0_TCGCTCAAGCGTACAG-1"
2.49188539222698,-0.612679660630723,"1","S3","Sepsis","GSM5511355_S3_T0_TGATTTCTCCTAACAG-1"
9.52733513549786,-1.21032029421379,"2","S3","Sepsis","GSM5511355_S3_T0_TTTACGTTCTGATTCT-1"
9.25663372711163,-2.30487471849968,"2","S3","Sepsis","GSM5511355_S3_T0_TTTCAGTTCGGACGTC-1"
