"category","subcategory","ID","Description","GeneRatio","BgRatio","RichFactor","FoldEnrichment","zScore","pvalue","p.adjust","qvalue","geneID","Count"
"Organismal Systems","Immune system","hsa04610","Complement and coagulation cascades","6/139","41/4898",0.146341463414634,5.15669415686963,4.56741577282607,0.000929849288992985,0.224093678647309,0.222185040633061,"C3AR1/CD55/CD59/CR1/ITGAM/SERPINB2",6
"Metabolism","Lipid metabolism","hsa00600","Sphingolipid metabolism","5/139","32/4898",0.15625,5.50584532374101,4.36998368753903,0.00185971652622873,0.224095841410562,0.222187184975748,"ACER3/B4GALT5/GM2A/SPTLC2/UGCG",5
"Organismal Systems","Immune system","hsa04640","Hematopoietic cell lineage","7/139","72/4898",0.0972222222222222,3.42585931254996,3.54366614554973,0.00402868353913208,0.323637577643611,0.320881109958941,"CD55/CD59/CR1/FCGR1A/IL1R1/IL1R2/ITGAM",7
"Cellular Processes","Transport and catabolism","hsa04145","Phagocytosis","12/139","195/4898",0.0615384615384615,2.16845600442723,2.84548814586411,0.00889405974587628,0.399387852101436,0.395986208460476,"ATP6V1C1/BPI/CD63/CR1/FCAR/FCGR1A/ITGAM/LCN2/LTF/MMP8/MMP9/RABGEF1",12
"Human Diseases","Infectious disease: bacterial","hsa05134","Legionellosis","5/139","47/4898",0.106382978723404,3.74866064595132,3.23570571404601,0.010086420810066,0.399387852101436,0.395986208460476,"CR1/ITGAM/NAIP/NLRC4/SAR1B",5
"Organismal Systems","Development and regeneration","hsa04380","Osteoclast differentiation","8/139","108/4898",0.0740740740740741,2.61017852384759,2.891563610305,0.0111269988062893,0.399387852101436,0.395986208460476,"FCGR1A/IL1R1/LILRA5/LILRA6/MAP2K6/MAPK14/OSCAR/SOCS3",8
"Human Diseases","Cancer: overview","hsa05202","Transcriptional misregulation in cancer","9/139","131/4898",0.0687022900763359,2.42089076830139,2.81700984126958,0.0116004770319919,0.399387852101436,0.395986208460476,"BCL2A1/CCNA1/CDKN2C/FCGR1A/GADD45A/HPGD/IL1R2/ITGAM/MMP9",9
"Human Diseases","Cardiovascular disease","hsa05418","Fluid shear stress and atherosclerosis","7/139","98/4898",0.0714285714285714,2.5169578622816,2.59227180418408,0.020611427656387,0.620919258148659,0.615630799736823,"IL1R1/IL1R2/MAP2K6/MAPK14/MEF2A/MMP9/TXN",7
"Organismal Systems","Endocrine system","hsa04913","Ovarian steroidogenesis","3/139","22/4898",0.136363636363636,4.8051013734467,3.05675283152523,0.0232081114884211,0.62146165207883,0.616168574020068,"ALOX5/CYP1B1/LDLR",3
"Metabolism","Glycan biosynthesis and metabolism","hsa00512","Mucin type O-glycan biosynthesis","3/139","23/4898",0.130434782608696,4.59618392242727,2.95415380605005,0.0261472041344142,0.630147619639383,0.624780561948634,"B4GALT5/GALNT14/ST6GALNAC3",3
"Metabolism","Carbohydrate metabolism","hsa00051","Fructose and mannose metabolism","3/139","25/4898",0.12,4.22848920863309,2.76557689015967,0.0325948332840033,0.71412316558589,0.708040876121411,"HK3/PFKFB2/PFKFB3",3
"Human Diseases","Infectious disease: bacterial","hsa05150","Staphylococcus aureus infection","4/139","45/4898",0.0888888888888889,3.13221422861711,2.45553737118399,0.0376880633837008,0.737712602843392,0.731429398757152,"C3AR1/FCAR/FCGR1A/ITGAM",4
"Metabolism","Lipid metabolism","hsa00590","Arachidonic acid metabolism","3/139","27/4898",0.111111111111111,3.91526778577138,2.59576797847384,0.0397936258795191,0.737712602843392,0.731429398757152,"ALOX5/HPGD/PLB1",3
"Organismal Systems","Immune system","hsa04613","Neutrophil extracellular trap formation","6/139","93/4898",0.0645161290322581,2.27338129496403,2.11869208481729,0.0477014395590658,0.821146209552489,0.814152389466761,"CR1/FCGR1A/ITGAM/MAPK14/PADI4/SIGLEC9",6
NA,NA,"hsa04382","Cornified envelope formation","5/139","73/4898",0.0684931506849315,2.41352123780428,2.07936011332551,0.0552793988791778,0.835556309496504,0.828439756521976,"COL17A1/S100A12/S100A8/SPTLC2/UGCG",5
"Organismal Systems","Digestive system","hsa04979","Cholesterol metabolism","3/139","31/4898",0.0967741935483871,3.41007194244604,2.30035456069062,0.0563781104524205,0.835556309496504,0.828439756521976,"LDLR/SORT1/TSPO",3
"Organismal Systems","Immune system","hsa04664","Fc epsilon RI signaling pathway","4/139","52/4898",0.0769230769230769,2.71057000553403,2.11916815506874,0.0589396566864754,0.835556309496504,0.828439756521976,"ALOX5/FCER1G/MAP2K6/MAPK14",4
"Organismal Systems","Immune system","hsa04657","IL-17 signaling pathway","4/139","55/4898",0.0727272727272727,2.5627207325049,1.99168239208262,0.0696517838173042,0.890980265532398,0.883391658772021,"LCN2/MAPK14/MMP9/S100A8",4
"Human Diseases","Infectious disease: parasitic","hsa05146","Amoebiasis","4/139","56/4898",0.0714285714285714,2.5169578622816,1.9510560136394,0.0734311589581997,0.890980265532398,0.883391658772021,"ARG1/IL1R1/IL1R2/ITGAM",4
"Human Diseases","Cancer: overview","hsa05208","Chemical carcinogenesis - reactive oxygen species","8/139","159/4898",0.050314465408805,1.77295145016063,1.69325366329197,0.0812269955252785,0.890980265532398,0.883391658772021,"COX7B/CYP1B1/HGF/MAPK14/NDUFA4/NDUFB1/NDUFB3/SLC26A6",8
"Environmental Information Processing","Signaling molecules and interaction","hsa04060","Cytokine-cytokine receptor interaction","7/139","134/4898",0.0522388059701493,1.84076022763878,1.68637160748936,0.0853196033185137,0.890980265532398,0.883391658772021,"ACVR1B/IL18R1/IL18RAP/IL1R1/IL1R2/IL1RN/OSM",7
"Metabolism","Metabolism of other amino acids","hsa00480","Glutathione metabolism","3/139","37/4898",0.0810810810810811,2.85708730313047,1.93769300722294,0.0863474641407779,0.890980265532398,0.883391658772021,"GCLM/OPLAH/PGD",3
"Human Diseases","Infectious disease: parasitic","hsa05140","Leishmaniasis","4/139","61/4898",0.0655737704918033,2.31064984078311,1.76026540048696,0.0938416227178333,0.890980265532398,0.883391658772021,"CR1/FCGR1A/ITGAM/MAPK14",4
"Human Diseases","Cancer: specific types","hsa05221","Acute myeloid leukemia","4/139","61/4898",0.0655737704918033,2.31064984078311,1.76026540048696,0.0938416227178333,0.890980265532398,0.883391658772021,"BCL2A1/CCNA1/FCGR1A/ITGAM",4
"Organismal Systems","Digestive system","hsa04974","Protein digestion and absorption","3/139","40/4898",0.075,2.64280575539568,1.78279766193405,0.103394433188218,0.890980265532398,0.883391658772021,"COL17A1/SLC36A1/SLC36A4",3
"Metabolism","Lipid metabolism","hsa00140","Steroid hormone biosynthesis","2/139","20/4898",0.1,3.52374100719424,1.93265121463517,0.108985872960195,0.890980265532398,0.883391658772021,"CYP1B1/DHRS9",2
"Metabolism","Carbohydrate metabolism","hsa00500","Starch and sucrose metabolism","2/139","20/4898",0.1,3.52374100719424,1.93265121463517,0.108985872960195,0.890980265532398,0.883391658772021,"GYG1/HK3",2
NA,NA,"hsa04981","Folate transport and metabolism","2/139","20/4898",0.1,3.52374100719424,1.93265121463517,0.108985872960195,0.890980265532398,0.883391658772021,"FOLR3/MTHFS",2
"Metabolism","Nucleotide metabolism","hsa00240","Pyrimidine metabolism","3/139","41/4898",0.0731707317073171,2.57834707843481,1.73430304683906,0.109352719710364,0.890980265532398,0.883391658772021,"CDADC1/ENTPD1/UPP1",3
"Metabolism","Energy metabolism","hsa00190","Oxidative phosphorylation","5/139","91/4898",0.0549450549450549,1.93612143252431,1.54038905225004,0.115331099081017,0.890980265532398,0.883391658772021,"ATP6V1C1/COX7B/NDUFA4/NDUFB1/NDUFB3",5
"Environmental Information Processing","Signal transduction","hsa04668","TNF signaling pathway","5/139","91/4898",0.0549450549450549,1.93612143252431,1.54038905225004,0.115331099081017,0.890980265532398,0.883391658772021,"IL18R1/MAP2K6/MAPK14/MMP9/SOCS3",5
"Metabolism","Metabolism of terpenoids and polyketides","hsa00900","Terpenoid backbone biosynthesis","2/139","21/4898",0.0952380952380952,3.35594381637547,1.84889734437911,0.118304433597663,0.890980265532398,0.883391658772021,"IDI1/PDSS1",2
"Human Diseases","Infectious disease: bacterial","hsa05131","Shigellosis","8/139","181/4898",0.0441988950276243,1.55745458881514,1.30596170993017,0.141104314315046,0.978030941958195,0.969700912096573,"HK3/IL1R1/MAPK14/NAIP/NLRC4/RRAGD/TIFA/WIPI1",8
NA,NA,"hsa03272","Virion - Hepatitis viruses","2/139","24/4898",0.0833333333333333,2.93645083932854,1.62511438363773,0.147334825492136,0.978030941958195,0.969700912096573,"CD63/LDLR",2
"Human Diseases","Cancer: specific types","hsa05218","Melanoma","3/139","47/4898",0.0638297872340425,2.24919638757079,1.47054598943752,0.147667305895954,0.978030941958195,0.969700912096573,"GADD45A/HGF/PDGFC",3
"Human Diseases","Endocrine and metabolic disease","hsa04932","Non-alcoholic fatty liver disease","6/139","129/4898",0.0465116279069767,1.63894930567174,1.25678849446298,0.15902409414819,0.978030941958195,0.969700912096573,"COX7B/MAPK14/NDUFA4/NDUFB1/NDUFB3/SOCS3",6
"Organismal Systems","Endocrine system","hsa04910","Insulin signaling pathway","5/139","107/4898",0.0467289719626168,1.64660794728703,1.15567160106236,0.18663836222689,0.978030941958195,0.969700912096573,"FLOT1/HK3/MKNK1/PPP1R3D/SOCS3",5
"Organismal Systems","Nervous system","hsa04723","Retrograde endocannabinoid signaling","4/139","81/4898",0.0493827160493827,1.74011901589839,1.14781091076779,0.197049213493553,0.978030941958195,0.969700912096573,"MAPK14/NDUFA4/NDUFB1/NDUFB3",4
"Human Diseases","Cardiovascular disease","hsa05415","Diabetic cardiomyopathy","6/139","139/4898",0.0431654676258993,1.52103928368097,1.06496323594784,0.201470431827458,0.978030941958195,0.969700912096573,"COX7B/MAPK14/MMP9/NDUFA4/NDUFB1/NDUFB3",6
"Human Diseases","Infectious disease: bacterial","hsa05152","Tuberculosis","6/139","140/4898",0.0428571428571429,1.51017471736896,1.04661108765292,0.205932240663004,0.978030941958195,0.969700912096573,"CLEC4E/CR1/FCER1G/FCGR1A/ITGAM/MAPK14",6
"Human Diseases","Infectious disease: parasitic","hsa05144","Malaria","2/139","30/4898",0.0666666666666667,2.34916067146283,1.26667038031843,0.208765133210899,0.978030941958195,0.969700912096573,"CR1/HGF",2
"Cellular Processes","Transport and catabolism","hsa04142","Lysosome biogenesis","8/139","203/4898",0.0394088669950739,1.38866640677606,0.966544437286685,0.217834748902486,0.978030941958195,0.969700912096573,"ATP6V1C1/BLOC1S1/CD63/GM2A/RRAGD/SLC36A1/SLC36A4/SORT1",8
"Metabolism","Carbohydrate metabolism","hsa00520","Amino sugar and nucleotide sugar metabolism","2/139","31/4898",0.0645161290322581,2.27338129496403,1.21541121564848,0.219274583056311,0.978030941958195,0.969700912096573,"CHIT1/HK3",2
"Human Diseases","Endocrine and metabolic disease","hsa04930","Type II diabetes mellitus","2/139","31/4898",0.0645161290322581,2.27338129496403,1.21541121564848,0.219274583056311,0.978030941958195,0.969700912096573,"HK3/SOCS3",2
"Environmental Information Processing","Signal transduction","hsa04066","HIF-1 signaling pathway","4/139","85/4898",0.0470588235294118,1.65823106220906,1.04615131367268,0.220877503347117,0.978030941958195,0.969700912096573,"HK3/LDHA/MKNK1/PFKFB3",4
"Human Diseases","Cancer: specific types","hsa05215","Prostate cancer","4/139","85/4898",0.0470588235294118,1.65823106220906,1.04615131367268,0.220877503347117,0.978030941958195,0.969700912096573,"FOLR3/IL1R2/MMP9/PDGFC",4
NA,NA,"hsa04518","Integrin signaling","4/139","86/4898",0.0465116279069767,1.63894930567174,1.02156832486412,0.22695357281252,0.978030941958195,0.969700912096573,"HGF/ITGA7/ITGAM/PDGFC",4
"Organismal Systems","Immune system","hsa04625","C-type lectin receptor signaling pathway","4/139","87/4898",0.0459770114942529,1.6201108079054,0.997300067241901,0.233072634627143,0.978030941958195,0.969700912096573,"CLEC4D/CLEC4E/FCER1G/MAPK14",4
"Metabolism","Lipid metabolism","hsa00564","Glycerophospholipid metabolism","3/139","59/4898",0.0508474576271186,1.7917327155225,1.04554176437472,0.234186301801297,0.978030941958195,0.969700912096573,"MBOAT2/PGS1/PLB1",3
"Organismal Systems","Sensory system","hsa04750","Inflammatory mediator regulation of TRP channels","3/139","60/4898",0.05,1.76187050359712,1.01470185137844,0.241798099265545,0.978030941958195,0.969700912096573,"IL1R1/MAP2K6/MAPK14",3
"Human Diseases","Infectious disease: parasitic","hsa05145","Toxoplasmosis","4/139","89/4898",0.0449438202247191,1.58370382345809,0.94967444715028,0.245430577679222,0.978030941958195,0.969700912096573,"ALOX5/LDLR/MAP2K6/MAPK14",4
"Metabolism","Energy metabolism","hsa00910","Nitrogen metabolism","1/139","10/4898",0.1,3.52374100719424,1.36519216001226,0.250360354856683,0.978030941958195,0.969700912096573,"CA4",1
"Metabolism","Lipid metabolism","hsa00561","Glycerolipid metabolism","2/139","34/4898",0.0588235294117647,2.07278882776132,1.07268329449902,0.251027653506917,0.978030941958195,0.969700912096573,"GK/MBOAT2",2
"Environmental Information Processing","Signal transduction","hsa04020","Calcium signaling pathway","5/139","122/4898",0.040983606557377,1.44415615048944,0.848981128018187,0.264590378898994,0.978030941958195,0.969700912096573,"ASPH/HGF/ITPKC/P2RX1/PDGFC",5
"Organismal Systems","Digestive system","hsa04977","Vitamin digestion and absorption","1/139","11/4898",0.0909090909090909,3.20340091563113,1.25021095002714,0.27167784885728,0.978030941958195,0.969700912096573,"PLB1",1
"Metabolism","Amino acid metabolism","hsa00270","Cysteine and methionine metabolism","2/139","36/4898",0.0555555555555556,1.95763389288569,0.98550284242638,0.272281649767671,0.978030941958195,0.969700912096573,"GCLM/LDHA",2
"Metabolism","Glycan biosynthesis and metabolism","hsa00534","Glycosaminoglycan biosynthesis - heparan sulfate / heparin","1/139","12/4898",0.0833333333333333,2.93645083932854,1.14771740435359,0.292393375562588,0.978030941958195,0.969700912096573,"NDST2",1
"Metabolism","Glycan biosynthesis and metabolism","hsa00604","Glycosphingolipid biosynthesis - ganglio series","1/139","12/4898",0.0833333333333333,2.93645083932854,1.14771740435359,0.292393375562588,0.978030941958195,0.969700912096573,"ST6GALNAC3",1
"Organismal Systems","Endocrine system","hsa04914","Progesterone-mediated oocyte maturation","3/139","68/4898",0.0441176470588235,1.55459162082099,0.786989239628741,0.303832995721735,0.978030941958195,0.969700912096573,"CCNA1/CPEB4/MAPK14",3
"Metabolism","Lipid metabolism","hsa00061","Fatty acid biosynthesis","1/139","13/4898",0.0769230769230769,2.71057000553403,1.05534594157883,0.312523813711749,0.978030941958195,0.969700912096573,"OLAH",1
"Metabolism","Amino acid metabolism","hsa00220","Arginine biosynthesis","1/139","13/4898",0.0769230769230769,2.71057000553403,1.05534594157883,0.312523813711749,0.978030941958195,0.969700912096573,"ARG1",1
"Organismal Systems","Digestive system","hsa04980","Cobalamin transport and metabolism","1/139","13/4898",0.0769230769230769,2.71057000553403,1.05534594157883,0.312523813711749,0.978030941958195,0.969700912096573,"TCN1",1
"Metabolism","Carbohydrate metabolism","hsa00010","Glycolysis / Gluconeogenesis","2/139","40/4898",0.05,1.76187050359712,0.826793397848987,0.31467440344069,0.978030941958195,0.969700912096573,"HK3/LDHA",2
"Metabolism","Xenobiotics biodegradation and metabolism","hsa00983","Drug metabolism - other enzymes","2/139","40/4898",0.05,1.76187050359712,0.826793397848987,0.31467440344069,0.978030941958195,0.969700912096573,"CDADC1/UPP1",2
"Human Diseases","Neurodegenerative disease","hsa05012","Parkinson disease","7/139","197/4898",0.0355329949238579,1.25209071321623,0.617176575260918,0.325832349843284,0.978030941958195,0.969700912096573,"COX7B/NDUFA4/NDUFB1/NDUFB3/PSMA6/TXN/UBE2J1",7
"Environmental Information Processing","Signal transduction","hsa04015","Rap1 signaling pathway","5/139","135/4898",0.037037037037037,1.30508926192379,0.614282460965837,0.337165576607273,0.978030941958195,0.969700912096573,"HGF/ITGAM/MAP2K6/MAPK14/PDGFC",5
"Organismal Systems","Immune system","hsa04621","NOD-like receptor signaling pathway","5/139","137/4898",0.0364963503649635,1.28603686393951,0.580293626242166,0.348536074508334,0.978030941958195,0.969700912096573,"CARD6/MAPK14/NAIP/NLRC4/TXN",5
"Environmental Information Processing","Signal transduction","hsa04010","MAPK signaling pathway","7/139","202/4898",0.0346534653465347,1.22109836882969,0.548418098830013,0.349151849122518,0.978030941958195,0.969700912096573,"GADD45A/HGF/IL1R1/MAP2K6/MAPK14/MKNK1/PDGFC",7
"Organismal Systems","Circulatory system","hsa04270","Vascular smooth muscle contraction","3/139","74/4898",0.0405405405405405,1.42854365156523,0.634778013500205,0.350898824635352,0.978030941958195,0.969700912096573,"ADM/KCNMA1/MYL6",3
"Metabolism","Metabolism of cofactors and vitamins","hsa00770","Pantothenate and CoA biosynthesis","1/139","15/4898",0.0666666666666667,2.34916067146283,0.894294459169727,0.351094602738976,0.978030941958195,0.969700912096573,"VNN1",1
"Organismal Systems","Excretory system","hsa04964","Proximal tubule bicarbonate reclamation","1/139","15/4898",0.0666666666666667,2.34916067146283,0.894294459169727,0.351094602738976,0.978030941958195,0.969700912096573,"CA4",1
"Human Diseases","Drug resistance: antineoplastic","hsa01522","Endocrine resistance","3/139","75/4898",0.04,1.4094964028777,0.61071233469728,0.358728432873512,0.978030941958195,0.969700912096573,"CDKN2C/MAPK14/MMP9",3
"Organismal Systems","Immune system","hsa04622","RIG-I-like receptor signaling pathway","2/139","45/4898",0.0444444444444444,1.56610711430855,0.65195005108814,0.366849793785838,0.978030941958195,0.969700912096573,"AZI2/MAPK14",2
"Human Diseases","Immune disease","hsa05321","Inflammatory bowel disease","2/139","45/4898",0.0444444444444444,1.56610711430855,0.65195005108814,0.366849793785838,0.978030941958195,0.969700912096573,"IL18R1/IL18RAP",2
"Organismal Systems","Immune system","hsa04670","Leukocyte transendothelial migration","3/139","77/4898",0.038961038961039,1.37288610669906,0.563595606530783,0.374347849265504,0.978030941958195,0.969700912096573,"ITGAM/MAPK14/MMP9",3
"Environmental Information Processing","Signal transduction","hsa04064","NF-kappa B signaling pathway","3/139","78/4898",0.0384615384615385,1.35528500276702,0.540524342873172,0.382132067505936,0.978030941958195,0.969700912096573,"BCL2A1/GADD45A/IL1R1",3
"Organismal Systems","Digestive system","hsa04972","Pancreatic secretion","2/139","47/4898",0.0425531914893617,1.49946425838053,0.58796612713327,0.38731338027963,0.978030941958195,0.969700912096573,"BST1/KCNMA1",2
"Metabolism","Metabolism of cofactors and vitamins","hsa00830","Retinol metabolism","1/139","17/4898",0.0588235294117647,2.07278882776132,0.757179589514327,0.38751607897444,0.978030941958195,0.969700912096573,"DHRS9",1
"Human Diseases","Cancer: overview","hsa05204","Chemical carcinogenesis - DNA adducts","1/139","17/4898",0.0588235294117647,2.07278882776132,0.757179589514327,0.38751607897444,0.978030941958195,0.969700912096573,"CYP1B1",1
"Environmental Information Processing","Signaling molecules and interaction","hsa04080","Neuroactive ligand-receptor interaction","4/139","112/4898",0.0357142857142857,1.2584789311408,0.472892485657626,0.393625584678022,0.978030941958195,0.969700912096573,"ADM/C3AR1/P2RX1/TSPO",4
"Environmental Information Processing","Signaling molecules and interaction","hsa04061","Viral protein interaction with cytokine and cytokine receptor","2/139","48/4898",0.0416666666666667,1.46822541966427,0.557082270140371,0.397438514448691,0.978030941958195,0.969700912096573,"IL18R1/IL18RAP",2
"Organismal Systems","Endocrine system","hsa04917","Prolactin signaling pathway","2/139","48/4898",0.0416666666666667,1.46822541966427,0.557082270140371,0.397438514448691,0.978030941958195,0.969700912096573,"MAPK14/SOCS3",2
"Human Diseases","Cancer: overview","hsa05235","PD-L1 expression and PD-1 checkpoint pathway in cancer","3/139","81/4898",0.037037037037037,1.30508926192379,0.473146583281813,0.405351108902119,0.978030941958195,0.969700912096573,"BATF/MAP2K6/MAPK14",3
"Human Diseases","Infectious disease: viral","hsa05166","Human T-cell leukemia virus 1 infection","6/139","181/4898",0.0331491712707182,1.16809094161135,0.393790522017447,0.408672343296861,0.978030941958195,0.969700912096573,"CCNA1/CDKN2C/ETS2/IL1R1/IL1R2/TSPO",6
"Organismal Systems","Endocrine system","hsa04935","Growth hormone synthesis, secretion and action","3/139","83/4898",0.036144578313253,1.27364132790153,0.429672134630821,0.420694517271128,0.978030941958195,0.969700912096573,"MAP2K6/MAPK14/SOCS3",3
"Metabolism","Glycan biosynthesis and metabolism","hsa00601","Glycosphingolipid biosynthesis - lacto and neolacto series","1/139","19/4898",0.0526315789473684,1.85460053010223,0.637806805654316,0.421907190714467,0.978030941958195,0.969700912096573,"B3GNT5",1
"Human Diseases","Immune disease","hsa05310","Asthma","1/139","19/4898",0.0526315789473684,1.85460053010223,0.637806805654316,0.421907190714467,0.978030941958195,0.969700912096573,"FCER1G",1
"Human Diseases","Cancer: overview","hsa05230","Central carbon metabolism in cancer","2/139","51/4898",0.0392156862745098,1.38185921850755,0.468453466842471,0.427338966032806,0.978030941958195,0.969700912096573,"HK3/LDHA",2
"Human Diseases","Neurodegenerative disease","hsa05016","Huntington disease","7/139","219/4898",0.0319634703196347,1.12630991097533,0.326811675569915,0.429348607967674,0.978030941958195,0.969700912096573,"COX7B/HIP1/NDUFA4/NDUFB1/NDUFB3/PSMA6/WIPI1",7
"Organismal Systems","Environmental adaptation","hsa04714","Thermogenesis","5/139","152/4898",0.0328947368421053,1.1591253313139,0.340574280400809,0.433927870833969,0.978030941958195,0.969700912096573,"COX7B/MAPK14/NDUFA4/NDUFB1/NDUFB3",5
"Organismal Systems","Immune system","hsa04611","Platelet activation","3/139","85/4898",0.0352941176470588,1.24367329665679,0.387279109176245,0.435907814648451,0.978030941958195,0.969700912096573,"FCER1G/MAPK14/P2RX1",3
"Organismal Systems","Circulatory system","hsa04260","Cardiac muscle contraction","2/139","52/4898",0.0384615384615385,1.35528500276702,0.440150745892635,0.437135676752791,0.978030941958195,0.969700912096573,"ASPH/COX7B",2
"Organismal Systems","Digestive system","hsa04970","Salivary secretion","2/139","52/4898",0.0384615384615385,1.35528500276702,0.440150745892635,0.437135676752791,0.978030941958195,0.969700912096573,"BST1/KCNMA1",2
"Organismal Systems","Excretory system","hsa04966","Collecting duct acid secretion","1/139","20/4898",0.05,1.76187050359712,0.583431481270994,0.438376733754165,0.978030941958195,0.969700912096573,"ATP6V1C1",1
"Cellular Processes","Transport and catabolism","hsa04148","Efferocytosis","4/139","119/4898",0.0336134453781513,1.18445075872075,0.348096784184146,0.438763241513841,0.978030941958195,0.969700912096573,"ALOX5/ARG1/ATP11B/MAPK14",4
"Metabolism","Lipid metabolism","hsa00565","Ether lipid metabolism","1/139","21/4898",0.0476190476190476,1.67797190818774,0.532058723938673,0.45438034876199,0.978030941958195,0.969700912096573,"PLB1",1
"Metabolism","Xenobiotics biodegradation and metabolism","hsa00980","Metabolism of xenobiotics by cytochrome P450","1/139","21/4898",0.0476190476190476,1.67797190818774,0.532058723938673,0.45438034876199,0.978030941958195,0.969700912096573,"CYP1B1",1
"Metabolism","Global and overview maps","hsa01232","Nucleotide metabolism","2/139","54/4898",0.037037037037037,1.30508926192379,0.385244400214985,0.456455420778272,0.978030941958195,0.969700912096573,"ENTPD1/UPP1",2
"Human Diseases","Infectious disease: bacterial","hsa05120","Epithelial cell signaling in Helicobacter pylori infection","2/139","54/4898",0.037037037037037,1.30508926192379,0.385244400214985,0.456455420778272,0.978030941958195,0.969700912096573,"ATP6V1C1/MAPK14",2
"Human Diseases","Neurodegenerative disease","hsa05014","Amyotrophic lateral sclerosis","8/139","260/4898",0.0307692307692308,1.08422800221361,0.238502206599108,0.459715650607182,0.978030941958195,0.969700912096573,"COX7B/MAP2K6/MAPK14/NDUFA4/NDUFB1/NDUFB3/PSMA6/WIPI1",8
"Human Diseases","Neurodegenerative disease","hsa05022","Pathways of neurodegeneration - multiple diseases","10/139","330/4898",0.0303030303030303,1.06780030521038,0.217941618087098,0.462792877975453,0.978030941958195,0.969700912096573,"COX7B/HIP1/MAP2K6/MAPK14/NDUFA4/NDUFB1/NDUFB3/PSMA6/UBE2J1/WIPI1",10
"Cellular Processes","Cell growth and death","hsa04110","Cell cycle","4/139","123/4898",0.032520325203252,1.14593203485992,0.280111607439781,0.464149777972429,0.978030941958195,0.969700912096573,"CCNA1/CDKN2C/CDKN2D/GADD45A",4
"Human Diseases","Neurodegenerative disease","hsa05020","Prion disease","6/139","193/4898",0.0310880829015544,1.09546352555261,0.231233583463558,0.469901957034706,0.978030941958195,0.969700912096573,"COX7B/MAPK14/NDUFA4/NDUFB1/NDUFB3/PSMA6",6
"Metabolism","Carbohydrate metabolism","hsa00052","Galactose metabolism","1/139","22/4898",0.0454545454545455,1.60170045781557,0.483364146614508,0.469931124140724,0.978030941958195,0.969700912096573,"HK3",1
"Human Diseases","Infectious disease: bacterial","hsa05133","Pertussis","2/139","56/4898",0.0357142857142857,1.2584789311408,0.332446197446008,0.475392843975455,0.978030941958195,0.969700912096573,"ITGAM/MAPK14",2
"Metabolism","Carbohydrate metabolism","hsa00640","Propanoate metabolism","1/139","23/4898",0.0434782608695652,1.53206130747576,0.437071899112041,0.485041783235154,0.978030941958195,0.969700912096573,"LDHA",1
"Metabolism","Metabolism of cofactors and vitamins","hsa00670","One carbon pool by folate","1/139","23/4898",0.0434782608695652,1.53206130747576,0.437071899112041,0.485041783235154,0.978030941958195,0.969700912096573,"MTHFS",1
"Metabolism","Metabolism of cofactors and vitamins","hsa00760","Nicotinate and nicotinamide metabolism","1/139","23/4898",0.0434782608695652,1.53206130747576,0.437071899112041,0.485041783235154,0.978030941958195,0.969700912096573,"BST1",1
"Environmental Information Processing","Signal transduction","hsa04152","AMPK signaling pathway","3/139","92/4898",0.0326086956521739,1.14904598060682,0.246624886775977,0.487899280070407,0.978030941958195,0.969700912096573,"CCNA1/PFKFB2/PFKFB3",3
"Cellular Processes","Cell growth and death","hsa04218","Cellular senescence","4/139","127/4898",0.031496062992126,1.10983968730527,0.214324115353501,0.489135183685975,0.978030941958195,0.969700912096573,"CCNA1/GADD45A/MAP2K6/MAPK14",4
"Metabolism","Amino acid metabolism","hsa00380","Tryptophan metabolism","1/139","24/4898",0.0416666666666667,1.46822541966427,0.392945614124169,0.499724694441372,0.978030941958195,0.969700912096573,"CYP1B1",1
"Human Diseases","Endocrine and metabolic disease","hsa04936","Alcoholic liver disease","3/139","95/4898",0.0315789473684211,1.11276031806134,0.189660286064989,0.509480611169014,0.978030941958195,0.969700912096573,"C3AR1/MAP2K6/MAPK14",3
"Human Diseases","Infectious disease: viral","hsa05161","Hepatitis B","4/139","131/4898",0.0305343511450382,1.0759514525784,0.150578773643405,0.513646081983811,0.978030941958195,0.969700912096573,"CCNA1/MAP2K6/MAPK14/MMP9",4
"Metabolism","Carbohydrate metabolism","hsa00030","Pentose phosphate pathway","1/139","25/4898",0.04,1.4094964028777,0.350781345458348,0.51399188103814,0.978030941958195,0.969700912096573,"PGD",1
"Environmental Information Processing","Signal transduction","hsa04071","Sphingolipid signaling pathway","3/139","96/4898",0.03125,1.1011690647482,0.171075127994392,0.516570152819179,0.978030941958195,0.969700912096573,"FCER1G/MAPK14/SPTLC2",3
"Human Diseases","Drug resistance: antineoplastic","hsa01521","EGFR tyrosine kinase inhibitor resistance","2/139","61/4898",0.0327868852459016,1.15532492039156,0.208608794424668,0.520954093143075,0.978030941958195,0.969700912096573,"HGF/PDGFC",2
"Cellular Processes","Cell growth and death","hsa04115","p53 signaling pathway","2/139","61/4898",0.0327868852459016,1.15532492039156,0.208608794424668,0.520954093143075,0.978030941958195,0.969700912096573,"GADD45A/TP53I3",2
"Metabolism","Glycan biosynthesis and metabolism","hsa00514","Other types of O-glycan biosynthesis","1/139","26/4898",0.0384615384615385,1.35528500276702,0.310401998964629,0.527855030747908,0.978030941958195,0.969700912096573,"GALNT14",1
"Human Diseases","Drug resistance: antineoplastic","hsa01523","Antifolate resistance","1/139","26/4898",0.0384615384615385,1.35528500276702,0.310401998964629,0.527855030747908,0.978030941958195,0.969700912096573,"FOLR3",1
"Cellular Processes","Transport and catabolism","hsa04136","Autophagy - other","1/139","26/4898",0.0384615384615385,1.35528500276702,0.310401998964629,0.527855030747908,0.978030941958195,0.969700912096573,"WIPI1",1
"Cellular Processes","Transport and catabolism","hsa04146","Peroxisome","2/139","62/4898",0.032258064516129,1.13669064748201,0.185099863757119,0.529747866429416,0.978030941958195,0.969700912096573,"FAR2/PECR",2
"Human Diseases","Infectious disease: viral","hsa05169","Epstein-Barr virus infection","5/139","170/4898",0.0294117647058824,1.03639441388066,0.0825344109570161,0.532920636003459,0.978030941958195,0.969700912096573,"CCNA1/ENTPD1/GADD45A/MAP2K6/MAPK14",5
"Environmental Information Processing","Signal transduction","hsa04068","FoxO signaling pathway","3/139","100/4898",0.03,1.05712230215827,0.0986257184950746,0.544374882168294,0.978030941958195,0.969700912096573,"CDKN2D/GADD45A/MAPK14",3
"Organismal Systems","Nervous system","hsa04722","Neurotrophin signaling pathway","3/139","100/4898",0.03,1.05712230215827,0.0986257184950746,0.544374882168294,0.978030941958195,0.969700912096573,"IRAK3/MAPK14/SORT1",3
"Human Diseases","Cancer: specific types","hsa05223","Non-small cell lung cancer","2/139","64/4898",0.03125,1.1011690647482,0.139219156744179,0.547007349382044,0.978030941958195,0.969700912096573,"GADD45A/HGF",2
"Organismal Systems","Digestive system","hsa04973","Carbohydrate digestion and absorption","1/139","28/4898",0.0357142857142857,1.2584789311408,0.234398206269841,0.554414348147191,0.978030941958195,0.969700912096573,"HK3",1
"Human Diseases","Cancer: overview","hsa05205","Proteoglycans in cancer","4/139","140/4898",0.0285714285714286,1.00678314491264,0.0139154576521138,0.566741966687197,0.978030941958195,0.969700912096573,"CD63/HGF/MAPK14/MMP9",4
"Metabolism","Amino acid metabolism","hsa00330","Arginine and proline metabolism","1/139","29/4898",0.0344827586206897,1.21508310592905,0.198518054649341,0.567132295910547,0.978030941958195,0.969700912096573,"ARG1",1
"Cellular Processes","Transport and catabolism","hsa04140","Autophagy - animal","4/139","141/4898",0.0283687943262411,0.999642838920353,-0.000735396752092726,0.572447105264476,0.978030941958195,0.969700912096573,"RRAGD/SH3GLB1/WDFY3/WIPI1",4
"Metabolism","Carbohydrate metabolism","hsa00620","Pyruvate metabolism","1/139","30/4898",0.0333333333333333,1.17458033573141,0.163906156571599,0.5794897842795,0.978030941958195,0.969700912096573,"LDHA",1
"Organismal Systems","Endocrine system","hsa04912","GnRH signaling pathway","2/139","68/4898",0.0294117647058824,1.03639441388066,0.0516452305288605,0.580192727419518,0.978030941958195,0.969700912096573,"MAP2K6/MAPK14",2
"Metabolism","Global and overview maps","hsa01250","Biosynthesis of nucleotide sugars","1/139","31/4898",0.032258064516129,1.13669064748201,0.130467870606334,0.591496957653606,0.978030941958195,0.969700912096573,"HK3",1
"Human Diseases","Cancer: specific types","hsa05216","Thyroid cancer","1/139","31/4898",0.032258064516129,1.13669064748201,0.130467870606334,0.591496957653606,0.978030941958195,0.969700912096573,"GADD45A",1
"Environmental Information Processing","Signal transduction","hsa04150","mTOR signaling pathway","3/139","108/4898",0.0277777777777778,0.978816946442846,-0.038040593582533,0.597129017768904,0.978030941958195,0.969700912096573,"ATP6V1C1/GRB10/RRAGD",3
"Organismal Systems","Digestive system","hsa04976","Bile secretion","1/139","32/4898",0.03125,1.1011690647482,0.0981185839433472,0.603163676964506,0.978030941958195,0.969700912096573,"LDLR",1
"Human Diseases","Cancer: overview","hsa05231","Choline metabolism in cancer","2/139","72/4898",0.0277777777777778,0.978816946442846,-0.0309439501959198,0.611577419714392,0.978030941958195,0.969700912096573,"PDGFC/SLC22A4",2
"Metabolism","Nucleotide metabolism","hsa00230","Purine metabolism","2/139","73/4898",0.0273972602739726,0.965408495121711,-0.0508858258228582,0.619141295551086,0.978030941958195,0.969700912096573,"ENTPD1/PDE4D",2
"Organismal Systems","Endocrine system","hsa04923","Regulation of lipolysis in adipocytes","1/139","34/4898",0.0294117647058824,1.03639441388066,0.0363908336595327,0.625513826753458,0.978030941958195,0.969700912096573,"G0S2",1
"Organismal Systems","Endocrine system","hsa04927","Cortisol synthesis and secretion","1/139","34/4898",0.0294117647058824,1.03639441388066,0.0363908336595327,0.625513826753458,0.978030941958195,0.969700912096573,"LDLR",1
"Human Diseases","Cancer: specific types","hsa05219","Bladder cancer","1/139","34/4898",0.0294117647058824,1.03639441388066,0.0363908336595327,0.625513826753458,0.978030941958195,0.969700912096573,"MMP9",1
"Human Diseases","Infectious disease: bacterial","hsa05135","Yersinia infection","3/139","113/4898",0.0265486725663717,0.935506462086968,-0.118530209509661,0.62803840936564,0.978030941958195,0.969700912096573,"MAP2K6/MAPK14/NLRC4",3
"Organismal Systems","Immune system","hsa04620","Toll-like receptor signaling pathway","2/139","75/4898",0.0266666666666667,0.939664268585132,-0.0899831479326749,0.633931216187108,0.978030941958195,0.969700912096573,"MAP2K6/MAPK14",2
"Human Diseases","Cancer: specific types","hsa05217","Basal cell carcinoma","1/139","35/4898",0.0285714285714286,1.00678314491264,0.00688220464517606,0.636215631457666,0.978030941958195,0.969700912096573,"GADD45A",1
"Organismal Systems","Digestive system","hsa04978","Mineral absorption","1/139","36/4898",0.0277777777777778,0.978816946442846,-0.0217995203040893,0.646613745220238,0.978030941958195,0.969700912096573,"SLC26A6",1
"Human Diseases","Immune disease","hsa05322","Systemic lupus erythematosus","1/139","36/4898",0.0277777777777778,0.978816946442846,-0.0217995203040893,0.646613745220238,0.978030941958195,0.969700912096573,"FCGR1A",1
"Organismal Systems","Immune system","hsa04662","B cell receptor signaling pathway","2/139","77/4898",0.025974025974026,0.915257404466038,-0.128083491637039,0.648272784572964,0.978030941958195,0.969700912096573,"LILRA5/LILRA6",2
"Human Diseases","Endocrine and metabolic disease","hsa04931","Insulin resistance","2/139","77/4898",0.025974025974026,0.915257404466038,-0.128083491637039,0.648272784572964,0.978030941958195,0.969700912096573,"PPP1R3D/SOCS3",2
"Cellular Processes","Cell growth and death","hsa04216","Ferroptosis","1/139","37/4898",0.027027027027027,0.952362434376823,-0.049705244138794,0.65671672535483,0.978030941958195,0.969700912096573,"GCLM",1
"Cellular Processes","Cellular community - eukaryotes","hsa04550","Signaling pathways regulating pluripotency of stem cells","2/139","79/4898",0.0253164556962025,0.892086330935252,-0.165244168098448,0.662169494710591,0.978030941958195,0.969700912096573,"ACVR1B/MAPK14",2
"Organismal Systems","Endocrine system","hsa04926","Relaxin signaling pathway","2/139","79/4898",0.0253164556962025,0.892086330935252,-0.165244168098448,0.662169494710591,0.978030941958195,0.969700912096573,"MAPK14/MMP9",2
"Environmental Information Processing","Signaling molecules and interaction","hsa04512","ECM-receptor interaction","1/139","38/4898",0.0263157894736842,0.927300265051117,-0.076881365963898,0.666532889760442,0.978030941958195,0.969700912096573,"ITGA7",1
"Organismal Systems","Endocrine system","hsa04928","Parathyroid hormone synthesis, secretion and action","2/139","80/4898",0.025,0.880935251798561,-0.183488729369753,0.668952399090683,0.978030941958195,0.969700912096573,"MEF2A/PDE4D",2
"Organismal Systems","Endocrine system","hsa04924","Renin secretion","1/139","39/4898",0.0256410256410256,0.903523335178011,-0.103370290152157,0.67607032357182,0.978030941958195,0.969700912096573,"KCNMA1",1
"Human Diseases","Infectious disease: bacterial","hsa05110","Vibrio cholerae infection","1/139","39/4898",0.0256410256410256,0.903523335178011,-0.103370290152157,0.67607032357182,0.978030941958195,0.969700912096573,"ATP6V1C1",1
"Human Diseases","Cardiovascular disease","hsa05417","Lipid and atherosclerosis","4/139","161/4898",0.0248447204968944,0.875463604271862,-0.274582046662634,0.677232573391669,0.978030941958195,0.969700912096573,"LDLR/MAP2K6/MAPK14/MMP9",4
"Human Diseases","Substance dependence","hsa05032","Morphine addiction","1/139","40/4898",0.025,0.880935251798561,-0.129210866236079,0.685336885626465,0.978030941958195,0.969700912096573,"PDE4D",1
"Genetic Information Processing","Folding, sorting and degradation","hsa03050","Proteasome","1/139","41/4898",0.024390243902439,0.859449026144938,-0.154438770485613,0.69434021475325,0.978030941958195,0.969700912096573,"PSMA6",1
"Metabolism","Global and overview maps","hsa01200","Carbon metabolism","2/139","86/4898",0.0232558139534884,0.819474652835871,-0.288628495032308,0.707377431625164,0.978030941958195,0.969700912096573,"HK3/PGD",2
"Organismal Systems","Endocrine system","hsa04915","Estrogen signaling pathway","2/139","86/4898",0.0232558139534884,0.819474652835871,-0.288628495032308,0.707377431625164,0.978030941958195,0.969700912096573,"FKBP5/MMP9",2
"Human Diseases","Infectious disease: bacterial","hsa05132","Salmonella infection","5/139","209/4898",0.0239234449760766,0.843000240955561,-0.396411835267934,0.715175020757263,0.978030941958195,0.969700912096573,"MAP2K6/MAPK14/NAIP/NLRC4/TXN",5
"Human Diseases","Cancer: specific types","hsa05226","Gastric cancer","2/139","88/4898",0.0227272727272727,0.800850228907783,-0.322153763430962,0.71933981990467,0.978030941958195,0.969700912096573,"GADD45A/HGF",2
NA,NA,"hsa04156","Integrated stress response (ISR) signaling pathway","1/139","44/4898",0.0227272727272727,0.800850228907783,-0.22676230534883,0.71984401996686,0.978030941958195,0.969700912096573,"GRB10",1
"Cellular Processes","Cell growth and death","hsa04114","Oocyte meiosis","2/139","89/4898",0.0224719101123595,0.791851911729044,-0.338652776819273,0.725166521780935,0.978030941958195,0.969700912096573,"CPEB4/MAPK14",2
"Organismal Systems","Endocrine system","hsa03320","PPAR signaling pathway","1/139","45/4898",0.0222222222222222,0.783053557154277,-0.249843608959787,0.727866616016429,0.978030941958195,0.969700912096573,"GK",1
"Human Diseases","Cardiovascular disease","hsa05412","Arrhythmogenic right ventricular cardiomyopathy","1/139","45/4898",0.0222222222222222,0.783053557154277,-0.249843608959787,0.727866616016429,0.978030941958195,0.969700912096573,"ITGA7",1
"Cellular Processes","Cellular community - eukaryotes","hsa04510","Focal adhesion","3/139","132/4898",0.0227272727272727,0.800850228907783,-0.396373268504721,0.730349853451594,0.978030941958195,0.969700912096573,"HGF/ITGA7/PDGFC",3
"Organismal Systems","Immune system","hsa04659","Th17 cell differentiation","2/139","90/4898",0.0222222222222222,0.783053557154277,-0.354981858314286,0.730891557352888,0.978030941958195,0.969700912096573,"IL1R1/MAPK14",2
"Organismal Systems","Nervous system","hsa04721","Synaptic vesicle cycle","1/139","46/4898",0.0217391304347826,0.766030653737879,-0.272453305366066,0.735661081372645,0.978030941958195,0.969700912096573,"ATP6V1C1",1
"Environmental Information Processing","Signal transduction","hsa04370","VEGF signaling pathway","1/139","47/4898",0.0212765957446809,0.749732129190265,-0.294613735170977,0.743233857483363,0.978030941958195,0.969700912096573,"MAPK14",1
"Organismal Systems","Endocrine system","hsa04911","Insulin secretion","1/139","47/4898",0.0212765957446809,0.749732129190265,-0.294613735170977,0.743233857483363,0.978030941958195,0.969700912096573,"KCNMA1",1
"Cellular Processes","Cell motility","hsa04814","Motor proteins","2/139","94/4898",0.0212765957446809,0.749732129190265,-0.418679913700461,0.752795968430184,0.978030941958195,0.969700912096573,"KIF1B/MYL6",2
"Human Diseases","Infectious disease: bacterial","hsa05130","Pathogenic Escherichia coli infection","3/139","138/4898",0.0217391304347826,0.766030653737879,-0.476441549245274,0.757721333404567,0.978030941958195,0.969700912096573,"IL1R1/MAPK14/NAIP",3
"Human Diseases","Cardiovascular disease","hsa05416","Viral myocarditis","1/139","49/4898",0.0204081632653061,0.719130817794744,-0.33766856907221,0.757739209841764,0.978030941958195,0.969700912096573,"CD55",1
"Environmental Information Processing","Signal transduction","hsa04630","JAK-STAT signaling pathway","2/139","95/4898",0.0210526315789474,0.741840212040894,-0.434218881931194,0.758028556758381,0.978030941958195,0.969700912096573,"OSM/SOCS3",2
"Human Diseases","Endocrine and metabolic disease","hsa04934","Cushing syndrome","2/139","96/4898",0.0208333333333333,0.734112709832134,-0.44961078083267,0.763165969608151,0.978030941958195,0.969700912096573,"CDKN2C/LDLR",2
"Environmental Information Processing","Signal transduction","hsa04014","Ras signaling pathway","3/139","141/4898",0.0212765957446809,0.749732129190265,-0.51530300985932,0.770552935458944,0.978030941958195,0.969700912096573,"ETS2/HGF/PDGFC",3
"Cellular Processes","Cellular community - eukaryotes","hsa04540","Gap junction","1/139","51/4898",0.0196078431372549,0.690929609253773,-0.379158310251886,0.771430682407907,0.978030941958195,0.969700912096573,"PDGFC",1
"Organismal Systems","Endocrine system","hsa04920","Adipocytokine signaling pathway","1/139","51/4898",0.0196078431372549,0.690929609253773,-0.379158310251886,0.771430682407907,0.978030941958195,0.969700912096573,"SOCS3",1
"Human Diseases","Cardiovascular disease","hsa05410","Hypertrophic cardiomyopathy","1/139","51/4898",0.0196078431372549,0.690929609253773,-0.379158310251886,0.771430682407907,0.978030941958195,0.969700912096573,"ITGA7",1
"Environmental Information Processing","Signal transduction","hsa04072","Phospholipase D signaling pathway","2/139","98/4898",0.0204081632653061,0.719130817794744,-0.479966701645775,0.773159846802323,0.978030941958195,0.969700912096573,"FCER1G/PDGFC",2
"Metabolism","Global and overview maps","hsa01230","Biosynthesis of amino acids","1/139","52/4898",0.0192307692307692,0.677642501383509,-0.39935795869542,0.77798548644036,0.978030941958195,0.969700912096573,"ARG1",1
"Human Diseases","Cancer: specific types","hsa05213","Endometrial cancer","1/139","52/4898",0.0192307692307692,0.677642501383509,-0.39935795869542,0.77798548644036,0.978030941958195,0.969700912096573,"GADD45A",1
"Organismal Systems","Circulatory system","hsa04261","Adrenergic signaling in cardiomyocytes","2/139","99/4898",0.0202020202020202,0.711866870140252,-0.494937110884891,0.77801862914192,0.978030941958195,0.969700912096573,"KCNE1/MAPK14",2
"Cellular Processes","Cell motility","hsa04810","Regulation of actin cytoskeleton","3/139","144/4898",0.0208333333333333,0.734112709832134,-0.553431449588566,0.7828302934341,0.978030941958195,0.969700912096573,"ITGA7/ITGAM/PDGFC",3
"Human Diseases","Cardiovascular disease","hsa05414","Dilated cardiomyopathy","1/139","53/4898",0.0188679245283019,0.664856793810235,-0.419214276144044,0.78435362869888,0.978030941958195,0.969700912096573,"ITGA7",1
"Organismal Systems","Nervous system","hsa04726","Serotonergic synapse","1/139","54/4898",0.0185185185185185,0.652544630961897,-0.438741220856193,0.790540387338892,0.978030941958195,0.969700912096573,"ALOX5",1
"Genetic Information Processing","Folding, sorting and degradation","hsa04141","Protein processing in endoplasmic reticulum","3/139","146/4898",0.0205479452054795,0.724056371341283,-0.578459799361694,0.790713532297722,0.978030941958195,0.969700912096573,"CKAP4/SAR1B/UBE2J1",3
"Human Diseases","Neurodegenerative disease","hsa05017","Spinocerebellar ataxia","2/139","102/4898",0.0196078431372549,0.690929609253773,-0.539054281239342,0.792056451450283,0.978030941958195,0.969700912096573,"PSMA6/WIPI1",2
"Human Diseases","Neurodegenerative disease","hsa05010","Alzheimer disease","6/139","273/4898",0.021978021978022,0.774448573009724,-0.655368606278257,0.796328823911641,0.978030941958195,0.969700912096573,"COX7B/NDUFA4/NDUFB1/NDUFB3/PSMA6/WIPI1",6
"Environmental Information Processing","Signal transduction","hsa04022","cGMP-PKG signaling pathway","2/139","103/4898",0.0194174757281553,0.684221554794999,-0.553504796142405,0.796560174259619,0.978030941958195,0.969700912096573,"KCNMA1/MEF2A",2
"Human Diseases","Immune disease","hsa05323","Rheumatoid arthritis","1/139","58/4898",0.0172413793103448,0.607541552964525,-0.513806503100168,0.813574048145736,0.978030941958195,0.969700912096573,"ATP6V1C1",1
"Human Diseases","Cancer: specific types","hsa05211","Renal cell carcinoma","1/139","59/4898",0.0169491525423729,0.597244238507499,-0.531868850720731,0.818928016597749,0.978030941958195,0.969700912096573,"HGF",1
"Organismal Systems","Endocrine system","hsa04925","Aldosterone synthesis and secretion","1/139","61/4898",0.0163934426229508,0.577662460195778,-0.567219508606481,0.829182219128799,0.978030941958195,0.969700912096573,"LDLR",1
"Human Diseases","Infectious disease: viral","hsa05160","Hepatitis C","2/139","111/4898",0.018018018018018,0.634908289584549,-0.664884712689411,0.829602463773266,0.978030941958195,0.969700912096573,"LDLR/SOCS3",2
"Cellular Processes","Transport and catabolism","hsa04144","Endocytosis","4/139","202/4898",0.0198019801980198,0.697770496474108,-0.749657858677754,0.833037238769408,0.978030941958195,0.969700912096573,"FOLR3/LDLR/SH3GLB1/SNX3",4
"Environmental Information Processing","Signal transduction","hsa04151","PI3K-Akt signaling pathway","4/139","202/4898",0.0198019801980198,0.697770496474108,-0.749657858677754,0.833037238769408,0.978030941958195,0.969700912096573,"HGF/ITGA7/OSM/PDGFC",4
"Genetic Information Processing","Folding, sorting and degradation","hsa03018","RNA degradation","1/139","62/4898",0.0161290322580645,0.568345323741007,-0.584525885548796,0.834090979009116,0.978030941958195,0.969700912096573,"EXOSC4",1
"Cellular Processes","Cell motility","hsa04820","Cytoskeleton in muscle cells","2/139","113/4898",0.0176991150442478,0.623670974724645,-0.691640738807115,0.837077083769588,0.978030941958195,0.969700912096573,"DAAM2/ITGA7",2
"Metabolism","Carbohydrate metabolism","hsa00562","Inositol phosphate metabolism","1/139","63/4898",0.0158730158730159,0.559323969395912,-0.601597557190063,0.838859662614934,0.978030941958195,0.969700912096573,"ITPKC",1
"Cellular Processes","Cell growth and death","hsa04210","Apoptosis","2/139","114/4898",0.0175438596491228,0.618200176700745,-0.704866974756542,0.84070304196719,0.978030941958195,0.969700912096573,"BCL2A1/GADD45A",2
"Human Diseases","Cancer: specific types","hsa05214","Glioma","1/139","64/4898",0.015625,0.550584532374101,-0.618442431848029,0.843492239015456,0.978030941958195,0.969700912096573,"GADD45A",1
"Human Diseases","Cancer: overview","hsa05207","Chemical carcinogenesis - receptor activation","2/139","116/4898",0.0172413793103448,0.607541552964525,-0.731025437665664,0.847738121902637,0.978030941958195,0.969700912096573,"CYP1B1/KLF5",2
"Human Diseases","Cancer: specific types","hsa05225","Hepatocellular carcinoma","2/139","117/4898",0.0170940170940171,0.602348890118674,-0.743961322386453,0.851149570338905,0.978030941958195,0.969700912096573,"GADD45A/HGF",2
"Human Diseases","Endocrine and metabolic disease","hsa04933","AGE-RAGE signaling pathway in diabetic complications","1/139","66/4898",0.0151515151515152,0.533900152605189,-0.651481466695795,0.852364391266629,0.978030941958195,0.969700912096573,"MAPK14",1
"Human Diseases","Cancer: specific types","hsa05220","Chronic myeloid leukemia","1/139","68/4898",0.0147058823529412,0.51819720694033,-0.68369877857102,0.860737010538205,0.978030941958195,0.969700912096573,"GADD45A",1
"Human Diseases","Cancer: specific types","hsa05222","Small cell lung cancer","1/139","68/4898",0.0147058823529412,0.51819720694033,-0.68369877857102,0.860737010538205,0.978030941958195,0.969700912096573,"GADD45A",1
NA,NA,"hsa04082","Neuroactive ligand signaling","1/139","69/4898",0.0144927536231884,0.51068710249192,-0.699515280157423,0.864744786011329,0.978030941958195,0.969700912096573,"P2RX1",1
"Human Diseases","Cancer: specific types","hsa05212","Pancreatic cancer","1/139","70/4898",0.0142857142857143,0.503391572456321,-0.715144946973733,0.86863802990125,0.978030941958195,0.969700912096573,"GADD45A",1
"Human Diseases","Infectious disease: viral","hsa05163","Human cytomegalovirus infection","3/139","171/4898",0.0175438596491228,0.618200176700745,-0.868471511505847,0.870703895813562,0.978030941958195,0.969700912096573,"IL1R1/MAP2K6/MAPK14",3
"Human Diseases","Cancer: overview","hsa05206","MicroRNAs in cancer","2/139","124/4898",0.0161290322580645,0.568345323741007,-0.831994940175285,0.87315584090939,0.978030941958195,0.969700912096573,"CYP1B1/MMP9",2
"Genetic Information Processing","Folding, sorting and degradation","hsa04120","Ubiquitin mediated proteolysis","2/139","125/4898",0.016,0.563798561151079,-0.844230392605568,0.876045290576017,0.978030941958195,0.969700912096573,"SOCS3/UBE2J1",2
"Organismal Systems","Endocrine system","hsa04922","Glucagon signaling pathway","1/139","72/4898",0.0138888888888889,0.489408473221423,-0.745865969345049,0.876093831220813,0.978030941958195,0.969700912096573,"LDHA",1
"Environmental Information Processing","Signal transduction","hsa04070","Phosphatidylinositol signaling system","1/139","73/4898",0.0136986301369863,0.482704247560855,-0.760967805538983,0.879662616438448,0.978030941958195,0.969700912096573,"ITPKC",1
"Environmental Information Processing","Signal transduction","hsa04350","TGF-beta signaling pathway","1/139","74/4898",0.0135135135135135,0.476181217188411,-0.775903796900885,0.883129330700636,0.978030941958195,0.969700912096573,"ACVR1B",1
"Organismal Systems","Immune system","hsa04658","Th1 and Th2 cell differentiation","1/139","75/4898",0.0133333333333333,0.469832134292566,-0.79067863056263,0.886496872788656,0.978030941958195,0.969700912096573,"MAPK14",1
"Organismal Systems","Immune system","hsa04666","Fc gamma R-mediated phagosome formation","1/139","75/4898",0.0133333333333333,0.469832134292566,-0.79067863056263,0.886496872788656,0.978030941958195,0.969700912096573,"FCGR1A",1
NA,NA,"hsa04517","IgSF CAM signaling","3/139","180/4898",0.0166666666666667,0.587290167865707,-0.964088049136497,0.892149116610395,0.978030941958195,0.969700912096573,"ITGAM/MAPK14/MYL6",3
"Human Diseases","Infectious disease: parasitic","hsa05142","Chagas disease","1/139","77/4898",0.012987012987013,0.457628702233019,-0.819762589804861,0.892945629153464,0.978030941958195,0.969700912096573,"MAPK14",1
"Human Diseases","Cancer: specific types","hsa05210","Colorectal cancer","1/139","77/4898",0.012987012987013,0.457628702233019,-0.819762589804861,0.892945629153464,0.978030941958195,0.969700912096573,"GADD45A",1
"Cellular Processes","Transport and catabolism","hsa04137","Mitophagy - animal","1/139","85/4898",0.0117647058823529,0.414557765552264,-0.930465299816634,0.915299950590084,0.978030941958195,0.969700912096573,"RABGEF1",1
"Organismal Systems","Nervous system","hsa04728","Dopaminergic synapse","1/139","85/4898",0.0117647058823529,0.414557765552264,-0.930465299816634,0.915299950590084,0.978030941958195,0.969700912096573,"MAPK14",1
"Organismal Systems","Immune system","hsa04650","Natural killer cell mediated cytotoxicity","1/139","87/4898",0.0114942528735632,0.40502770197635,-0.956870780611478,0.920122093797998,0.978030941958195,0.969700912096573,"FCER1G",1
"Human Diseases","Infectious disease: viral","hsa05167","Kaposi sarcoma-associated herpesvirus infection","2/139","146/4898",0.0136986301369863,0.482704247560855,-1.08440553101769,0.9243453430127,0.978030941958195,0.969700912096573,"MAP2K6/MAPK14",2
"Environmental Information Processing","Signaling molecules and interaction","hsa04514","Cell adhesion molecule (CAM) interaction","1/139","89/4898",0.0112359550561798,0.395925955864522,-0.98281638880405,0.924671565733995,0.978030941958195,0.969700912096573,"ITGAM",1
"Human Diseases","Cancer: specific types","hsa05224","Breast cancer","1/139","91/4898",0.010989010989011,0.387224286504862,-1.00832324499536,0.928963679344822,0.978030941958195,0.969700912096573,"GADD45A",1
"Metabolism","Global and overview maps","hsa01240","Biosynthesis of cofactors","1/139","92/4898",0.0108695652173913,0.38301532686894,-1.02091834032658,0.931017777237701,0.978030941958195,0.969700912096573,"GCLM",1
"Environmental Information Processing","Signal transduction","hsa04371","Apelin signaling pathway","1/139","93/4898",0.010752688172043,0.378896882494005,-1.03341101688828,0.933012893543144,0.978030941958195,0.969700912096573,"MEF2A",1
"Organismal Systems","Endocrine system","hsa04919","Thyroid hormone signaling pathway","1/139","93/4898",0.010752688172043,0.378896882494005,-1.03341101688828,0.933012893543144,0.978030941958195,0.969700912096573,"PFKFB2",1
"Organismal Systems","Endocrine system","hsa04921","Oxytocin signaling pathway","1/139","102/4898",0.00980392156862745,0.345464804626887,-1.14158460289847,0.94857713691099,0.978030941958195,0.969700912096573,"MYL6",1
"Cellular Processes","Cellular community - eukaryotes","hsa04530","Tight junction","1/139","103/4898",0.00970873786407767,0.342110777397499,-1.15316559939511,0.950067499289925,0.978030941958195,0.969700912096573,"MYL6",1
"Organismal Systems","Immune system","hsa04660","T cell receptor signaling pathway","1/139","105/4898",0.00952380952380952,0.335594381637547,-1.17608532529954,0.952920772011681,0.978030941958195,0.969700912096573,"MAPK14",1
"Environmental Information Processing","Signal transduction","hsa04310","Wnt signaling pathway","1/139","106/4898",0.00943396226415094,0.332428396905117,-1.18742717069834,0.954286099090833,0.978030941958195,0.969700912096573,"DAAM2",1
NA,NA,"hsa04519","Cadherin signaling","2/139","167/4898",0.0119760479041916,0.422004911041227,-1.29873489544413,0.954576149364544,0.978030941958195,0.969700912096573,"DAAM2/MAPK14",2
"Human Diseases","Infectious disease: viral","hsa05170","Human immunodeficiency virus 1 infection","2/139","167/4898",0.0119760479041916,0.422004911041227,-1.29873489544413,0.954576149364544,0.978030941958195,0.969700912096573,"MAP2K6/MAPK14",2
"Human Diseases","Infectious disease: viral","hsa05171","Coronavirus disease","2/139","168/4898",0.0119047619047619,0.419492977046934,-1.30841691029675,0.95568227087609,0.978030941958195,0.969700912096573,"C3AR1/MAPK14",2
"Human Diseases","Infectious disease: viral","hsa05165","Human papillomavirus infection","3/139","224/4898",0.0133928571428571,0.471929599177801,-1.382566660982,0.95773984357732,0.978030941958195,0.969700912096573,"ATP6V1C1/CCNA1/ITGA7",3
"Environmental Information Processing","Signal transduction","hsa04024","cAMP signaling pathway","1/139","120/4898",0.00833333333333333,0.293645083932854,-1.3387673806933,0.969742792440417,0.984982312828685,0.976593077143968,"PDE4D",1
"Human Diseases","Infectious disease: viral","hsa05164","Influenza A","1/139","125/4898",0.008,0.28189928057554,-1.3898222204169,0.973896861509307,0.984982312828685,0.976593077143968,"SOCS3",1
"Human Diseases","Infectious disease: viral","hsa05168","Herpes simplex virus 1 infection","1/139","129/4898",0.00775193798449612,0.273158217611957,-1.4296695861339,0.976808185751268,0.984982312828685,0.976593077143968,"SOCS3",1
"Human Diseases","Cancer: overview","hsa05203","Viral carcinogenesis","1/139","137/4898",0.0072992700729927,0.257207372787901,-1.50693103418312,0.981698468215825,0.985788878500058,0.977392773179791,"CCNA1",1
"Human Diseases","Cancer: overview","hsa05200","Pathways in cancer","4/139","349/4898",0.0114613180515759,0.403867164148337,-1.97475121112423,0.991514011003899,0.991514011003899,0.983069143908649,"CCNA1/GADD45A/HGF/MMP9",4
