"Sample","C5orf32","GADD45A","MAFG","S100A8","MYL6","NSUN7"
"1",-0.451274633407593,-0.376759350299835,-0.236699059605598,-0.253045678138733,-0.178513050079346,-0.194558337330818
"2",-0.451274633407593,-0.376759350299835,-0.236699059605598,-0.253045678138733,-0.178513050079346,-0.194558337330818
"3",-0.451274633407593,-0.376759350299835,-0.236699059605598,-0.253045678138733,-0.178513050079346,-0.194558337330818
"4",-0.451274633407593,-0.376759350299835,-0.236699059605598,-0.253045678138733,-0.178513050079346,-0.194558337330818
"5",-0.451274633407593,-0.376759350299835,-0.236699059605598,-0.253045678138733,-0.178513050079346,-0.194558337330818
"6",-0.451274633407593,-0.376759350299835,-0.236699059605598,-0.253045678138733,0.427118629217148,-0.194558337330818
"7",2.61243081092834,0.48521563410759,2.05252504348755,0.966815590858459,0.427118629217148,-0.194558337330818
"8",-0.451274633407593,-0.376759350299835,1.10304343700409,-0.253045678138733,-0.178513050079346,-0.194558337330818
"9",2.61243081092834,0.48521563410759,2.05252504348755,0.966815590858459,0.427118629217148,0.207649618387222
"10",-0.451274633407593,-0.376759350299835,-0.236699059605598,-0.253045678138733,-0.178513050079346,-0.194558337330818
"11",-0.451274633407593,-0.376759350299835,-0.236699059605598,-0.253045678138733,-0.178513050079346,-0.194558337330818
"12",-0.451274633407593,-0.376759350299835,-0.236699059605598,-0.253045678138733,-0.178513050079346,-0.194558337330818
"13",-0.451274633407593,-0.376759350299835,-0.236699059605598,-0.253045678138733,-0.178513050079346,0.207649618387222
"14",-0.451274633407593,-0.376759350299835,-0.236699059605598,-0.253045678138733,-0.178513050079346,-0.194558337330818
"15",-0.451274633407593,-0.376759350299835,-0.236699059605598,-0.253045678138733,-0.178513050079346,-0.194558337330818
"16",-0.451274633407593,-0.376759350299835,-0.236699059605598,-0.253045678138733,-0.178513050079346,-0.194558337330818
"17",-0.451274633407593,-0.376759350299835,-0.236699059605598,-0.253045678138733,-0.178513050079346,-0.194558337330818
"18",-0.451274633407593,-0.376759350299835,-0.236699059605598,-0.253045678138733,-0.178513050079346,-0.194558337330818
"19",-0.451274633407593,-0.376759350299835,-0.236699059605598,-0.253045678138733,-0.178513050079346,-0.194558337330818
"20",-0.451274633407593,-0.376759350299835,-0.236699059605598,-0.253045678138733,-0.178513050079346,-0.194558337330818
"21",-0.451274633407593,-0.376759350299835,-0.236699059605598,-0.253045678138733,-0.178513050079346,-0.194558337330818
"22",-0.451274633407593,-0.376759350299835,-0.236699059605598,-0.253045678138733,0.427118629217148,-0.194558337330818
"23",-0.451274633407593,-0.376759350299835,-0.236699059605598,-0.253045678138733,-0.178513050079346,-0.194558337330818
"24",-0.451274633407593,-0.376759350299835,-0.236699059605598,-0.253045678138733,-0.178513050079346,-0.194558337330818
"25",-0.451274633407593,-0.376759350299835,-0.236699059605598,-0.253045678138733,-0.178513050079346,-0.194558337330818
"26",-0.451274633407593,-0.376759350299835,-0.236699059605598,-0.253045678138733,-0.178513050079346,-0.194558337330818
"27",-0.451274633407593,-0.376759350299835,0.393408894538879,-0.253045678138733,-0.178513050079346,-0.194558337330818
"28",-0.451274633407593,-0.376759350299835,-0.236699059605598,-0.253045678138733,0.427118629217148,-0.194558337330818
"29",-0.451274633407593,-0.376759350299835,-0.236699059605598,-0.253045678138733,-0.178513050079346,-0.194558337330818
"30",-0.451274633407593,-0.376759350299835,-0.236699059605598,-0.253045678138733,-0.178513050079346,-0.194558337330818
"31",-0.451274633407593,-0.376759350299835,-0.236699059605598,-0.253045678138733,-0.178513050079346,-0.194558337330818
"32",-0.451274633407593,-0.376759350299835,-0.236699059605598,-0.253045678138733,-0.178513050079346,-0.194558337330818
"33",-0.451274633407593,-0.376759350299835,-0.236699059605598,-0.253045678138733,-0.178513050079346,-0.194558337330818
"34",-0.451274633407593,-0.376759350299835,-0.236699059605598,-0.253045678138733,-0.178513050079346,-0.194558337330818
"35",-0.451274633407593,-0.376759350299835,-0.236699059605598,-0.253045678138733,0.427118629217148,-0.194558337330818
"36",-0.451274633407593,-0.376759350299835,0.393408894538879,-0.253045678138733,-0.178513050079346,-0.194558337330818
"37",-0.451274633407593,-0.376759350299835,-0.236699059605598,-0.253045678138733,-0.178513050079346,-0.194558337330818
"38",-0.451274633407593,-0.376759350299835,-0.236699059605598,-0.253045678138733,-0.178513050079346,-0.194558337330818
"39",-0.451274633407593,-0.376759350299835,-0.236699059605598,-0.253045678138733,-0.178513050079346,-0.194558337330818
"40",-0.451274633407593,-0.376759350299835,-0.236699059605598,-0.253045678138733,-0.178513050079346,-0.194558337330818
"41",-0.451274633407593,-0.376759350299835,-0.236699059605598,-0.253045678138733,-0.178513050079346,-0.194558337330818
"42",-0.451274633407593,-0.376759350299835,-0.236699059605598,-0.253045678138733,-0.178513050079346,-0.194558337330818
"43",-0.451274633407593,-0.376759350299835,-0.236699059605598,-0.253045678138733,-0.178513050079346,-0.194558337330818
"44",-0.451274633407593,-0.376759350299835,-0.236699059605598,-0.253045678138733,-0.178513050079346,-0.194558337330818
"45",-0.451274633407593,-0.376759350299835,-0.236699059605598,-0.253045678138733,-0.178513050079346,-0.194558337330818
"46",-0.451274633407593,-0.376759350299835,-0.236699059605598,-0.253045678138733,-0.178513050079346,-0.194558337330818
"47",-0.451274633407593,-0.376759350299835,-0.236699059605598,-0.253045678138733,-0.178513050079346,-0.194558337330818
"48",-0.451274633407593,-0.376759350299835,-0.236699059605598,-0.253045678138733,-0.178513050079346,-0.194558337330818
"49",-0.451274633407593,-0.376759350299835,-0.236699059605598,-0.253045678138733,0.427118629217148,-0.194558337330818
"50",-0.451274633407593,-0.376759350299835,-0.236699059605598,-0.253045678138733,-0.178513050079346,-0.194558337330818
"51",-0.451274633407593,0.48521563410759,-0.236699059605598,-0.253045678138733,-0.178513050079346,0.207649618387222
"52",-0.451274633407593,-0.376759350299835,-0.236699059605598,-0.253045678138733,-0.178513050079346,0.207649618387222
"53",-0.451274633407593,-0.376759350299835,-0.236699059605598,-0.253045678138733,-0.178513050079346,-0.194558337330818
"54",-0.451274633407593,-0.376759350299835,-0.236699059605598,-0.253045678138733,-0.178513050079346,-0.194558337330818
"55",-0.451274633407593,-0.376759350299835,-0.236699059605598,-0.253045678138733,-0.178513050079346,-0.194558337330818
"56",-0.451274633407593,-0.376759350299835,-0.236699059605598,0.966815590858459,0.427118629217148,-0.194558337330818
"57",-0.451274633407593,-0.376759350299835,-0.236699059605598,0.966815590858459,-0.178513050079346,-0.194558337330818
"58",-0.451274633407593,-0.376759350299835,-0.236699059605598,-0.253045678138733,-0.178513050079346,-0.194558337330818
"59",-0.451274633407593,-0.376759350299835,-0.236699059605598,-0.253045678138733,-0.178513050079346,-0.194558337330818
"60",-0.451274633407593,-0.376759350299835,-0.236699059605598,-0.253045678138733,-0.178513050079346,-0.194558337330818
"61",-0.451274633407593,-0.376759350299835,-0.236699059605598,-0.253045678138733,-0.178513050079346,-0.194558337330818
"62",2.61243081092834,0.48521563410759,2.05252504348755,0.966815590858459,0.427118629217148,0.207649618387222
"63",-0.451274633407593,-0.376759350299835,-0.236699059605598,-0.253045678138733,-0.178513050079346,-0.194558337330818
"64",2.61243081092834,0.48521563410759,2.05252504348755,0.966815590858459,0.427118629217148,0.207649618387222
"65",-0.451274633407593,-0.376759350299835,-0.236699059605598,-0.253045678138733,-0.178513050079346,-0.194558337330818
"66",-0.451274633407593,-0.376759350299835,-0.236699059605598,-0.253045678138733,-0.178513050079346,-0.194558337330818
"67",-0.451274633407593,-0.376759350299835,-0.236699059605598,-0.253045678138733,-0.178513050079346,-0.194558337330818
"68",-0.451274633407593,-0.376759350299835,-0.236699059605598,-0.253045678138733,-0.178513050079346,-0.194558337330818
"69",-0.451274633407593,-0.376759350299835,-0.236699059605598,-0.253045678138733,-0.178513050079346,-0.194558337330818
"70",2.61243081092834,0.48521563410759,2.05252504348755,0.966815590858459,0.427118629217148,0.207649618387222
"71",2.61243081092834,0.48521563410759,2.05252504348755,0.966815590858459,0.427118629217148,0.207649618387222
"72",2.61243081092834,0.48521563410759,2.05252504348755,0.966815590858459,0.427118629217148,-0.194558337330818
"73",-0.451274633407593,-0.376759350299835,-0.236699059605598,-0.253045678138733,-0.178513050079346,-0.194558337330818
"74",2.61243081092834,0.48521563410759,2.05252504348755,0.966815590858459,0.427118629217148,0.207649618387222
"75",2.61243081092834,0.48521563410759,2.05252504348755,0.966815590858459,0.427118629217148,-0.194558337330818
"76",2.61243081092834,0.48521563410759,2.05252504348755,0.966815590858459,0.427118629217148,0.207649618387222
"77",-0.451274633407593,-0.376759350299835,-0.236699059605598,-0.253045678138733,-0.178513050079346,-0.194558337330818
"78",-0.451274633407593,-0.376759350299835,-0.236699059605598,-0.253045678138733,-0.178513050079346,-0.194558337330818
"79",-0.451274633407593,-0.376759350299835,-0.236699059605598,-0.253045678138733,-0.178513050079346,-0.194558337330818
"80",-0.451274633407593,-0.376759350299835,-0.236699059605598,-0.253045678138733,-0.178513050079346,0.207649618387222
"81",-0.451274633407593,-0.376759350299835,-0.236699059605598,-0.253045678138733,-0.178513050079346,-0.194558337330818
"82",-0.451274633407593,-0.376759350299835,-0.236699059605598,-0.253045678138733,-0.178513050079346,-0.194558337330818
"83",-0.451274633407593,-0.376759350299835,-0.236699059605598,-0.253045678138733,-0.178513050079346,-0.194558337330818
"84",2.61243081092834,0.48521563410759,2.05252504348755,0.966815590858459,0.427118629217148,0.207649618387222
"85",-0.451274633407593,-0.376759350299835,-0.236699059605598,-0.253045678138733,-0.178513050079346,-0.194558337330818
"86",-0.451274633407593,-0.376759350299835,-0.236699059605598,-0.253045678138733,-0.178513050079346,-0.194558337330818
"87",-0.451274633407593,-0.376759350299835,-0.236699059605598,-0.253045678138733,-0.178513050079346,-0.194558337330818
"88",-0.451274633407593,-0.376759350299835,-0.236699059605598,-0.253045678138733,-0.178513050079346,-0.194558337330818
"89",-0.451274633407593,-0.376759350299835,-0.236699059605598,-0.253045678138733,-0.178513050079346,-0.194558337330818
"90",-0.451274633407593,-0.376759350299835,-0.236699059605598,-0.253045678138733,-0.178513050079346,-0.194558337330818
"91",1.78916430473328,0.48521563410759,0.393408894538879,0.966815590858459,0.427118629217148,0.207649618387222
"92",1.78916430473328,0.48521563410759,1.10304343700409,0.966815590858459,-0.178513050079346,0.207649618387222
"93",2.61243081092834,0.48521563410759,-0.236699059605598,0.966815590858459,0.427118629217148,0.207649618387222
"94",2.61243081092834,0.48521563410759,2.05252504348755,0.966815590858459,0.427118629217148,0.207649618387222
"95",2.61243081092834,0.48521563410759,2.05252504348755,0.966815590858459,-0.178513050079346,0.207649618387222
"96",2.61243081092834,0.48521563410759,2.05252504348755,0.966815590858459,0.427118629217148,0.207649618387222
"97",2.61243081092834,0.48521563410759,2.05252504348755,0.966815590858459,0.427118629217148,-0.194558337330818
"98",2.61243081092834,0.48521563410759,2.05252504348755,0.966815590858459,0.427118629217148,0.207649618387222
"99",0.189630597829819,0.48521563410759,1.10304343700409,0.966815590858459,0.427118629217148,0.207649618387222
"100",2.61243081092834,0.48521563410759,2.05252504348755,0.966815590858459,0.427118629217148,0.207649618387222
"101",2.61243081092834,0.48521563410759,-0.236699059605598,0.966815590858459,0.427118629217148,0.207649618387222
"102",-0.451274633407593,-0.376759350299835,-0.236699059605598,-0.253045678138733,-0.178513050079346,-0.194558337330818
"103",-0.451274633407593,-0.376759350299835,-0.236699059605598,-0.253045678138733,-0.178513050079346,-0.194558337330818
"104",-0.451274633407593,-0.376759350299835,-0.236699059605598,-0.253045678138733,-0.178513050079346,-0.194558337330818
"105",-0.451274633407593,-0.376759350299835,-0.236699059605598,-0.253045678138733,0.427118629217148,-0.194558337330818
"106",-0.451274633407593,-0.376759350299835,-0.236699059605598,-0.253045678138733,-0.178513050079346,-0.194558337330818
"107",-0.451274633407593,-0.376759350299835,-0.236699059605598,-0.253045678138733,0.427118629217148,-0.194558337330818
"108",-0.451274633407593,-0.376759350299835,-0.236699059605598,-0.253045678138733,-0.178513050079346,-0.194558337330818
"109",2.61243081092834,0.48521563410759,2.05252504348755,0.966815590858459,0.427118629217148,0.207649618387222
"110",2.61243081092834,0.48521563410759,2.05252504348755,0.966815590858459,0.427118629217148,0.207649618387222
"111",1.78916430473328,0.48521563410759,2.05252504348755,0.966815590858459,0.427118629217148,0.207649618387222
"112",-0.451274633407593,-0.376759350299835,-0.236699059605598,-0.253045678138733,-0.178513050079346,-0.194558337330818
"113",2.61243081092834,0.48521563410759,2.05252504348755,0.966815590858459,0.427118629217148,0.207649618387222
"114",2.61243081092834,0.48521563410759,1.10304343700409,0.966815590858459,0.427118629217148,0.207649618387222
"115",2.61243081092834,0.48521563410759,2.05252504348755,0.966815590858459,0.427118629217148,-0.194558337330818
"116",2.61243081092834,0.48521563410759,1.10304343700409,0.966815590858459,0.427118629217148,0.207649618387222
"117",1.78916430473328,-0.376759350299835,2.05252504348755,0.966815590858459,0.427118629217148,0.207649618387222
"118",-0.451274633407593,0.48521563410759,-0.236699059605598,-0.253045678138733,-0.178513050079346,-0.194558337330818
"119",-0.451274633407593,-0.376759350299835,-0.236699059605598,-0.253045678138733,-0.178513050079346,-0.194558337330818
"120",2.61243081092834,0.48521563410759,1.10304343700409,0.966815590858459,0.427118629217148,-0.194558337330818
"121",-0.451274633407593,-0.376759350299835,1.10304343700409,-0.253045678138733,-0.178513050079346,-0.194558337330818
"122",-0.451274633407593,-0.376759350299835,-0.236699059605598,-0.253045678138733,-0.178513050079346,-0.194558337330818
"123",-0.451274633407593,-0.376759350299835,-0.236699059605598,-0.253045678138733,-0.178513050079346,0.207649618387222
"124",-0.451274633407593,-0.376759350299835,-0.236699059605598,-0.253045678138733,-0.178513050079346,-0.194558337330818
"125",-0.451274633407593,-0.376759350299835,-0.236699059605598,-0.253045678138733,-0.178513050079346,-0.194558337330818
"126",-0.451274633407593,-0.376759350299835,-0.236699059605598,-0.253045678138733,-0.178513050079346,0.207649618387222
"127",-0.451274633407593,-0.376759350299835,-0.236699059605598,-0.253045678138733,-0.178513050079346,-0.194558337330818
"128",-0.451274633407593,-0.376759350299835,-0.236699059605598,-0.253045678138733,-0.178513050079346,-0.194558337330818
"129",-0.451274633407593,-0.376759350299835,-0.236699059605598,-0.253045678138733,-0.178513050079346,-0.194558337330818
"130",-0.451274633407593,-0.376759350299835,-0.236699059605598,-0.253045678138733,-0.178513050079346,-0.194558337330818
"131",-0.451274633407593,-0.376759350299835,-0.236699059605598,-0.253045678138733,-0.178513050079346,-0.194558337330818
"132",-0.451274633407593,-0.376759350299835,-0.236699059605598,-0.253045678138733,-0.178513050079346,-0.194558337330818
"133",-0.451274633407593,-0.376759350299835,-0.236699059605598,-0.253045678138733,-0.178513050079346,-0.194558337330818
"134",-0.451274633407593,-0.376759350299835,-0.236699059605598,-0.253045678138733,-0.178513050079346,-0.194558337330818
"135",-0.451274633407593,-0.376759350299835,-0.236699059605598,-0.253045678138733,-0.178513050079346,-0.194558337330818
"136",-0.451274633407593,-0.376759350299835,-0.236699059605598,-0.253045678138733,-0.178513050079346,-0.194558337330818
"137",-0.451274633407593,-0.376759350299835,-0.236699059605598,-0.253045678138733,-0.178513050079346,0.207649618387222
"138",-0.451274633407593,-0.376759350299835,-0.236699059605598,-0.253045678138733,-0.178513050079346,-0.194558337330818
"139",-0.451274633407593,-0.376759350299835,-0.236699059605598,-0.253045678138733,-0.178513050079346,-0.194558337330818
"140",-0.451274633407593,-0.376759350299835,-0.236699059605598,-0.253045678138733,-0.178513050079346,-0.194558337330818
"141",-0.451274633407593,-0.376759350299835,0.393408894538879,-0.253045678138733,0.427118629217148,-0.194558337330818
"142",-0.451274633407593,-0.376759350299835,-0.236699059605598,-0.253045678138733,-0.178513050079346,-0.194558337330818
"143",-0.451274633407593,-0.376759350299835,-0.236699059605598,-0.253045678138733,-0.178513050079346,-0.194558337330818
"144",-0.451274633407593,-0.376759350299835,-0.236699059605598,-0.253045678138733,-0.178513050079346,0.207649618387222
"145",-0.451274633407593,-0.376759350299835,-0.236699059605598,-0.253045678138733,-0.178513050079346,-0.194558337330818
"146",-0.451274633407593,-0.376759350299835,-0.236699059605598,-0.253045678138733,-0.178513050079346,-0.194558337330818
"147",-0.451274633407593,-0.376759350299835,-0.236699059605598,-0.253045678138733,-0.178513050079346,-0.194558337330818
"148",2.61243081092834,0.48521563410759,2.05252504348755,0.457892298698425,0.427118629217148,0.207649618387222
"149",-0.451274633407593,-0.376759350299835,-0.236699059605598,-0.253045678138733,-0.178513050079346,-0.194558337330818
"150",-0.451274633407593,-0.376759350299835,-0.236699059605598,-0.253045678138733,0.427118629217148,-0.194558337330818
"151",-0.451274633407593,-0.376759350299835,-0.236699059605598,-0.253045678138733,-0.178513050079346,-0.194558337330818
"152",-0.451274633407593,-0.376759350299835,-0.236699059605598,-0.253045678138733,-0.178513050079346,-0.194558337330818
"153",-0.451274633407593,-0.376759350299835,-0.236699059605598,-0.253045678138733,-0.178513050079346,-0.194558337330818
"154",2.61243081092834,0.48521563410759,0.393408894538879,0.966815590858459,0.427118629217148,0.207649618387222
"155",-0.451274633407593,-0.376759350299835,-0.236699059605598,-0.253045678138733,-0.178513050079346,-0.194558337330818
"156",2.61243081092834,0.48521563410759,2.05252504348755,0.966815590858459,0.427118629217148,0.207649618387222
"157",2.61243081092834,0.48521563410759,1.10304343700409,0.966815590858459,0.427118629217148,0.207649618387222
"158",-0.451274633407593,-0.376759350299835,-0.236699059605598,-0.253045678138733,-0.178513050079346,-0.194558337330818
"159",-0.451274633407593,-0.376759350299835,-0.236699059605598,-0.253045678138733,-0.178513050079346,-0.194558337330818
"160",2.61243081092834,0.48521563410759,2.05252504348755,0.966815590858459,0.427118629217148,-0.194558337330818
"161",2.61243081092834,0.48521563410759,2.05252504348755,0.966815590858459,0.427118629217148,-0.194558337330818
"162",2.61243081092834,0.48521563410759,2.05252504348755,0.966815590858459,0.427118629217148,0.207649618387222
"163",2.61243081092834,0.48521563410759,2.05252504348755,0.966815590858459,0.427118629217148,0.207649618387222
"164",1.78916430473328,0.48521563410759,2.05252504348755,0.966815590858459,0.427118629217148,0.207649618387222
"165",-0.451274633407593,-0.376759350299835,-0.236699059605598,-0.253045678138733,0.427118629217148,-0.194558337330818
"166",2.61243081092834,0.48521563410759,-0.236699059605598,0.966815590858459,0.427118629217148,0.207649618387222
"167",-0.451274633407593,-0.376759350299835,0.393408894538879,0.966815590858459,0.427118629217148,-0.194558337330818
"168",-0.451274633407593,-0.376759350299835,-0.236699059605598,-0.253045678138733,-0.178513050079346,-0.194558337330818
"169",2.61243081092834,0.48521563410759,2.05252504348755,0.966815590858459,0.427118629217148,0.207649618387222
"170",-0.451274633407593,-0.376759350299835,-0.236699059605598,-0.253045678138733,0.427118629217148,-0.194558337330818
"171",-0.451274633407593,-0.376759350299835,-0.236699059605598,-0.253045678138733,-0.178513050079346,-0.194558337330818
"172",-0.451274633407593,-0.376759350299835,-0.236699059605598,-0.253045678138733,-0.178513050079346,-0.194558337330818
"173",-0.451274633407593,-0.376759350299835,-0.236699059605598,-0.253045678138733,-0.178513050079346,0.207649618387222
"174",-0.451274633407593,-0.376759350299835,-0.236699059605598,-0.253045678138733,-0.178513050079346,-0.194558337330818
"175",-0.451274633407593,-0.376759350299835,-0.236699059605598,-0.253045678138733,-0.178513050079346,-0.194558337330818
"176",-0.451274633407593,-0.376759350299835,-0.236699059605598,-0.253045678138733,-0.178513050079346,-0.194558337330818
"177",-0.451274633407593,-0.376759350299835,-0.236699059605598,-0.253045678138733,-0.178513050079346,-0.194558337330818
"178",-0.451274633407593,-0.376759350299835,-0.236699059605598,-0.253045678138733,-0.178513050079346,-0.194558337330818
"179",-0.451274633407593,-0.376759350299835,-0.236699059605598,-0.253045678138733,-0.178513050079346,-0.194558337330818
"180",-0.451274633407593,-0.376759350299835,-0.236699059605598,-0.253045678138733,-0.178513050079346,-0.194558337330818
"181",-0.451274633407593,-0.376759350299835,-0.236699059605598,-0.253045678138733,-0.178513050079346,-0.194558337330818
"182",-0.451274633407593,-0.376759350299835,-0.236699059605598,-0.253045678138733,-0.178513050079346,-0.194558337330818
"183",-0.451274633407593,-0.376759350299835,-0.236699059605598,-0.253045678138733,-0.178513050079346,-0.194558337330818
"184",-0.451274633407593,-0.376759350299835,-0.236699059605598,-0.253045678138733,-0.178513050079346,0.207649618387222
"185",-0.451274633407593,-0.376759350299835,-0.236699059605598,-0.253045678138733,-0.178513050079346,-0.194558337330818
"186",-0.451274633407593,-0.376759350299835,-0.236699059605598,-0.253045678138733,-0.178513050079346,-0.194558337330818
"187",-0.451274633407593,-0.376759350299835,-0.236699059605598,-0.253045678138733,-0.178513050079346,-0.194558337330818
"188",-0.451274633407593,0.48521563410759,-0.236699059605598,-0.253045678138733,-0.178513050079346,-0.194558337330818
"189",-0.451274633407593,-0.376759350299835,-0.236699059605598,-0.253045678138733,0.427118629217148,-0.194558337330818
"190",-0.451274633407593,-0.376759350299835,-0.236699059605598,-0.253045678138733,-0.178513050079346,-0.194558337330818
"191",-0.451274633407593,-0.376759350299835,-0.236699059605598,-0.253045678138733,-0.178513050079346,-0.194558337330818
"192",-0.451274633407593,-0.376759350299835,-0.236699059605598,-0.253045678138733,-0.178513050079346,-0.194558337330818
"193",-0.451274633407593,-0.376759350299835,-0.236699059605598,-0.253045678138733,0.427118629217148,-0.194558337330818
"194",-0.451274633407593,-0.376759350299835,-0.236699059605598,-0.253045678138733,-0.178513050079346,-0.194558337330818
"195",-0.451274633407593,-0.376759350299835,-0.236699059605598,-0.253045678138733,-0.178513050079346,-0.194558337330818
"196",-0.451274633407593,-0.376759350299835,-0.236699059605598,-0.253045678138733,-0.178513050079346,-0.194558337330818
"197",-0.451274633407593,-0.376759350299835,-0.236699059605598,-0.253045678138733,-0.178513050079346,-0.194558337330818
"198",-0.451274633407593,-0.376759350299835,-0.236699059605598,-0.253045678138733,0.427118629217148,-0.194558337330818
"199",-0.451274633407593,-0.376759350299835,-0.236699059605598,-0.253045678138733,-0.178513050079346,-0.194558337330818
"200",-0.451274633407593,-0.376759350299835,-0.236699059605598,-0.253045678138733,-0.178513050079346,-0.194558337330818
"201",-0.451274633407593,-0.376759350299835,-0.236699059605598,-0.253045678138733,-0.178513050079346,-0.194558337330818
"202",-0.451274633407593,-0.376759350299835,-0.236699059605598,-0.253045678138733,-0.178513050079346,-0.194558337330818
"203",-0.451274633407593,-0.376759350299835,-0.236699059605598,-0.253045678138733,-0.178513050079346,-0.194558337330818
"204",-0.451274633407593,-0.376759350299835,-0.236699059605598,-0.253045678138733,-0.178513050079346,-0.194558337330818
"205",-0.451274633407593,-0.376759350299835,-0.236699059605598,-0.253045678138733,-0.178513050079346,-0.194558337330818
"206",-0.451274633407593,-0.376759350299835,-0.236699059605598,-0.253045678138733,-0.178513050079346,-0.194558337330818
"207",-0.451274633407593,-0.376759350299835,-0.236699059605598,-0.253045678138733,-0.178513050079346,-0.194558337330818
"208",-0.451274633407593,-0.376759350299835,-0.236699059605598,0.966815590858459,-0.178513050079346,0.207649618387222
"209",-0.451274633407593,-0.376759350299835,-0.236699059605598,-0.253045678138733,-0.178513050079346,-0.194558337330818
"210",-0.451274633407593,-0.376759350299835,-0.236699059605598,-0.253045678138733,-0.178513050079346,-0.194558337330818
"211",-0.451274633407593,-0.376759350299835,-0.236699059605598,-0.253045678138733,-0.178513050079346,-0.194558337330818
"212",-0.451274633407593,-0.376759350299835,-0.236699059605598,-0.253045678138733,-0.178513050079346,-0.194558337330818
"213",-0.451274633407593,-0.376759350299835,-0.236699059605598,-0.253045678138733,-0.178513050079346,-0.194558337330818
"214",-0.451274633407593,-0.376759350299835,-0.236699059605598,-0.253045678138733,-0.178513050079346,0.207649618387222
"215",-0.451274633407593,-0.376759350299835,-0.236699059605598,-0.253045678138733,-0.178513050079346,-0.194558337330818
"216",-0.451274633407593,-0.376759350299835,-0.236699059605598,-0.253045678138733,-0.178513050079346,-0.194558337330818
"217",-0.451274633407593,-0.376759350299835,-0.236699059605598,-0.253045678138733,-0.178513050079346,-0.194558337330818
"218",-0.451274633407593,-0.376759350299835,-0.236699059605598,-0.253045678138733,-0.178513050079346,0.207649618387222
"219",-0.451274633407593,-0.376759350299835,-0.236699059605598,-0.253045678138733,-0.178513050079346,-0.194558337330818
"220",-0.451274633407593,-0.376759350299835,-0.236699059605598,-0.253045678138733,-0.178513050079346,-0.194558337330818
"221",-0.451274633407593,-0.376759350299835,-0.236699059605598,-0.253045678138733,-0.178513050079346,-0.194558337330818
"222",-0.451274633407593,-0.376759350299835,-0.236699059605598,-0.253045678138733,-0.178513050079346,-0.194558337330818
"223",-0.451274633407593,-0.376759350299835,-0.236699059605598,-0.253045678138733,-0.178513050079346,-0.194558337330818
"224",-0.451274633407593,-0.376759350299835,-0.236699059605598,-0.253045678138733,-0.178513050079346,-0.194558337330818
"225",-0.451274633407593,-0.376759350299835,-0.236699059605598,-0.253045678138733,-0.178513050079346,-0.194558337330818
"226",-0.451274633407593,-0.376759350299835,-0.236699059605598,-0.253045678138733,-0.178513050079346,-0.194558337330818
"227",-0.451274633407593,-0.376759350299835,-0.236699059605598,-0.253045678138733,-0.178513050079346,-0.194558337330818
"228",1.78916430473328,-0.376759350299835,-0.236699059605598,-0.253045678138733,-0.178513050079346,0.207649618387222
"229",-0.451274633407593,-0.376759350299835,-0.236699059605598,-0.253045678138733,-0.178513050079346,-0.194558337330818
"230",-0.451274633407593,-0.376759350299835,-0.236699059605598,-0.253045678138733,-0.178513050079346,-0.194558337330818
"231",-0.451274633407593,-0.376759350299835,-0.236699059605598,-0.253045678138733,-0.178513050079346,-0.194558337330818
"232",-0.451274633407593,-0.376759350299835,-0.236699059605598,-0.253045678138733,-0.178513050079346,-0.194558337330818
"233",-0.451274633407593,-0.376759350299835,-0.236699059605598,-0.253045678138733,-0.178513050079346,-0.194558337330818
"234",-0.451274633407593,-0.376759350299835,-0.236699059605598,-0.253045678138733,-0.178513050079346,-0.194558337330818
"235",-0.451274633407593,-0.376759350299835,-0.236699059605598,-0.253045678138733,0.427118629217148,-0.194558337330818
"236",-0.451274633407593,-0.376759350299835,-0.236699059605598,-0.253045678138733,-0.178513050079346,-0.194558337330818
"237",-0.451274633407593,-0.376759350299835,-0.236699059605598,-0.253045678138733,-0.178513050079346,-0.194558337330818
"238",-0.451274633407593,-0.376759350299835,-0.236699059605598,-0.253045678138733,-0.178513050079346,-0.194558337330818
"239",-0.451274633407593,-0.376759350299835,-0.236699059605598,-0.253045678138733,-0.178513050079346,-0.194558337330818
"240",-0.451274633407593,-0.376759350299835,-0.236699059605598,-0.253045678138733,-0.178513050079346,-0.194558337330818
"241",-0.451274633407593,-0.376759350299835,-0.236699059605598,-0.253045678138733,-0.178513050079346,-0.194558337330818
"242",-0.451274633407593,-0.376759350299835,-0.236699059605598,-0.253045678138733,-0.178513050079346,-0.194558337330818
"243",-0.451274633407593,-0.376759350299835,-0.236699059605598,-0.253045678138733,-0.178513050079346,-0.194558337330818
"244",-0.451274633407593,-0.376759350299835,-0.236699059605598,-0.253045678138733,0.427118629217148,-0.194558337330818
"245",-0.451274633407593,-0.376759350299835,-0.236699059605598,-0.253045678138733,-0.178513050079346,-0.194558337330818
"246",-0.451274633407593,-0.376759350299835,-0.236699059605598,-0.253045678138733,-0.178513050079346,-0.194558337330818
"247",-0.451274633407593,-0.376759350299835,-0.236699059605598,-0.253045678138733,-0.178513050079346,-0.194558337330818
"248",-0.451274633407593,-0.376759350299835,-0.236699059605598,-0.253045678138733,-0.178513050079346,-0.194558337330818
"249",-0.451274633407593,-0.376759350299835,-0.236699059605598,-0.253045678138733,-0.178513050079346,-0.194558337330818
"250",-0.451274633407593,-0.376759350299835,-0.236699059605598,-0.253045678138733,-0.178513050079346,-0.194558337330818
"251",-0.451274633407593,-0.376759350299835,-0.236699059605598,-0.253045678138733,-0.178513050079346,0.207649618387222
"252",-0.451274633407593,-0.376759350299835,-0.236699059605598,-0.253045678138733,-0.178513050079346,-0.194558337330818
"253",-0.451274633407593,-0.376759350299835,-0.236699059605598,-0.253045678138733,-0.178513050079346,-0.194558337330818
"254",-0.451274633407593,-0.376759350299835,-0.236699059605598,-0.253045678138733,-0.178513050079346,-0.194558337330818
"255",-0.451274633407593,-0.376759350299835,-0.236699059605598,-0.253045678138733,-0.178513050079346,-0.194558337330818
"256",-0.451274633407593,-0.376759350299835,-0.236699059605598,-0.253045678138733,-0.178513050079346,-0.194558337330818
"257",-0.451274633407593,-0.376759350299835,-0.236699059605598,-0.253045678138733,-0.178513050079346,-0.194558337330818
"258",-0.451274633407593,0.48521563410759,-0.236699059605598,-0.253045678138733,-0.178513050079346,-0.194558337330818
"259",-0.451274633407593,-0.376759350299835,-0.236699059605598,-0.253045678138733,-0.178513050079346,0.207649618387222
"260",-0.451274633407593,-0.376759350299835,-0.236699059605598,-0.253045678138733,-0.178513050079346,-0.194558337330818
"261",-0.451274633407593,-0.376759350299835,-0.236699059605598,-0.253045678138733,-0.178513050079346,-0.194558337330818
"262",-0.451274633407593,-0.376759350299835,-0.236699059605598,-0.253045678138733,-0.178513050079346,-0.194558337330818
"263",-0.451274633407593,-0.376759350299835,-0.236699059605598,-0.253045678138733,-0.178513050079346,-0.194558337330818
"264",-0.451274633407593,-0.376759350299835,-0.236699059605598,-0.253045678138733,0.427118629217148,-0.194558337330818
"265",-0.451274633407593,-0.376759350299835,-0.236699059605598,-0.253045678138733,0.427118629217148,-0.194558337330818
"266",-0.451274633407593,-0.376759350299835,-0.236699059605598,-0.253045678138733,-0.178513050079346,-0.194558337330818
"267",-0.451274633407593,-0.376759350299835,-0.236699059605598,-0.253045678138733,-0.178513050079346,-0.194558337330818
"268",-0.451274633407593,-0.376759350299835,-0.236699059605598,-0.253045678138733,-0.178513050079346,-0.194558337330818
"269",-0.451274633407593,-0.376759350299835,-0.236699059605598,-0.253045678138733,0.427118629217148,-0.194558337330818
"270",-0.451274633407593,-0.376759350299835,-0.236699059605598,-0.253045678138733,-0.178513050079346,-0.194558337330818
"271",-0.451274633407593,-0.376759350299835,-0.236699059605598,-0.253045678138733,-0.178513050079346,-0.194558337330818
"272",-0.451274633407593,-0.376759350299835,-0.236699059605598,-0.253045678138733,-0.178513050079346,-0.194558337330818
"273",-0.451274633407593,-0.376759350299835,-0.236699059605598,-0.253045678138733,-0.178513050079346,-0.194558337330818
"274",-0.451274633407593,-0.376759350299835,-0.236699059605598,-0.253045678138733,-0.178513050079346,-0.194558337330818
"275",-0.451274633407593,-0.376759350299835,-0.236699059605598,-0.253045678138733,-0.178513050079346,-0.194558337330818
"276",-0.451274633407593,-0.376759350299835,-0.236699059605598,-0.253045678138733,-0.178513050079346,-0.194558337330818
"277",-0.451274633407593,-0.376759350299835,-0.236699059605598,-0.253045678138733,-0.178513050079346,-0.194558337330818
"278",-0.451274633407593,-0.376759350299835,-0.236699059605598,-0.253045678138733,-0.178513050079346,-0.194558337330818
"279",-0.451274633407593,-0.376759350299835,-0.236699059605598,-0.253045678138733,-0.178513050079346,-0.194558337330818
"280",-0.451274633407593,-0.376759350299835,-0.236699059605598,-0.253045678138733,-0.178513050079346,0.207649618387222
"281",-0.451274633407593,-0.376759350299835,-0.236699059605598,-0.253045678138733,-0.178513050079346,-0.194558337330818
"282",-0.451274633407593,-0.376759350299835,-0.236699059605598,-0.253045678138733,-0.178513050079346,-0.194558337330818
"283",-0.451274633407593,-0.376759350299835,-0.236699059605598,-0.253045678138733,-0.178513050079346,-0.194558337330818
"284",-0.451274633407593,-0.376759350299835,-0.236699059605598,-0.253045678138733,-0.178513050079346,-0.194558337330818
"285",1.78916430473328,-0.376759350299835,-0.236699059605598,-0.253045678138733,-0.178513050079346,0.207649618387222
"286",-0.451274633407593,-0.376759350299835,-0.236699059605598,-0.253045678138733,-0.178513050079346,-0.194558337330818
"287",-0.451274633407593,-0.376759350299835,-0.236699059605598,-0.253045678138733,-0.178513050079346,-0.194558337330818
"288",-0.451274633407593,-0.376759350299835,-0.236699059605598,-0.253045678138733,-0.178513050079346,-0.194558337330818
"289",-0.451274633407593,-0.376759350299835,-0.236699059605598,-0.253045678138733,-0.178513050079346,-0.194558337330818
"290",-0.451274633407593,-0.376759350299835,-0.236699059605598,-0.253045678138733,0.427118629217148,-0.194558337330818
"291",-0.451274633407593,-0.376759350299835,-0.236699059605598,-0.253045678138733,-0.178513050079346,-0.194558337330818
"292",-0.451274633407593,-0.376759350299835,-0.236699059605598,-0.253045678138733,-0.178513050079346,-0.194558337330818
"293",-0.451274633407593,-0.376759350299835,-0.236699059605598,-0.253045678138733,-0.178513050079346,-0.194558337330818
"294",-0.451274633407593,-0.376759350299835,-0.236699059605598,-0.253045678138733,-0.178513050079346,-0.194558337330818
"295",-0.451274633407593,-0.376759350299835,-0.236699059605598,-0.253045678138733,-0.178513050079346,-0.194558337330818
"296",-0.451274633407593,-0.376759350299835,-0.236699059605598,-0.253045678138733,-0.178513050079346,-0.194558337330818
"297",-0.451274633407593,-0.376759350299835,-0.236699059605598,-0.253045678138733,-0.178513050079346,0.207649618387222
"298",-0.451274633407593,-0.376759350299835,-0.236699059605598,-0.253045678138733,-0.178513050079346,-0.194558337330818
"299",-0.451274633407593,-0.376759350299835,-0.236699059605598,-0.253045678138733,-0.178513050079346,-0.194558337330818
"300",-0.451274633407593,-0.376759350299835,-0.236699059605598,-0.253045678138733,-0.178513050079346,-0.194558337330818
"301",-0.451274633407593,-0.376759350299835,-0.236699059605598,-0.253045678138733,-0.178513050079346,-0.194558337330818
"302",-0.451274633407593,-0.376759350299835,-0.236699059605598,-0.253045678138733,-0.178513050079346,-0.194558337330818
"303",-0.451274633407593,-0.376759350299835,-0.236699059605598,-0.253045678138733,-0.178513050079346,-0.194558337330818
"304",-0.451274633407593,-0.376759350299835,-0.236699059605598,-0.253045678138733,-0.178513050079346,-0.194558337330818
"305",-0.451274633407593,-0.376759350299835,-0.236699059605598,-0.253045678138733,-0.178513050079346,-0.194558337330818
"306",-0.451274633407593,-0.376759350299835,-0.236699059605598,-0.253045678138733,0.427118629217148,0.207649618387222
"307",-0.451274633407593,-0.376759350299835,-0.236699059605598,-0.253045678138733,-0.178513050079346,-0.194558337330818
"308",-0.451274633407593,-0.376759350299835,-0.236699059605598,-0.253045678138733,-0.178513050079346,-0.194558337330818
"309",-0.451274633407593,-0.376759350299835,-0.236699059605598,-0.253045678138733,-0.178513050079346,-0.194558337330818
"310",-0.451274633407593,-0.376759350299835,-0.236699059605598,-0.253045678138733,-0.178513050079346,-0.194558337330818
"311",-0.451274633407593,-0.376759350299835,-0.236699059605598,-0.253045678138733,-0.178513050079346,-0.194558337330818
"312",-0.451274633407593,-0.376759350299835,-0.236699059605598,-0.253045678138733,-0.178513050079346,-0.194558337330818
"313",-0.451274633407593,0.48521563410759,-0.236699059605598,-0.253045678138733,-0.178513050079346,0.207649618387222
"314",-0.451274633407593,-0.376759350299835,-0.236699059605598,-0.253045678138733,-0.178513050079346,-0.194558337330818
"315",-0.451274633407593,-0.376759350299835,-0.236699059605598,-0.253045678138733,-0.178513050079346,-0.194558337330818
"316",-0.451274633407593,-0.376759350299835,-0.236699059605598,-0.253045678138733,-0.178513050079346,-0.194558337330818
"317",-0.451274633407593,-0.376759350299835,-0.236699059605598,-0.253045678138733,-0.178513050079346,-0.194558337330818
"318",-0.451274633407593,-0.376759350299835,-0.236699059605598,0.966815590858459,0.427118629217148,0.207649618387222
"319",-0.451274633407593,-0.376759350299835,-0.236699059605598,-0.253045678138733,-0.178513050079346,-0.194558337330818
"320",-0.451274633407593,-0.376759350299835,-0.236699059605598,-0.253045678138733,-0.178513050079346,-0.194558337330818
"321",-0.451274633407593,-0.376759350299835,-0.236699059605598,-0.253045678138733,-0.178513050079346,-0.194558337330818
"322",-0.451274633407593,-0.376759350299835,-0.236699059605598,-0.253045678138733,-0.178513050079346,-0.194558337330818
"323",-0.451274633407593,-0.376759350299835,-0.236699059605598,-0.253045678138733,-0.178513050079346,-0.194558337330818
"324",-0.451274633407593,-0.376759350299835,-0.236699059605598,-0.253045678138733,-0.178513050079346,-0.194558337330818
"325",-0.451274633407593,-0.376759350299835,-0.236699059605598,-0.253045678138733,-0.178513050079346,-0.194558337330818
"326",-0.451274633407593,-0.376759350299835,-0.236699059605598,-0.253045678138733,-0.178513050079346,-0.194558337330818
"327",-0.451274633407593,-0.376759350299835,-0.236699059605598,-0.253045678138733,-0.178513050079346,-0.194558337330818
"328",-0.451274633407593,-0.376759350299835,-0.236699059605598,-0.253045678138733,-0.178513050079346,-0.194558337330818
"329",-0.451274633407593,-0.376759350299835,-0.236699059605598,-0.253045678138733,-0.178513050079346,-0.194558337330818
"330",-0.451274633407593,-0.376759350299835,-0.236699059605598,-0.253045678138733,-0.178513050079346,-0.194558337330818
"331",-0.451274633407593,-0.376759350299835,-0.236699059605598,-0.253045678138733,0.427118629217148,-0.194558337330818
"332",-0.451274633407593,-0.376759350299835,-0.236699059605598,-0.253045678138733,-0.178513050079346,0.207649618387222
"333",-0.451274633407593,-0.376759350299835,-0.236699059605598,-0.253045678138733,-0.178513050079346,-0.194558337330818
"334",-0.451274633407593,-0.376759350299835,-0.236699059605598,-0.253045678138733,-0.178513050079346,-0.194558337330818
"335",-0.451274633407593,-0.376759350299835,-0.236699059605598,-0.253045678138733,-0.178513050079346,-0.194558337330818
"336",-0.451274633407593,-0.376759350299835,-0.236699059605598,-0.253045678138733,-0.178513050079346,-0.194558337330818
"337",-0.451274633407593,-0.376759350299835,-0.236699059605598,-0.253045678138733,-0.178513050079346,-0.194558337330818
"338",-0.451274633407593,-0.376759350299835,-0.236699059605598,-0.253045678138733,0.427118629217148,-0.194558337330818
"339",-0.451274633407593,-0.376759350299835,-0.236699059605598,-0.253045678138733,-0.178513050079346,-0.194558337330818
"340",-0.451274633407593,-0.376759350299835,-0.236699059605598,-0.253045678138733,-0.178513050079346,-0.194558337330818
"341",-0.451274633407593,-0.376759350299835,-0.236699059605598,-0.253045678138733,-0.178513050079346,-0.194558337330818
"342",-0.451274633407593,-0.376759350299835,-0.236699059605598,-0.253045678138733,-0.178513050079346,-0.194558337330818
"343",-0.451274633407593,-0.376759350299835,-0.236699059605598,-0.253045678138733,-0.178513050079346,-0.194558337330818
"344",-0.451274633407593,-0.376759350299835,-0.236699059605598,-0.253045678138733,-0.178513050079346,-0.194558337330818
"345",-0.451274633407593,-0.376759350299835,-0.236699059605598,-0.253045678138733,-0.178513050079346,-0.194558337330818
"346",-0.451274633407593,-0.376759350299835,-0.236699059605598,-0.253045678138733,-0.178513050079346,-0.194558337330818
"347",-0.451274633407593,-0.376759350299835,-0.236699059605598,-0.253045678138733,-0.178513050079346,-0.194558337330818
"348",-0.451274633407593,-0.376759350299835,-0.236699059605598,-0.253045678138733,-0.178513050079346,-0.194558337330818
"349",-0.451274633407593,-0.376759350299835,-0.236699059605598,-0.253045678138733,-0.178513050079346,-0.194558337330818
"350",-0.451274633407593,-0.376759350299835,-0.236699059605598,-0.253045678138733,-0.178513050079346,-0.194558337330818
"351",-0.451274633407593,-0.376759350299835,-0.236699059605598,-0.253045678138733,-0.178513050079346,-0.194558337330818
"352",-0.451274633407593,-0.376759350299835,-0.236699059605598,-0.253045678138733,-0.178513050079346,-0.194558337330818
"353",-0.451274633407593,-0.376759350299835,-0.236699059605598,-0.253045678138733,-0.178513050079346,-0.194558337330818
"354",-0.451274633407593,-0.376759350299835,-0.236699059605598,-0.253045678138733,-0.178513050079346,-0.194558337330818
"355",-0.451274633407593,-0.376759350299835,-0.236699059605598,-0.253045678138733,-0.178513050079346,-0.194558337330818
"356",-0.451274633407593,-0.376759350299835,-0.236699059605598,-0.253045678138733,-0.178513050079346,-0.194558337330818
"357",-0.451274633407593,-0.376759350299835,-0.236699059605598,-0.253045678138733,-0.178513050079346,-0.194558337330818
"358",-0.451274633407593,-0.376759350299835,-0.236699059605598,-0.253045678138733,-0.178513050079346,-0.194558337330818
"359",-0.451274633407593,-0.376759350299835,-0.236699059605598,-0.253045678138733,-0.178513050079346,0.207649618387222
"360",-0.451274633407593,-0.376759350299835,-0.236699059605598,-0.253045678138733,-0.178513050079346,-0.194558337330818
"361",-0.451274633407593,-0.376759350299835,-0.236699059605598,-0.253045678138733,-0.178513050079346,-0.194558337330818
"362",-0.451274633407593,-0.376759350299835,-0.236699059605598,-0.253045678138733,-0.178513050079346,-0.194558337330818
"363",-0.451274633407593,-0.376759350299835,-0.236699059605598,-0.253045678138733,-0.178513050079346,-0.194558337330818
"364",-0.451274633407593,-0.376759350299835,-0.236699059605598,-0.253045678138733,-0.178513050079346,-0.194558337330818
"365",-0.451274633407593,-0.376759350299835,-0.236699059605598,-0.253045678138733,-0.178513050079346,-0.194558337330818
"366",-0.451274633407593,-0.376759350299835,-0.236699059605598,-0.253045678138733,-0.178513050079346,-0.194558337330818
"367",-0.451274633407593,-0.376759350299835,-0.236699059605598,-0.253045678138733,-0.178513050079346,-0.194558337330818
"368",-0.451274633407593,-0.376759350299835,-0.236699059605598,-0.253045678138733,-0.178513050079346,-0.194558337330818
"369",-0.451274633407593,-0.376759350299835,-0.236699059605598,-0.253045678138733,-0.178513050079346,-0.194558337330818
"370",-0.451274633407593,-0.376759350299835,-0.236699059605598,-0.253045678138733,-0.178513050079346,-0.194558337330818
"371",-0.451274633407593,-0.376759350299835,-0.236699059605598,-0.253045678138733,-0.178513050079346,-0.194558337330818
"372",-0.451274633407593,-0.376759350299835,-0.236699059605598,-0.253045678138733,-0.178513050079346,-0.194558337330818
"373",-0.451274633407593,-0.376759350299835,-0.236699059605598,-0.253045678138733,0.427118629217148,-0.194558337330818
"374",-0.451274633407593,-0.376759350299835,-0.236699059605598,-0.253045678138733,-0.178513050079346,0.207649618387222
"375",-0.451274633407593,-0.376759350299835,-0.236699059605598,-0.253045678138733,-0.178513050079346,-0.194558337330818
"376",-0.451274633407593,-0.376759350299835,-0.236699059605598,-0.253045678138733,0.427118629217148,-0.194558337330818
"377",-0.451274633407593,-0.376759350299835,-0.236699059605598,-0.253045678138733,-0.178513050079346,-0.194558337330818
"378",-0.451274633407593,-0.376759350299835,-0.236699059605598,-0.253045678138733,-0.178513050079346,0.207649618387222
"379",-0.451274633407593,-0.376759350299835,-0.236699059605598,-0.253045678138733,-0.178513050079346,-0.194558337330818
"380",-0.451274633407593,-0.376759350299835,-0.236699059605598,-0.253045678138733,-0.178513050079346,-0.194558337330818
"381",-0.451274633407593,-0.376759350299835,-0.236699059605598,-0.253045678138733,-0.178513050079346,-0.194558337330818
"382",-0.451274633407593,-0.376759350299835,-0.236699059605598,-0.253045678138733,-0.178513050079346,-0.194558337330818
"383",-0.451274633407593,-0.376759350299835,-0.236699059605598,-0.253045678138733,-0.178513050079346,-0.194558337330818
"384",-0.451274633407593,-0.376759350299835,-0.236699059605598,-0.253045678138733,-0.178513050079346,-0.194558337330818
"385",-0.451274633407593,-0.376759350299835,-0.236699059605598,-0.253045678138733,-0.178513050079346,-0.194558337330818
"386",-0.451274633407593,-0.376759350299835,-0.236699059605598,-0.253045678138733,-0.178513050079346,-0.194558337330818
"387",-0.451274633407593,-0.376759350299835,-0.236699059605598,-0.253045678138733,-0.178513050079346,-0.194558337330818
"388",-0.451274633407593,-0.376759350299835,-0.236699059605598,-0.253045678138733,-0.178513050079346,-0.194558337330818
"389",-0.451274633407593,-0.376759350299835,-0.236699059605598,-0.253045678138733,0.427118629217148,-0.194558337330818
"390",-0.451274633407593,-0.376759350299835,-0.236699059605598,-0.253045678138733,-0.178513050079346,-0.194558337330818
"391",-0.451274633407593,-0.376759350299835,-0.236699059605598,-0.253045678138733,-0.178513050079346,-0.194558337330818
"392",-0.451274633407593,-0.376759350299835,-0.236699059605598,-0.253045678138733,-0.178513050079346,-0.194558337330818
"393",-0.451274633407593,-0.376759350299835,-0.236699059605598,-0.253045678138733,-0.178513050079346,-0.194558337330818
"394",-0.451274633407593,-0.376759350299835,-0.236699059605598,-0.253045678138733,-0.178513050079346,-0.194558337330818
"395",-0.451274633407593,-0.376759350299835,-0.236699059605598,-0.253045678138733,-0.178513050079346,-0.194558337330818
"396",-0.451274633407593,-0.376759350299835,-0.236699059605598,-0.253045678138733,-0.178513050079346,-0.194558337330818
"397",-0.451274633407593,-0.376759350299835,-0.236699059605598,-0.253045678138733,-0.178513050079346,-0.194558337330818
"398",-0.451274633407593,0.48521563410759,-0.236699059605598,0.966815590858459,0.427118629217148,0.207649618387222
"399",-0.451274633407593,-0.376759350299835,-0.236699059605598,-0.253045678138733,-0.178513050079346,-0.194558337330818
"400",-0.451274633407593,-0.376759350299835,-0.236699059605598,-0.253045678138733,-0.178513050079346,-0.194558337330818
"401",-0.451274633407593,-0.376759350299835,-0.236699059605598,-0.253045678138733,0.427118629217148,-0.194558337330818
"402",-0.451274633407593,-0.376759350299835,-0.236699059605598,-0.253045678138733,-0.178513050079346,-0.194558337330818
"403",-0.451274633407593,-0.376759350299835,-0.236699059605598,-0.253045678138733,-0.178513050079346,-0.194558337330818
"404",-0.451274633407593,-0.376759350299835,-0.236699059605598,-0.253045678138733,-0.178513050079346,0.207649618387222
"405",-0.451274633407593,-0.376759350299835,-0.236699059605598,-0.253045678138733,-0.178513050079346,-0.194558337330818
"406",-0.451274633407593,-0.376759350299835,-0.236699059605598,-0.253045678138733,-0.178513050079346,-0.194558337330818
"407",-0.451274633407593,-0.376759350299835,-0.236699059605598,-0.253045678138733,-0.178513050079346,-0.194558337330818
"408",-0.451274633407593,-0.376759350299835,-0.236699059605598,-0.253045678138733,-0.178513050079346,-0.194558337330818
"409",-0.451274633407593,-0.376759350299835,-0.236699059605598,-0.253045678138733,-0.178513050079346,-0.194558337330818
"410",1.78916430473328,-0.376759350299835,-0.236699059605598,-0.253045678138733,-0.178513050079346,-0.194558337330818
"411",-0.451274633407593,-0.376759350299835,-0.236699059605598,-0.253045678138733,-0.178513050079346,-0.194558337330818
"412",-0.451274633407593,-0.376759350299835,-0.236699059605598,-0.253045678138733,-0.178513050079346,-0.194558337330818
"413",-0.451274633407593,0.48521563410759,-0.236699059605598,-0.253045678138733,0.427118629217148,0.207649618387222
"414",-0.451274633407593,-0.376759350299835,-0.236699059605598,-0.253045678138733,-0.178513050079346,0.207649618387222
"415",-0.451274633407593,-0.376759350299835,-0.236699059605598,-0.253045678138733,-0.178513050079346,-0.194558337330818
"416",-0.451274633407593,-0.376759350299835,-0.236699059605598,-0.253045678138733,-0.178513050079346,-0.194558337330818
"417",-0.451274633407593,-0.376759350299835,-0.236699059605598,-0.253045678138733,-0.178513050079346,-0.194558337330818
"418",-0.451274633407593,-0.376759350299835,-0.236699059605598,-0.253045678138733,-0.178513050079346,0.207649618387222
"419",-0.451274633407593,-0.376759350299835,-0.236699059605598,-0.253045678138733,-0.178513050079346,-0.194558337330818
"420",-0.451274633407593,-0.376759350299835,-0.236699059605598,-0.253045678138733,-0.178513050079346,-0.194558337330818
"421",-0.451274633407593,-0.376759350299835,-0.236699059605598,-0.253045678138733,-0.178513050079346,-0.194558337330818
"422",-0.451274633407593,-0.376759350299835,-0.236699059605598,-0.253045678138733,-0.178513050079346,-0.194558337330818
"423",-0.451274633407593,-0.376759350299835,-0.236699059605598,-0.253045678138733,-0.178513050079346,-0.194558337330818
"424",-0.451274633407593,-0.376759350299835,-0.236699059605598,-0.253045678138733,-0.178513050079346,-0.194558337330818
"425",-0.451274633407593,-0.376759350299835,-0.236699059605598,-0.253045678138733,-0.178513050079346,-0.194558337330818
"426",-0.451274633407593,-0.376759350299835,-0.236699059605598,-0.253045678138733,-0.178513050079346,-0.194558337330818
"427",-0.451274633407593,-0.376759350299835,-0.236699059605598,-0.253045678138733,-0.178513050079346,-0.194558337330818
"428",-0.451274633407593,-0.376759350299835,-0.236699059605598,-0.253045678138733,-0.178513050079346,0.207649618387222
"429",-0.451274633407593,-0.376759350299835,-0.236699059605598,-0.253045678138733,-0.178513050079346,-0.194558337330818
"430",-0.451274633407593,-0.376759350299835,-0.236699059605598,-0.253045678138733,-0.178513050079346,-0.194558337330818
"431",-0.451274633407593,-0.376759350299835,-0.236699059605598,-0.253045678138733,-0.178513050079346,-0.194558337330818
"432",-0.451274633407593,-0.376759350299835,-0.236699059605598,-0.253045678138733,-0.178513050079346,-0.194558337330818
"433",-0.451274633407593,-0.376759350299835,-0.236699059605598,-0.253045678138733,-0.178513050079346,-0.194558337330818
"434",-0.451274633407593,-0.376759350299835,-0.236699059605598,-0.253045678138733,-0.178513050079346,-0.194558337330818
"435",-0.451274633407593,-0.376759350299835,-0.236699059605598,-0.253045678138733,-0.178513050079346,-0.194558337330818
"436",-0.451274633407593,-0.376759350299835,-0.236699059605598,-0.253045678138733,-0.178513050079346,-0.194558337330818
"437",-0.451274633407593,-0.376759350299835,-0.236699059605598,-0.253045678138733,-0.178513050079346,-0.194558337330818
"438",-0.451274633407593,-0.376759350299835,-0.236699059605598,-0.253045678138733,-0.178513050079346,-0.194558337330818
"439",-0.451274633407593,-0.376759350299835,-0.236699059605598,-0.253045678138733,-0.178513050079346,-0.194558337330818
"440",-0.451274633407593,-0.376759350299835,-0.236699059605598,-0.253045678138733,-0.178513050079346,-0.194558337330818
"441",-0.451274633407593,-0.376759350299835,-0.236699059605598,-0.253045678138733,-0.178513050079346,-0.194558337330818
"442",-0.451274633407593,-0.376759350299835,-0.236699059605598,-0.253045678138733,-0.178513050079346,-0.194558337330818
"443",-0.451274633407593,-0.376759350299835,-0.236699059605598,-0.253045678138733,-0.178513050079346,-0.194558337330818
"444",-0.451274633407593,-0.376759350299835,-0.236699059605598,-0.253045678138733,-0.178513050079346,-0.194558337330818
"445",-0.451274633407593,-0.376759350299835,-0.236699059605598,-0.253045678138733,-0.178513050079346,-0.194558337330818
"446",-0.451274633407593,-0.376759350299835,-0.236699059605598,-0.253045678138733,-0.178513050079346,-0.194558337330818
"447",-0.451274633407593,-0.376759350299835,-0.236699059605598,-0.253045678138733,-0.178513050079346,-0.194558337330818
"448",-0.451274633407593,-0.376759350299835,-0.236699059605598,-0.253045678138733,-0.178513050079346,-0.194558337330818
"449",-0.451274633407593,-0.376759350299835,-0.236699059605598,-0.253045678138733,-0.178513050079346,-0.194558337330818
"450",-0.451274633407593,-0.376759350299835,-0.236699059605598,-0.253045678138733,-0.178513050079346,-0.194558337330818
"451",-0.451274633407593,-0.376759350299835,-0.236699059605598,-0.253045678138733,-0.178513050079346,-0.194558337330818
"452",-0.451274633407593,-0.376759350299835,-0.236699059605598,-0.253045678138733,-0.178513050079346,-0.194558337330818
"453",-0.451274633407593,-0.376759350299835,-0.236699059605598,-0.253045678138733,-0.178513050079346,-0.194558337330818
"454",-0.451274633407593,-0.376759350299835,-0.236699059605598,-0.253045678138733,-0.178513050079346,-0.194558337330818
"455",-0.451274633407593,-0.376759350299835,-0.236699059605598,-0.253045678138733,-0.178513050079346,-0.194558337330818
"456",-0.451274633407593,-0.376759350299835,-0.236699059605598,-0.253045678138733,-0.178513050079346,-0.194558337330818
"457",-0.451274633407593,-0.376759350299835,-0.236699059605598,-0.253045678138733,-0.178513050079346,-0.194558337330818
"458",-0.451274633407593,-0.376759350299835,-0.236699059605598,-0.253045678138733,-0.178513050079346,0.207649618387222
"459",-0.451274633407593,-0.376759350299835,-0.236699059605598,-0.253045678138733,-0.178513050079346,-0.194558337330818
"460",-0.451274633407593,-0.376759350299835,-0.236699059605598,-0.253045678138733,-0.178513050079346,-0.194558337330818
"461",-0.451274633407593,-0.376759350299835,-0.236699059605598,-0.253045678138733,-0.178513050079346,-0.194558337330818
"462",-0.451274633407593,-0.376759350299835,-0.236699059605598,-0.253045678138733,-0.178513050079346,-0.194558337330818
"463",-0.451274633407593,-0.376759350299835,-0.236699059605598,-0.253045678138733,-0.178513050079346,-0.194558337330818
"464",-0.451274633407593,-0.376759350299835,-0.236699059605598,-0.253045678138733,-0.178513050079346,-0.194558337330818
"465",-0.451274633407593,-0.376759350299835,-0.236699059605598,-0.253045678138733,-0.178513050079346,-0.194558337330818
"466",-0.451274633407593,-0.376759350299835,-0.236699059605598,-0.253045678138733,-0.178513050079346,-0.194558337330818
"467",-0.451274633407593,-0.376759350299835,-0.236699059605598,-0.253045678138733,-0.178513050079346,0.207649618387222
"468",-0.451274633407593,-0.376759350299835,-0.236699059605598,-0.253045678138733,0.427118629217148,-0.194558337330818
"469",-0.451274633407593,-0.376759350299835,-0.236699059605598,-0.253045678138733,-0.178513050079346,-0.194558337330818
"470",-0.451274633407593,-0.376759350299835,-0.236699059605598,-0.253045678138733,-0.178513050079346,-0.194558337330818
"471",-0.451274633407593,-0.376759350299835,-0.236699059605598,-0.253045678138733,0.427118629217148,-0.194558337330818
"472",-0.451274633407593,-0.376759350299835,-0.236699059605598,-0.253045678138733,-0.178513050079346,-0.194558337330818
"473",-0.451274633407593,-0.376759350299835,-0.236699059605598,-0.253045678138733,-0.178513050079346,-0.194558337330818
"474",-0.451274633407593,-0.376759350299835,-0.236699059605598,-0.253045678138733,-0.178513050079346,-0.194558337330818
"475",-0.451274633407593,-0.376759350299835,-0.236699059605598,-0.253045678138733,-0.178513050079346,-0.194558337330818
"476",-0.451274633407593,-0.376759350299835,-0.236699059605598,-0.253045678138733,-0.178513050079346,-0.194558337330818
"477",-0.451274633407593,-0.376759350299835,-0.236699059605598,-0.253045678138733,-0.178513050079346,-0.194558337330818
"478",-0.451274633407593,-0.376759350299835,-0.236699059605598,-0.253045678138733,-0.178513050079346,0.207649618387222
"479",-0.451274633407593,-0.376759350299835,-0.236699059605598,-0.253045678138733,0.427118629217148,-0.194558337330818
"480",-0.451274633407593,-0.376759350299835,-0.236699059605598,-0.253045678138733,-0.178513050079346,-0.194558337330818
"481",-0.451274633407593,-0.376759350299835,-0.236699059605598,-0.253045678138733,-0.178513050079346,-0.194558337330818
"482",-0.451274633407593,-0.376759350299835,-0.236699059605598,-0.253045678138733,-0.178513050079346,-0.194558337330818
"483",1.78916430473328,-0.376759350299835,-0.236699059605598,-0.253045678138733,-0.178513050079346,-0.194558337330818
"484",-0.451274633407593,-0.376759350299835,-0.236699059605598,-0.253045678138733,-0.178513050079346,-0.194558337330818
"485",-0.451274633407593,-0.376759350299835,-0.236699059605598,-0.253045678138733,-0.178513050079346,-0.194558337330818
"486",-0.451274633407593,-0.376759350299835,-0.236699059605598,-0.253045678138733,-0.178513050079346,-0.194558337330818
"487",-0.451274633407593,-0.376759350299835,-0.236699059605598,-0.253045678138733,-0.178513050079346,-0.194558337330818
"488",-0.451274633407593,-0.376759350299835,-0.236699059605598,-0.253045678138733,-0.178513050079346,-0.194558337330818
"489",-0.451274633407593,-0.376759350299835,-0.236699059605598,-0.253045678138733,-0.178513050079346,-0.194558337330818
"490",-0.451274633407593,-0.376759350299835,-0.236699059605598,-0.253045678138733,-0.178513050079346,-0.194558337330818
"491",-0.451274633407593,-0.376759350299835,-0.236699059605598,-0.253045678138733,-0.178513050079346,-0.194558337330818
"492",-0.451274633407593,-0.376759350299835,-0.236699059605598,-0.253045678138733,-0.178513050079346,-0.194558337330818
"493",-0.451274633407593,-0.376759350299835,-0.236699059605598,-0.253045678138733,-0.178513050079346,-0.194558337330818
"494",-0.451274633407593,-0.376759350299835,-0.236699059605598,-0.253045678138733,-0.178513050079346,-0.194558337330818
"495",-0.451274633407593,-0.376759350299835,-0.236699059605598,-0.253045678138733,-0.178513050079346,0.207649618387222
"496",-0.451274633407593,-0.376759350299835,-0.236699059605598,-0.253045678138733,-0.178513050079346,-0.194558337330818
"497",-0.451274633407593,-0.376759350299835,-0.236699059605598,-0.253045678138733,-0.178513050079346,-0.194558337330818
"498",-0.451274633407593,-0.376759350299835,-0.236699059605598,-0.253045678138733,-0.178513050079346,-0.194558337330818
"499",-0.451274633407593,-0.376759350299835,-0.236699059605598,-0.253045678138733,-0.178513050079346,-0.194558337330818
"500",-0.451274633407593,-0.376759350299835,-0.236699059605598,-0.253045678138733,-0.178513050079346,-0.194558337330818
"501",-0.451274633407593,-0.376759350299835,-0.236699059605598,-0.253045678138733,-0.178513050079346,-0.194558337330818
"502",-0.451274633407593,-0.376759350299835,-0.236699059605598,-0.253045678138733,-0.178513050079346,-0.194558337330818
"503",-0.451274633407593,-0.376759350299835,-0.236699059605598,-0.253045678138733,-0.178513050079346,-0.194558337330818
"504",-0.451274633407593,-0.376759350299835,0.393408894538879,-0.253045678138733,-0.178513050079346,0.207649618387222
"505",-0.451274633407593,-0.376759350299835,-0.236699059605598,-0.253045678138733,-0.178513050079346,-0.194558337330818
"506",-0.451274633407593,-0.376759350299835,-0.236699059605598,-0.253045678138733,-0.178513050079346,-0.194558337330818
"507",-0.451274633407593,-0.376759350299835,-0.236699059605598,-0.253045678138733,-0.178513050079346,-0.194558337330818
"508",-0.451274633407593,-0.376759350299835,-0.236699059605598,-0.253045678138733,-0.178513050079346,-0.194558337330818
"509",-0.451274633407593,-0.376759350299835,-0.236699059605598,-0.253045678138733,-0.178513050079346,-0.194558337330818
"510",-0.451274633407593,-0.376759350299835,-0.236699059605598,-0.253045678138733,-0.178513050079346,-0.194558337330818
"511",-0.451274633407593,-0.376759350299835,-0.236699059605598,-0.253045678138733,-0.178513050079346,-0.194558337330818
"512",-0.451274633407593,-0.376759350299835,-0.236699059605598,-0.253045678138733,-0.178513050079346,0.207649618387222
"513",-0.451274633407593,-0.376759350299835,-0.236699059605598,-0.253045678138733,-0.178513050079346,0.207649618387222
"514",-0.451274633407593,-0.376759350299835,-0.236699059605598,-0.253045678138733,-0.178513050079346,-0.194558337330818
"515",-0.451274633407593,-0.376759350299835,-0.236699059605598,-0.253045678138733,-0.178513050079346,-0.194558337330818
"516",-0.451274633407593,-0.376759350299835,-0.236699059605598,-0.253045678138733,-0.178513050079346,-0.194558337330818
"517",0.189630597829819,0.48521563410759,-0.236699059605598,-0.253045678138733,-0.178513050079346,0.207649618387222
"518",-0.451274633407593,-0.376759350299835,-0.236699059605598,-0.253045678138733,-0.178513050079346,-0.194558337330818
"519",-0.451274633407593,-0.376759350299835,-0.236699059605598,-0.253045678138733,-0.178513050079346,-0.194558337330818
"520",-0.451274633407593,-0.376759350299835,-0.236699059605598,-0.253045678138733,-0.178513050079346,-0.194558337330818
"521",-0.451274633407593,-0.376759350299835,-0.236699059605598,-0.253045678138733,-0.178513050079346,-0.194558337330818
"522",-0.451274633407593,-0.376759350299835,-0.236699059605598,-0.253045678138733,-0.178513050079346,-0.194558337330818
"523",-0.451274633407593,-0.376759350299835,-0.236699059605598,-0.253045678138733,-0.178513050079346,-0.194558337330818
"524",-0.451274633407593,-0.376759350299835,-0.236699059605598,-0.253045678138733,-0.178513050079346,-0.194558337330818
"525",-0.451274633407593,-0.376759350299835,-0.236699059605598,-0.253045678138733,-0.178513050079346,-0.194558337330818
"526",-0.451274633407593,-0.376759350299835,-0.236699059605598,-0.253045678138733,-0.178513050079346,-0.194558337330818
"527",-0.451274633407593,-0.376759350299835,-0.236699059605598,-0.253045678138733,-0.178513050079346,-0.194558337330818
"528",-0.451274633407593,-0.376759350299835,-0.236699059605598,-0.253045678138733,-0.178513050079346,-0.194558337330818
"529",-0.451274633407593,-0.376759350299835,-0.236699059605598,-0.253045678138733,-0.178513050079346,-0.194558337330818
"530",-0.451274633407593,-0.376759350299835,-0.236699059605598,-0.253045678138733,-0.178513050079346,-0.194558337330818
"531",-0.451274633407593,-0.376759350299835,-0.236699059605598,-0.253045678138733,-0.178513050079346,-0.194558337330818
"532",-0.451274633407593,-0.376759350299835,-0.236699059605598,-0.253045678138733,-0.178513050079346,-0.194558337330818
"533",-0.451274633407593,-0.376759350299835,-0.236699059605598,-0.253045678138733,-0.178513050079346,-0.194558337330818
"534",-0.451274633407593,-0.376759350299835,-0.236699059605598,-0.253045678138733,-0.178513050079346,-0.194558337330818
"535",-0.451274633407593,-0.376759350299835,-0.236699059605598,-0.253045678138733,-0.178513050079346,-0.194558337330818
"536",-0.451274633407593,-0.376759350299835,-0.236699059605598,-0.253045678138733,-0.178513050079346,-0.194558337330818
"537",-0.451274633407593,-0.376759350299835,-0.236699059605598,-0.253045678138733,-0.178513050079346,-0.194558337330818
"538",-0.451274633407593,-0.376759350299835,-0.236699059605598,-0.253045678138733,-0.178513050079346,-0.194558337330818
"539",-0.451274633407593,-0.376759350299835,-0.236699059605598,-0.253045678138733,-0.178513050079346,-0.194558337330818
"540",-0.451274633407593,-0.376759350299835,-0.236699059605598,-0.253045678138733,-0.178513050079346,-0.194558337330818
"541",-0.451274633407593,-0.376759350299835,-0.236699059605598,-0.253045678138733,-0.178513050079346,-0.194558337330818
"542",-0.451274633407593,-0.376759350299835,-0.236699059605598,-0.253045678138733,-0.178513050079346,-0.194558337330818
"543",-0.451274633407593,-0.376759350299835,-0.236699059605598,-0.253045678138733,-0.178513050079346,-0.194558337330818
"544",-0.451274633407593,-0.376759350299835,-0.236699059605598,-0.253045678138733,-0.178513050079346,-0.194558337330818
"545",-0.451274633407593,-0.376759350299835,-0.236699059605598,-0.253045678138733,-0.178513050079346,-0.194558337330818
"546",-0.451274633407593,-0.376759350299835,-0.236699059605598,-0.253045678138733,-0.178513050079346,-0.194558337330818
"547",-0.451274633407593,-0.376759350299835,-0.236699059605598,-0.253045678138733,-0.178513050079346,-0.194558337330818
"548",-0.451274633407593,-0.376759350299835,-0.236699059605598,-0.253045678138733,-0.178513050079346,0.207649618387222
"549",-0.451274633407593,-0.376759350299835,-0.236699059605598,-0.253045678138733,-0.178513050079346,-0.194558337330818
"550",-0.451274633407593,-0.376759350299835,-0.236699059605598,-0.253045678138733,-0.178513050079346,-0.194558337330818
"551",-0.451274633407593,-0.376759350299835,-0.236699059605598,-0.253045678138733,-0.178513050079346,-0.194558337330818
"552",1.78916430473328,-0.376759350299835,-0.236699059605598,-0.253045678138733,-0.178513050079346,-0.194558337330818
"553",-0.451274633407593,0.0999441891908646,-0.236699059605598,-0.253045678138733,0.427118629217148,0.207649618387222
"554",-0.451274633407593,-0.376759350299835,-0.236699059605598,-0.253045678138733,-0.178513050079346,-0.194558337330818
"555",-0.451274633407593,-0.376759350299835,-0.236699059605598,-0.253045678138733,-0.178513050079346,-0.194558337330818
"556",1.78916430473328,-0.376759350299835,-0.236699059605598,0.966815590858459,-0.178513050079346,-0.194558337330818
"557",-0.451274633407593,-0.376759350299835,-0.236699059605598,-0.253045678138733,-0.178513050079346,-0.194558337330818
"558",-0.451274633407593,-0.376759350299835,-0.236699059605598,-0.253045678138733,0.427118629217148,-0.194558337330818
"559",-0.451274633407593,-0.376759350299835,-0.236699059605598,-0.253045678138733,-0.178513050079346,-0.194558337330818
"560",-0.451274633407593,-0.376759350299835,-0.236699059605598,-0.253045678138733,-0.178513050079346,-0.194558337330818
"561",-0.451274633407593,-0.376759350299835,-0.236699059605598,-0.253045678138733,-0.178513050079346,-0.194558337330818
"562",-0.451274633407593,-0.376759350299835,-0.236699059605598,-0.253045678138733,-0.178513050079346,-0.194558337330818
"563",-0.451274633407593,-0.376759350299835,-0.236699059605598,-0.253045678138733,-0.178513050079346,-0.194558337330818
"564",-0.451274633407593,-0.376759350299835,-0.236699059605598,-0.253045678138733,-0.178513050079346,-0.194558337330818
"565",-0.451274633407593,-0.376759350299835,-0.236699059605598,-0.253045678138733,-0.178513050079346,-0.194558337330818
"566",-0.451274633407593,-0.376759350299835,-0.236699059605598,-0.253045678138733,-0.178513050079346,-0.194558337330818
"567",-0.451274633407593,-0.376759350299835,-0.236699059605598,-0.253045678138733,-0.178513050079346,-0.194558337330818
"568",-0.451274633407593,-0.376759350299835,-0.236699059605598,-0.253045678138733,0.427118629217148,-0.194558337330818
"569",-0.451274633407593,-0.376759350299835,-0.236699059605598,-0.253045678138733,-0.178513050079346,-0.194558337330818
"570",-0.451274633407593,-0.376759350299835,-0.236699059605598,-0.253045678138733,-0.178513050079346,-0.194558337330818
"571",-0.451274633407593,-0.376759350299835,-0.236699059605598,-0.253045678138733,-0.178513050079346,-0.194558337330818
"572",-0.451274633407593,-0.376759350299835,-0.236699059605598,-0.253045678138733,-0.178513050079346,-0.194558337330818
"573",-0.451274633407593,-0.376759350299835,-0.236699059605598,-0.253045678138733,-0.178513050079346,-0.194558337330818
"574",-0.451274633407593,-0.376759350299835,-0.236699059605598,-0.253045678138733,-0.178513050079346,0.207649618387222
"575",-0.451274633407593,-0.376759350299835,-0.236699059605598,-0.253045678138733,-0.178513050079346,-0.194558337330818
"576",-0.451274633407593,-0.376759350299835,-0.236699059605598,-0.253045678138733,-0.178513050079346,-0.194558337330818
"577",-0.451274633407593,-0.376759350299835,-0.236699059605598,-0.253045678138733,-0.178513050079346,-0.194558337330818
"578",-0.451274633407593,-0.376759350299835,-0.236699059605598,-0.253045678138733,-0.178513050079346,0.207649618387222
"579",-0.451274633407593,-0.376759350299835,-0.236699059605598,-0.253045678138733,-0.178513050079346,-0.194558337330818
"580",-0.451274633407593,-0.376759350299835,-0.236699059605598,-0.253045678138733,-0.178513050079346,-0.194558337330818
"581",-0.451274633407593,-0.376759350299835,-0.236699059605598,-0.253045678138733,-0.178513050079346,-0.194558337330818
"582",-0.451274633407593,-0.376759350299835,-0.236699059605598,-0.253045678138733,-0.178513050079346,-0.194558337330818
"583",-0.451274633407593,-0.376759350299835,-0.236699059605598,-0.253045678138733,-0.178513050079346,-0.194558337330818
"584",-0.451274633407593,-0.376759350299835,-0.236699059605598,-0.253045678138733,-0.178513050079346,-0.194558337330818
"585",-0.451274633407593,-0.376759350299835,-0.236699059605598,-0.253045678138733,-0.178513050079346,-0.194558337330818
"586",-0.451274633407593,-0.376759350299835,-0.236699059605598,-0.253045678138733,-0.178513050079346,-0.194558337330818
"587",-0.451274633407593,0.48521563410759,-0.236699059605598,-0.253045678138733,0.427118629217148,0.207649618387222
"588",-0.451274633407593,0.48521563410759,-0.236699059605598,-0.253045678138733,-0.178513050079346,-0.194558337330818
"589",-0.451274633407593,-0.376759350299835,-0.236699059605598,-0.253045678138733,-0.178513050079346,-0.194558337330818
"590",-0.451274633407593,-0.376759350299835,-0.236699059605598,-0.253045678138733,-0.178513050079346,-0.194558337330818
"591",-0.451274633407593,-0.376759350299835,-0.236699059605598,-0.253045678138733,-0.178513050079346,0.207649618387222
"592",-0.451274633407593,-0.376759350299835,-0.236699059605598,-0.253045678138733,-0.178513050079346,-0.194558337330818
"593",-0.451274633407593,-0.376759350299835,-0.236699059605598,-0.253045678138733,-0.178513050079346,-0.194558337330818
"594",-0.451274633407593,-0.376759350299835,-0.236699059605598,-0.253045678138733,-0.178513050079346,-0.194558337330818
"595",-0.451274633407593,-0.376759350299835,-0.236699059605598,-0.253045678138733,-0.178513050079346,-0.194558337330818
"596",-0.451274633407593,-0.376759350299835,-0.236699059605598,-0.253045678138733,-0.178513050079346,-0.194558337330818
"597",-0.451274633407593,-0.376759350299835,-0.236699059605598,-0.253045678138733,-0.178513050079346,-0.194558337330818
"598",-0.451274633407593,-0.376759350299835,-0.236699059605598,-0.253045678138733,-0.178513050079346,-0.194558337330818
"599",-0.451274633407593,-0.376759350299835,-0.236699059605598,-0.253045678138733,-0.178513050079346,-0.194558337330818
"600",-0.451274633407593,-0.376759350299835,-0.236699059605598,-0.253045678138733,-0.178513050079346,-0.194558337330818
"601",-0.451274633407593,-0.376759350299835,-0.236699059605598,-0.253045678138733,-0.178513050079346,-0.194558337330818
"602",-0.451274633407593,-0.376759350299835,-0.236699059605598,-0.253045678138733,-0.178513050079346,-0.194558337330818
"603",-0.451274633407593,-0.376759350299835,-0.236699059605598,-0.253045678138733,-0.178513050079346,-0.194558337330818
"604",-0.451274633407593,-0.376759350299835,-0.236699059605598,-0.253045678138733,-0.178513050079346,-0.194558337330818
"605",-0.451274633407593,-0.376759350299835,-0.236699059605598,-0.253045678138733,-0.178513050079346,-0.194558337330818
"606",-0.451274633407593,-0.376759350299835,-0.236699059605598,-0.253045678138733,-0.178513050079346,-0.194558337330818
"607",-0.451274633407593,-0.376759350299835,-0.236699059605598,-0.253045678138733,-0.178513050079346,-0.194558337330818
"608",-0.451274633407593,-0.376759350299835,-0.236699059605598,-0.253045678138733,-0.178513050079346,-0.194558337330818
"609",-0.451274633407593,-0.376759350299835,-0.236699059605598,-0.253045678138733,-0.178513050079346,-0.194558337330818
"610",-0.451274633407593,-0.376759350299835,-0.236699059605598,-0.253045678138733,-0.178513050079346,-0.194558337330818
"611",-0.451274633407593,-0.376759350299835,-0.236699059605598,-0.253045678138733,-0.178513050079346,-0.194558337330818
"612",-0.451274633407593,-0.376759350299835,-0.236699059605598,-0.253045678138733,-0.178513050079346,-0.194558337330818
"613",-0.451274633407593,-0.376759350299835,-0.236699059605598,-0.253045678138733,-0.178513050079346,-0.194558337330818
"614",-0.451274633407593,-0.376759350299835,-0.236699059605598,-0.253045678138733,0.427118629217148,-0.194558337330818
"615",-0.451274633407593,-0.376759350299835,-0.236699059605598,-0.253045678138733,-0.178513050079346,-0.194558337330818
"616",-0.451274633407593,-0.376759350299835,-0.236699059605598,-0.253045678138733,-0.178513050079346,-0.194558337330818
"617",-0.451274633407593,-0.376759350299835,-0.236699059605598,-0.253045678138733,-0.178513050079346,-0.194558337330818
"618",-0.451274633407593,-0.376759350299835,-0.236699059605598,-0.253045678138733,-0.178513050079346,-0.194558337330818
"619",-0.451274633407593,-0.376759350299835,-0.236699059605598,-0.253045678138733,-0.178513050079346,-0.194558337330818
"620",-0.451274633407593,0.48521563410759,-0.236699059605598,-0.253045678138733,-0.178513050079346,-0.194558337330818
"621",-0.451274633407593,-0.376759350299835,-0.236699059605598,-0.253045678138733,-0.178513050079346,-0.194558337330818
"622",-0.451274633407593,-0.376759350299835,-0.236699059605598,-0.253045678138733,-0.178513050079346,-0.194558337330818
"623",-0.451274633407593,-0.376759350299835,-0.236699059605598,-0.253045678138733,-0.178513050079346,-0.194558337330818
"624",-0.451274633407593,-0.376759350299835,-0.236699059605598,-0.253045678138733,-0.178513050079346,-0.194558337330818
"625",-0.451274633407593,-0.376759350299835,-0.236699059605598,-0.253045678138733,-0.178513050079346,-0.194558337330818
"626",-0.451274633407593,-0.376759350299835,-0.236699059605598,-0.253045678138733,-0.178513050079346,-0.194558337330818
"627",-0.451274633407593,-0.376759350299835,-0.236699059605598,-0.253045678138733,-0.178513050079346,-0.194558337330818
"628",-0.451274633407593,-0.376759350299835,-0.236699059605598,-0.253045678138733,-0.178513050079346,-0.194558337330818
"629",-0.451274633407593,-0.376759350299835,-0.236699059605598,-0.253045678138733,-0.178513050079346,-0.194558337330818
"630",-0.451274633407593,-0.376759350299835,-0.236699059605598,-0.253045678138733,-0.178513050079346,-0.194558337330818
"631",-0.451274633407593,-0.376759350299835,-0.236699059605598,-0.253045678138733,-0.178513050079346,-0.194558337330818
"632",-0.451274633407593,-0.376759350299835,-0.236699059605598,-0.253045678138733,-0.178513050079346,-0.194558337330818
"633",-0.451274633407593,-0.376759350299835,-0.236699059605598,-0.253045678138733,-0.178513050079346,-0.194558337330818
"634",-0.451274633407593,-0.376759350299835,-0.236699059605598,-0.253045678138733,-0.178513050079346,-0.194558337330818
"635",-0.451274633407593,-0.376759350299835,-0.236699059605598,-0.253045678138733,-0.178513050079346,-0.194558337330818
"636",-0.451274633407593,-0.376759350299835,-0.236699059605598,-0.253045678138733,-0.178513050079346,-0.194558337330818
"637",-0.451274633407593,-0.376759350299835,-0.236699059605598,-0.253045678138733,-0.178513050079346,-0.194558337330818
"638",-0.451274633407593,-0.376759350299835,-0.236699059605598,-0.253045678138733,0.427118629217148,-0.194558337330818
"639",-0.451274633407593,-0.376759350299835,-0.236699059605598,-0.253045678138733,-0.178513050079346,-0.194558337330818
"640",-0.451274633407593,-0.376759350299835,-0.236699059605598,-0.253045678138733,-0.178513050079346,-0.194558337330818
"641",-0.451274633407593,-0.376759350299835,-0.236699059605598,-0.253045678138733,-0.178513050079346,-0.194558337330818
"642",2.61243081092834,0.48521563410759,-0.236699059605598,-0.253045678138733,-0.178513050079346,0.207649618387222
"643",-0.451274633407593,-0.376759350299835,-0.236699059605598,-0.253045678138733,0.427118629217148,-0.194558337330818
"644",-0.451274633407593,-0.376759350299835,-0.236699059605598,-0.253045678138733,0.427118629217148,-0.194558337330818
"645",-0.451274633407593,-0.376759350299835,-0.236699059605598,-0.253045678138733,-0.178513050079346,-0.194558337330818
"646",-0.451274633407593,-0.376759350299835,-0.236699059605598,-0.253045678138733,-0.178513050079346,-0.194558337330818
"647",-0.451274633407593,-0.376759350299835,-0.236699059605598,-0.253045678138733,-0.178513050079346,-0.194558337330818
"648",-0.451274633407593,-0.376759350299835,-0.236699059605598,-0.253045678138733,-0.178513050079346,-0.194558337330818
"649",-0.451274633407593,-0.376759350299835,-0.236699059605598,-0.253045678138733,-0.178513050079346,-0.194558337330818
"650",-0.451274633407593,-0.376759350299835,-0.236699059605598,-0.253045678138733,-0.178513050079346,-0.194558337330818
"651",-0.451274633407593,-0.376759350299835,-0.236699059605598,-0.253045678138733,-0.178513050079346,-0.194558337330818
"652",-0.451274633407593,-0.376759350299835,-0.236699059605598,-0.253045678138733,-0.178513050079346,-0.194558337330818
"653",-0.451274633407593,-0.376759350299835,-0.236699059605598,-0.253045678138733,-0.178513050079346,-0.194558337330818
"654",-0.451274633407593,-0.376759350299835,-0.236699059605598,-0.253045678138733,-0.178513050079346,-0.194558337330818
"655",-0.451274633407593,-0.376759350299835,-0.236699059605598,-0.253045678138733,-0.178513050079346,0.207649618387222
"656",-0.451274633407593,-0.376759350299835,-0.236699059605598,-0.253045678138733,-0.178513050079346,-0.194558337330818
"657",-0.451274633407593,-0.376759350299835,-0.236699059605598,-0.253045678138733,-0.178513050079346,0.207649618387222
"658",-0.451274633407593,-0.376759350299835,-0.236699059605598,-0.253045678138733,-0.178513050079346,0.207649618387222
"659",-0.451274633407593,-0.376759350299835,-0.236699059605598,-0.253045678138733,-0.178513050079346,-0.194558337330818
"660",-0.451274633407593,-0.376759350299835,-0.236699059605598,-0.253045678138733,-0.178513050079346,-0.194558337330818
"661",-0.451274633407593,-0.376759350299835,-0.236699059605598,-0.253045678138733,-0.178513050079346,-0.194558337330818
"662",-0.451274633407593,-0.376759350299835,-0.236699059605598,-0.253045678138733,-0.178513050079346,-0.194558337330818
"663",-0.451274633407593,-0.376759350299835,-0.236699059605598,-0.253045678138733,-0.178513050079346,-0.194558337330818
"664",-0.451274633407593,-0.376759350299835,-0.236699059605598,-0.253045678138733,-0.178513050079346,-0.194558337330818
"665",-0.451274633407593,-0.376759350299835,-0.236699059605598,-0.253045678138733,-0.178513050079346,-0.194558337330818
"666",-0.451274633407593,-0.376759350299835,-0.236699059605598,-0.253045678138733,-0.178513050079346,-0.194558337330818
"667",-0.451274633407593,-0.376759350299835,-0.236699059605598,-0.253045678138733,-0.178513050079346,-0.194558337330818
"668",-0.451274633407593,-0.376759350299835,-0.236699059605598,-0.253045678138733,-0.178513050079346,-0.194558337330818
"669",-0.451274633407593,-0.376759350299835,-0.236699059605598,-0.253045678138733,-0.178513050079346,-0.194558337330818
"670",-0.451274633407593,-0.376759350299835,-0.236699059605598,-0.253045678138733,-0.178513050079346,-0.194558337330818
"671",-0.451274633407593,-0.376759350299835,-0.236699059605598,-0.253045678138733,-0.178513050079346,-0.194558337330818
"672",-0.451274633407593,-0.376759350299835,-0.236699059605598,-0.253045678138733,-0.178513050079346,-0.194558337330818
"673",-0.451274633407593,-0.376759350299835,-0.236699059605598,-0.253045678138733,-0.178513050079346,-0.194558337330818
"674",-0.451274633407593,-0.376759350299835,-0.236699059605598,-0.253045678138733,-0.178513050079346,-0.194558337330818
"675",-0.451274633407593,-0.376759350299835,-0.236699059605598,-0.253045678138733,-0.178513050079346,-0.194558337330818
"676",-0.451274633407593,-0.376759350299835,-0.236699059605598,-0.253045678138733,-0.178513050079346,-0.194558337330818
"677",-0.451274633407593,-0.376759350299835,-0.236699059605598,-0.253045678138733,-0.178513050079346,-0.194558337330818
"678",-0.451274633407593,-0.376759350299835,-0.236699059605598,-0.253045678138733,-0.178513050079346,-0.194558337330818
"679",-0.451274633407593,-0.376759350299835,-0.236699059605598,-0.253045678138733,-0.178513050079346,-0.194558337330818
"680",-0.451274633407593,-0.376759350299835,-0.236699059605598,-0.253045678138733,-0.178513050079346,-0.194558337330818
"681",-0.451274633407593,-0.376759350299835,-0.236699059605598,-0.253045678138733,-0.178513050079346,-0.194558337330818
"682",-0.451274633407593,-0.376759350299835,-0.236699059605598,-0.253045678138733,-0.178513050079346,-0.194558337330818
"683",-0.451274633407593,-0.376759350299835,-0.236699059605598,-0.253045678138733,-0.178513050079346,-0.194558337330818
"684",-0.451274633407593,-0.376759350299835,-0.236699059605598,-0.253045678138733,-0.178513050079346,-0.194558337330818
"685",-0.451274633407593,-0.376759350299835,-0.236699059605598,-0.253045678138733,-0.178513050079346,-0.194558337330818
"686",-0.451274633407593,-0.376759350299835,-0.236699059605598,-0.253045678138733,-0.178513050079346,-0.194558337330818
"687",-0.451274633407593,-0.376759350299835,-0.236699059605598,-0.253045678138733,-0.178513050079346,-0.194558337330818
"688",-0.451274633407593,-0.376759350299835,-0.236699059605598,-0.253045678138733,-0.178513050079346,-0.194558337330818
"689",-0.451274633407593,-0.376759350299835,-0.236699059605598,-0.253045678138733,-0.178513050079346,-0.194558337330818
"690",-0.451274633407593,-0.376759350299835,-0.236699059605598,-0.253045678138733,-0.178513050079346,-0.194558337330818
"691",-0.451274633407593,-0.376759350299835,-0.236699059605598,-0.253045678138733,-0.178513050079346,-0.194558337330818
"692",-0.451274633407593,-0.376759350299835,-0.236699059605598,-0.253045678138733,-0.178513050079346,-0.194558337330818
"693",-0.451274633407593,-0.376759350299835,-0.236699059605598,-0.253045678138733,-0.178513050079346,-0.194558337330818
"694",-0.451274633407593,-0.376759350299835,-0.236699059605598,-0.253045678138733,-0.178513050079346,-0.194558337330818
"695",-0.451274633407593,-0.376759350299835,-0.236699059605598,-0.253045678138733,-0.178513050079346,-0.194558337330818
"696",-0.451274633407593,-0.376759350299835,-0.236699059605598,-0.253045678138733,-0.178513050079346,0.207649618387222
"697",-0.451274633407593,-0.376759350299835,-0.236699059605598,-0.253045678138733,-0.178513050079346,0.207649618387222
"698",-0.451274633407593,-0.376759350299835,-0.236699059605598,-0.253045678138733,-0.178513050079346,-0.194558337330818
"699",-0.451274633407593,-0.376759350299835,-0.236699059605598,-0.253045678138733,-0.178513050079346,-0.194558337330818
"700",-0.451274633407593,-0.376759350299835,-0.236699059605598,-0.253045678138733,-0.178513050079346,-0.194558337330818
"701",-0.451274633407593,-0.376759350299835,-0.236699059605598,-0.253045678138733,-0.178513050079346,-0.194558337330818
"702",-0.451274633407593,-0.376759350299835,-0.236699059605598,-0.253045678138733,-0.178513050079346,-0.194558337330818
"703",-0.451274633407593,-0.376759350299835,-0.236699059605598,-0.253045678138733,0.427118629217148,-0.194558337330818
"704",-0.451274633407593,-0.376759350299835,-0.236699059605598,-0.253045678138733,0.427118629217148,-0.194558337330818
"705",-0.451274633407593,-0.376759350299835,-0.236699059605598,-0.253045678138733,-0.178513050079346,-0.194558337330818
"706",-0.451274633407593,-0.376759350299835,-0.236699059605598,-0.253045678138733,-0.178513050079346,-0.194558337330818
"707",-0.451274633407593,-0.376759350299835,-0.236699059605598,-0.253045678138733,-0.178513050079346,-0.194558337330818
"708",-0.451274633407593,-0.376759350299835,-0.236699059605598,-0.253045678138733,-0.178513050079346,-0.194558337330818
"709",-0.451274633407593,-0.376759350299835,-0.236699059605598,-0.253045678138733,-0.178513050079346,-0.194558337330818
"710",-0.451274633407593,-0.376759350299835,-0.236699059605598,-0.253045678138733,-0.178513050079346,-0.194558337330818
"711",-0.451274633407593,-0.376759350299835,-0.236699059605598,-0.253045678138733,-0.178513050079346,-0.194558337330818
"712",-0.451274633407593,-0.376759350299835,-0.236699059605598,-0.253045678138733,-0.178513050079346,-0.194558337330818
"713",-0.451274633407593,-0.376759350299835,-0.236699059605598,-0.253045678138733,-0.178513050079346,-0.194558337330818
"714",-0.451274633407593,-0.376759350299835,-0.236699059605598,-0.253045678138733,0.427118629217148,-0.194558337330818
"715",-0.451274633407593,-0.376759350299835,-0.236699059605598,-0.253045678138733,-0.178513050079346,0.207649618387222
"716",-0.451274633407593,-0.376759350299835,-0.236699059605598,-0.253045678138733,-0.178513050079346,-0.194558337330818
"717",-0.451274633407593,-0.376759350299835,-0.236699059605598,-0.253045678138733,-0.178513050079346,-0.194558337330818
"718",-0.451274633407593,-0.376759350299835,-0.236699059605598,-0.253045678138733,-0.178513050079346,0.207649618387222
"719",1.78916430473328,0.48521563410759,-0.236699059605598,-0.253045678138733,-0.178513050079346,-0.194558337330818
"720",-0.451274633407593,-0.376759350299835,-0.236699059605598,-0.253045678138733,-0.178513050079346,-0.194558337330818
"721",-0.451274633407593,-0.376759350299835,-0.236699059605598,-0.253045678138733,-0.178513050079346,-0.194558337330818
"722",-0.451274633407593,-0.376759350299835,-0.236699059605598,-0.253045678138733,-0.178513050079346,-0.194558337330818
"723",-0.451274633407593,-0.376759350299835,-0.236699059605598,-0.253045678138733,-0.178513050079346,-0.194558337330818
"724",-0.451274633407593,-0.376759350299835,0.393408894538879,-0.253045678138733,-0.178513050079346,-0.194558337330818
"725",-0.451274633407593,-0.376759350299835,-0.236699059605598,-0.253045678138733,-0.178513050079346,-0.194558337330818
"726",-0.451274633407593,-0.376759350299835,-0.236699059605598,-0.253045678138733,-0.178513050079346,-0.194558337330818
"727",-0.451274633407593,-0.376759350299835,-0.236699059605598,-0.253045678138733,-0.178513050079346,-0.194558337330818
"728",-0.451274633407593,-0.376759350299835,-0.236699059605598,-0.253045678138733,-0.178513050079346,-0.194558337330818
"729",-0.451274633407593,-0.376759350299835,-0.236699059605598,-0.253045678138733,-0.178513050079346,-0.194558337330818
"730",-0.451274633407593,-0.376759350299835,-0.236699059605598,-0.253045678138733,-0.178513050079346,-0.194558337330818
"731",-0.451274633407593,-0.376759350299835,-0.236699059605598,-0.253045678138733,-0.178513050079346,-0.194558337330818
"732",-0.451274633407593,-0.376759350299835,-0.236699059605598,-0.253045678138733,-0.178513050079346,-0.194558337330818
"733",-0.451274633407593,-0.376759350299835,-0.236699059605598,-0.253045678138733,-0.178513050079346,-0.194558337330818
"734",-0.451274633407593,0.48521563410759,1.10304343700409,-0.253045678138733,-0.178513050079346,-0.194558337330818
"735",-0.451274633407593,-0.376759350299835,-0.236699059605598,-0.253045678138733,-0.178513050079346,-0.194558337330818
"736",-0.451274633407593,-0.376759350299835,-0.236699059605598,-0.253045678138733,-0.178513050079346,-0.194558337330818
"737",-0.451274633407593,-0.376759350299835,-0.236699059605598,-0.253045678138733,-0.178513050079346,-0.194558337330818
"738",-0.451274633407593,-0.376759350299835,-0.236699059605598,-0.253045678138733,-0.178513050079346,-0.194558337330818
"739",-0.451274633407593,-0.376759350299835,-0.236699059605598,-0.253045678138733,-0.178513050079346,-0.194558337330818
"740",-0.451274633407593,-0.376759350299835,-0.236699059605598,-0.253045678138733,-0.178513050079346,-0.194558337330818
"741",-0.451274633407593,-0.376759350299835,-0.236699059605598,-0.253045678138733,-0.178513050079346,-0.194558337330818
"742",-0.451274633407593,-0.376759350299835,-0.236699059605598,-0.253045678138733,-0.178513050079346,-0.194558337330818
"743",-0.451274633407593,-0.376759350299835,-0.236699059605598,-0.253045678138733,-0.178513050079346,-0.194558337330818
"744",-0.451274633407593,-0.376759350299835,-0.236699059605598,-0.253045678138733,0.427118629217148,-0.194558337330818
"745",-0.451274633407593,-0.376759350299835,-0.236699059605598,-0.253045678138733,-0.178513050079346,0.207649618387222
"746",-0.451274633407593,-0.376759350299835,-0.236699059605598,-0.253045678138733,-0.178513050079346,-0.194558337330818
"747",-0.451274633407593,-0.376759350299835,-0.236699059605598,-0.253045678138733,-0.178513050079346,-0.194558337330818
"748",-0.451274633407593,-0.376759350299835,-0.236699059605598,-0.253045678138733,-0.178513050079346,-0.194558337330818
"749",-0.451274633407593,-0.376759350299835,-0.236699059605598,-0.253045678138733,-0.178513050079346,-0.194558337330818
"750",-0.451274633407593,-0.376759350299835,-0.236699059605598,-0.253045678138733,-0.178513050079346,-0.194558337330818
"751",-0.451274633407593,-0.376759350299835,-0.236699059605598,-0.253045678138733,0.427118629217148,-0.194558337330818
"752",-0.451274633407593,-0.376759350299835,-0.236699059605598,-0.253045678138733,0.427118629217148,-0.194558337330818
"753",-0.451274633407593,-0.376759350299835,-0.236699059605598,-0.253045678138733,-0.178513050079346,-0.194558337330818
"754",-0.451274633407593,-0.376759350299835,-0.236699059605598,-0.253045678138733,-0.178513050079346,-0.194558337330818
"755",-0.451274633407593,-0.376759350299835,-0.236699059605598,-0.253045678138733,-0.178513050079346,-0.194558337330818
"756",-0.451274633407593,-0.376759350299835,-0.236699059605598,-0.253045678138733,-0.178513050079346,-0.194558337330818
"757",-0.451274633407593,-0.376759350299835,-0.236699059605598,-0.253045678138733,-0.178513050079346,-0.194558337330818
"758",-0.451274633407593,-0.376759350299835,-0.236699059605598,-0.253045678138733,-0.178513050079346,-0.194558337330818
"759",-0.451274633407593,-0.376759350299835,-0.236699059605598,-0.253045678138733,-0.178513050079346,-0.194558337330818
"760",-0.451274633407593,-0.376759350299835,-0.236699059605598,-0.253045678138733,-0.178513050079346,-0.194558337330818
"761",-0.451274633407593,-0.376759350299835,-0.236699059605598,-0.253045678138733,-0.178513050079346,-0.194558337330818
"762",-0.451274633407593,-0.376759350299835,-0.236699059605598,-0.253045678138733,-0.178513050079346,-0.194558337330818
"763",-0.451274633407593,-0.376759350299835,-0.236699059605598,-0.253045678138733,-0.178513050079346,-0.194558337330818
"764",-0.451274633407593,-0.376759350299835,-0.236699059605598,-0.253045678138733,-0.178513050079346,-0.194558337330818
"765",-0.451274633407593,-0.376759350299835,-0.236699059605598,-0.253045678138733,-0.178513050079346,-0.194558337330818
"766",-0.451274633407593,-0.376759350299835,-0.236699059605598,-0.253045678138733,-0.178513050079346,-0.194558337330818
"767",-0.451274633407593,-0.376759350299835,-0.236699059605598,-0.253045678138733,-0.178513050079346,-0.194558337330818
"768",-0.451274633407593,-0.376759350299835,-0.236699059605598,-0.253045678138733,-0.178513050079346,-0.194558337330818
"769",-0.451274633407593,-0.376759350299835,-0.236699059605598,-0.253045678138733,-0.178513050079346,-0.194558337330818
"770",-0.451274633407593,-0.376759350299835,-0.236699059605598,-0.253045678138733,-0.178513050079346,-0.194558337330818
"771",-0.451274633407593,-0.376759350299835,-0.236699059605598,-0.253045678138733,-0.178513050079346,-0.194558337330818
"772",-0.451274633407593,-0.376759350299835,-0.236699059605598,-0.253045678138733,-0.178513050079346,-0.194558337330818
"773",-0.451274633407593,-0.376759350299835,-0.236699059605598,-0.253045678138733,-0.178513050079346,-0.194558337330818
"774",-0.451274633407593,-0.376759350299835,-0.236699059605598,-0.253045678138733,-0.178513050079346,-0.194558337330818
"775",-0.451274633407593,-0.376759350299835,-0.236699059605598,-0.253045678138733,0.427118629217148,-0.194558337330818
"776",-0.451274633407593,-0.376759350299835,-0.236699059605598,-0.253045678138733,-0.178513050079346,-0.194558337330818
"777",-0.451274633407593,-0.376759350299835,-0.236699059605598,-0.253045678138733,-0.178513050079346,-0.194558337330818
"778",-0.451274633407593,-0.376759350299835,-0.236699059605598,-0.253045678138733,-0.178513050079346,-0.194558337330818
"779",-0.451274633407593,-0.376759350299835,-0.236699059605598,-0.253045678138733,-0.178513050079346,-0.194558337330818
"780",-0.451274633407593,-0.376759350299835,-0.236699059605598,-0.253045678138733,-0.178513050079346,-0.194558337330818
"781",-0.451274633407593,-0.376759350299835,-0.236699059605598,-0.253045678138733,-0.178513050079346,-0.194558337330818
"782",-0.451274633407593,-0.376759350299835,-0.236699059605598,-0.253045678138733,-0.178513050079346,-0.194558337330818
"783",-0.451274633407593,-0.376759350299835,-0.236699059605598,-0.253045678138733,-0.178513050079346,-0.194558337330818
"784",-0.451274633407593,-0.376759350299835,-0.236699059605598,-0.253045678138733,-0.178513050079346,-0.194558337330818
"785",-0.451274633407593,-0.376759350299835,-0.236699059605598,-0.253045678138733,-0.178513050079346,-0.194558337330818
"786",-0.451274633407593,-0.376759350299835,-0.236699059605598,-0.253045678138733,-0.178513050079346,-0.194558337330818
"787",-0.451274633407593,-0.376759350299835,-0.236699059605598,-0.253045678138733,-0.178513050079346,-0.194558337330818
"788",-0.451274633407593,-0.376759350299835,-0.236699059605598,-0.253045678138733,-0.178513050079346,-0.194558337330818
"789",-0.451274633407593,-0.376759350299835,-0.236699059605598,-0.253045678138733,-0.178513050079346,-0.194558337330818
"790",-0.451274633407593,-0.376759350299835,-0.236699059605598,-0.253045678138733,-0.178513050079346,-0.194558337330818
"791",-0.451274633407593,0.48521563410759,-0.236699059605598,-0.253045678138733,-0.178513050079346,-0.194558337330818
"792",-0.451274633407593,-0.376759350299835,-0.236699059605598,-0.253045678138733,-0.178513050079346,-0.194558337330818
"793",-0.451274633407593,-0.376759350299835,-0.236699059605598,-0.253045678138733,0.427118629217148,-0.194558337330818
"794",-0.451274633407593,-0.376759350299835,-0.236699059605598,-0.253045678138733,-0.178513050079346,-0.194558337330818
"795",-0.451274633407593,-0.376759350299835,-0.236699059605598,-0.253045678138733,-0.178513050079346,0.207649618387222
"796",-0.451274633407593,-0.376759350299835,-0.236699059605598,-0.253045678138733,-0.178513050079346,-0.194558337330818
"797",-0.451274633407593,-0.376759350299835,-0.236699059605598,0.966815590858459,-0.178513050079346,0.207649618387222
"798",-0.451274633407593,-0.376759350299835,-0.236699059605598,-0.253045678138733,-0.178513050079346,-0.194558337330818
"799",-0.451274633407593,-0.376759350299835,-0.236699059605598,-0.253045678138733,-0.178513050079346,-0.194558337330818
"800",-0.451274633407593,-0.376759350299835,-0.236699059605598,-0.253045678138733,-0.178513050079346,-0.194558337330818
"801",-0.451274633407593,-0.376759350299835,-0.236699059605598,-0.253045678138733,-0.178513050079346,0.207649618387222
"802",-0.451274633407593,-0.376759350299835,-0.236699059605598,-0.253045678138733,-0.178513050079346,-0.194558337330818
