"sample_id","group","PC1","PC2"
"GSM1602801","Sepsis",-2.2815818249369,12.9609781979543
"GSM1602802","Sepsis",-23.6448911240056,13.1707017257826
"GSM1602803","Sepsis",-21.5780972420636,8.97578207230945
"GSM1602804","Sepsis",5.04363271769334,34.3639663987348
"GSM1602805","Sepsis",-29.784997484414,15.6865640965824
"GSM1602806","Sepsis",-22.0318490406006,14.9631254741771
"GSM1602807","Normal",22.4246733225224,33.1474156820617
"GSM1602808","Sepsis",9.42630287446487,21.6093984183342
"GSM1602809","Normal",10.6154404249667,53.737799468631
"GSM1602810","Sepsis",-0.29415095320234,29.1586748173416
"GSM1602811","Sepsis",-35.5441079942419,-10.839935299717
"GSM1602812","Sepsis",-12.4517524090776,-5.42754157978248
"GSM1602813","Sepsis",20.7941359213147,-24.8865512854475
"GSM1602814","Sepsis",-3.32616557222484,7.78558812816476
"GSM1602815","Sepsis",-23.5603910562348,6.46295036729893
"GSM1602816","Sepsis",17.9364715476339,-4.19144106451432
"GSM1602817","Sepsis",9.67794755835199,-4.11415926216022
"GSM1602818","Sepsis",18.2401807518934,-32.8671539420295
"GSM1602819","Sepsis",-24.9829224796705,-16.072028789352
"GSM1602820","Sepsis",14.2569832668545,-4.87057785135213
"GSM1602821","Sepsis",-19.4469578795069,-17.6505234243661
"GSM1602822","Sepsis",8.12127520068076,29.171085175824
"GSM1602823","Sepsis",21.0832343866443,-27.3425347611027
"GSM1602824","Sepsis",10.2040730937718,1.63728506177516
"GSM1602825","Sepsis",-8.50809867704766,16.3379531641406
"GSM1602826","Sepsis",-10.5228520574426,-19.6219319750231
"GSM1602827","Sepsis",2.41119842823968,3.23170734223991
"GSM1602828","Sepsis",19.9650172593109,10.7468836859393
"GSM1602829","Sepsis",-40.2877294102031,1.61611382693071
"GSM1602830","Sepsis",-29.7308917101483,7.36399840673109
"GSM1602831","Sepsis",-30.554793453495,-2.65344852658257
"GSM1602832","Sepsis",5.143981137349,16.1367052710701
"GSM1602833","Sepsis",41.8557038328848,-28.8421455955315
"GSM1602834","Sepsis",2.26474084031751,-27.5818603358068
"GSM1602835","Sepsis",5.78732549287909,17.6215867807931
"GSM1602836","Sepsis",-15.6879730027559,30.2155941587215
"GSM1602837","Sepsis",-23.8508354151125,8.4554038374815
"GSM1602838","Sepsis",-0.327199077112468,10.5835295244018
"GSM1602839","Sepsis",-24.7652365308661,-7.57410581986783
"GSM1602840","Sepsis",-26.1652696616318,11.1118715873467
"GSM1602841","Sepsis",-14.4729980179242,10.7035572306399
"GSM1602842","Sepsis",-35.1738951822172,12.096318425782
"GSM1602843","Sepsis",13.0543619956664,0.986166760354006
"GSM1602844","Sepsis",-48.1404113370663,-16.4329132068178
"GSM1602845","Sepsis",2.50455348230714,-28.4598459484354
"GSM1602846","Sepsis",8.85533456896422,24.7146946150959
"GSM1602847","Sepsis",6.33772134554787,1.4000772070217
"GSM1602848","Sepsis",4.79060136958331,-6.15661370854351
"GSM1602849","Sepsis",-7.84630334276202,14.3142533619153
"GSM1602850","Sepsis",-15.9126795977015,-5.951291184301
"GSM1602851","Sepsis",26.8445777149142,-10.7672300848101
"GSM1602852","Sepsis",10.8888842451325,-2.04245903466566
"GSM1602853","Sepsis",-3.35958257247484,-1.53245975530116
"GSM1602854","Sepsis",-6.63197034869628,2.44836036676866
"GSM1602855","Sepsis",-39.111555952303,-1.14917515323951
"GSM1602856","Sepsis",25.6577834149858,-10.0451265504706
"GSM1602857","Sepsis",32.2879535455045,-22.2543714162029
"GSM1602858","Sepsis",-14.6262719742856,-26.3261654493552
"GSM1602859","Sepsis",-13.3995135139918,2.03216118822708
"GSM1602860","Sepsis",8.5385727967429,-11.5290613486916
"GSM1602861","Sepsis",-26.3063848120883,-7.60305431795087
"GSM1602862","Normal",22.7946064238323,48.301388752884
"GSM1602863","Sepsis",-18.1076353163794,2.72148456096157
"GSM1602864","Normal",14.5339661629414,56.2618481441718
"GSM1602865","Sepsis",-26.9234015151141,2.47412220321458
"GSM1602866","Sepsis",-19.6991911050776,17.1432702846651
"GSM1602867","Sepsis",-8.6000305015185,-0.68979237360051
"GSM1602868","Sepsis",-19.8698076377473,-0.0200273536119321
"GSM1602869","Sepsis",-5.54701846043365,-34.742119287658
"GSM1602870","Normal",26.3606491121002,49.1653474718839
"GSM1602871","Normal",23.1652444927243,42.0128227089387
"GSM1602872","Normal",23.4634148320222,38.3344776513066
"GSM1602873","Sepsis",-10.0179278091098,-17.5926532018156
"GSM1602874","Normal",25.092618679828,40.8695513914082
"GSM1602875","Normal",9.67263437729511,52.9571941619302
"GSM1602876","Normal",19.5663118107904,44.5770090530146
"GSM1602877","Sepsis",4.28310939143447,23.4502895196061
"GSM1602878","Sepsis",11.4458127457854,-14.9408733286289
"GSM1602879","Sepsis",25.7268061484704,-30.368516983979
"GSM1602880","Sepsis",26.0309739847009,-4.83826511099889
"GSM1602881","Sepsis",-6.65338896229971,8.28983718524201
"GSM1602882","Sepsis",-7.45178918110371,1.84302123048759
"GSM1602883","Sepsis",-45.1792438182987,-12.4018518223548
"GSM1602884","Normal",18.3345101878615,51.8838864838334
"GSM1602885","Sepsis",-31.0911364635759,-17.7673278530503
"GSM1602886","Sepsis",11.7081998146533,-7.62663475075293
"GSM1602887","Sepsis",27.2786859077994,-9.35918933783502
"GSM1602888","Sepsis",-3.86603373200824,17.8814190725242
"GSM1602889","Sepsis",-24.21364532174,-4.9361800226669
"GSM1602890","Sepsis",-33.7822676505521,-2.88710970607779
"GSM1602891","Normal",25.6310735546532,30.0353607974876
"GSM1602892","Normal",28.1535694718226,32.3987191852417
"GSM1602893","Normal",19.9487458627174,30.5735221077948
"GSM1602894","Normal",25.4585560232654,47.1747465259697
"GSM1602895","Normal",14.0765553781688,45.8093451491992
"GSM1602896","Normal",21.0151436337171,53.8218721117115
"GSM1602897","Normal",26.6173640714758,48.730886165508
"GSM1602898","Normal",27.5367292821585,31.4983349022417
"GSM1602899","Normal",13.7828997022002,42.4946762708571
"GSM1602900","Normal",17.2905820533488,48.0672013604403
"GSM1602901","Normal",24.140951971004,42.2119451242384
"GSM1602902","Sepsis",-36.8990646826682,-13.7466112809804
"GSM1602903","Sepsis",28.8437639787738,-29.6587184030917
"GSM1602904","Sepsis",7.48587589568772,12.7660885297107
"GSM1602905","Sepsis",-2.71513980367966,33.1401114590243
"GSM1602906","Sepsis",-15.6681055079196,17.0271254779588
"GSM1602907","Sepsis",13.9506455949567,5.74296364179961
"GSM1602908","Sepsis",2.46078547740892,-16.9111081114375
"GSM1602909","Normal",36.1811676493491,41.3164840260416
"GSM1602910","Normal",41.7566907240709,27.2916871526853
"GSM1602911","Normal",23.2141866555635,36.2594721743856
"GSM1602912","Sepsis",22.9532700272389,-14.0746114895386
"GSM1602913","Normal",26.8328496487662,47.6183551243712
"GSM1602914","Normal",35.7663296228719,36.0495308114497
"GSM1602915","Normal",35.0258248334665,36.6979123199059
"GSM1602916","Normal",33.3653197444441,33.4925782077365
"GSM1602917","Normal",15.8506171470123,27.6384136177152
"GSM1602918","Sepsis",25.1270095245854,21.268235346717
"GSM1602919","Sepsis",-28.6410526638777,22.8615619790118
"GSM1602920","Normal",12.4803154035785,45.7542158229061
"GSM1602921","Sepsis",3.26036494107402,7.48704574771901
"GSM1602922","Sepsis",-33.1274341479861,2.87753275688429
"GSM1602923","Sepsis",-3.23006549235411,-13.6024418075693
"GSM1602924","Sepsis",-40.0223555743465,0.995414543207946
"GSM1602925","Sepsis",-23.0847837214628,-5.35102267970398
"GSM1602926","Sepsis",32.4140871484863,9.9955419269857
"GSM1602927","Sepsis",-37.8219619891532,-11.519936263134
"GSM1602928","Sepsis",-39.8997354704986,-1.22226419267186
"GSM1602929","Sepsis",-6.59740294410753,-25.2345806188036
"GSM1602930","Sepsis",8.04924785667491,7.88123209816966
"GSM1602931","Sepsis",11.3129763660913,7.37963865797591
"GSM1602932","Sepsis",-47.2537834320775,-6.88639697504413
"GSM1602933","Sepsis",4.43577934536476,-16.4795017585876
"GSM1602934","Sepsis",-18.1178781422495,-14.2323903373817
"GSM1602935","Sepsis",25.9757465207081,-24.5520582404543
"GSM1602936","Sepsis",-15.7808436182274,-3.48422916089604
"GSM1602937","Sepsis",26.9298973244058,-7.09590547360792
"GSM1602938","Sepsis",-10.0032943921001,1.30232523395759
"GSM1602939","Sepsis",22.2042909477369,-5.92213850963433
"GSM1602940","Sepsis",-10.8348632100719,-19.3914863465553
"GSM1602941","Sepsis",3.08211497678379,35.896837186257
"GSM1602942","Sepsis",-27.5463859832987,-6.14427189585598
"GSM1602943","Sepsis",-9.69126010417112,23.4938040405927
"GSM1602944","Sepsis",33.88378495125,-12.4450922705803
"GSM1602945","Sepsis",12.9305887992424,-0.984269458596039
"GSM1602946","Sepsis",-18.2768962011327,-3.24299629050606
"GSM1602947","Sepsis",-18.748361319814,5.65972446878247
"GSM1602948","Normal",10.4840316613682,57.114302755384
"GSM1602949","Sepsis",-24.0465640180407,29.7041552926715
"GSM1602950","Sepsis",3.02098584675131,18.0739638921772
"GSM1602951","Sepsis",-33.6607180558401,8.3452616781897
"GSM1602952","Sepsis",-10.1116019983017,23.3504899096807
"GSM1602953","Sepsis",37.2699009474315,-19.8529216238161
"GSM1602954","Normal",15.6061803081941,44.3773050998997
"GSM1602955","Sepsis",14.8857680044397,-3.26562958696803
"GSM1602956","Normal",23.1637622559611,42.8085324099105
"GSM1602957","Normal",28.1396376993168,35.6521045268162
"GSM1602958","Sepsis",-11.6967492016218,2.03342869178756
"GSM1602959","Sepsis",10.4996815646177,17.1295846126542
"GSM1602960","Normal",13.9341351955733,48.4783943616465
"GSM1602961","Normal",15.2726376140982,44.6156286265835
"GSM1602962","Normal",25.3468209512139,45.3784566381707
"GSM1602963","Normal",16.6152580400102,54.789300702923
"GSM1602964","Normal",12.5220595934331,39.8403113871129
"GSM1602965","Sepsis",-19.7078183711433,45.414253406577
"GSM1602966","Normal",0.93387182667117,45.0650412497193
"GSM1602967","Sepsis",7.02036066090364,20.2340024184781
"GSM1602968","Sepsis",8.27199835843328,15.3985439905845
"GSM1602969","Normal",19.0097955023168,49.1895704543532
"GSM1602970","Sepsis",-11.303182899727,2.40814797492284
"GSM1602971","Sepsis",-7.08324782418358,12.9560391787407
"GSM1602972","Sepsis",27.497734220215,-20.6826730509437
"GSM1602973","Sepsis",60.1336317368139,-4.28519943054594
"GSM1602974","Sepsis",32.9028072070611,-41.4557321382306
"GSM1602975","Sepsis",-17.4662179283449,5.82526643934591
"GSM1602976","Sepsis",-19.2068215461211,-16.3574482273952
"GSM1691861","Sepsis",-20.0747053556229,-23.0607154996341
"GSM1691862","Sepsis",-10.3631008840933,0.236203487323441
"GSM1691863","Sepsis",-7.85500996953242,-17.5793545321136
"GSM1691864","Sepsis",5.31120305918943,-1.44514136308337
"GSM1691865","Sepsis",-15.1170150629323,-16.070621080032
"GSM1691866","Sepsis",10.4300791701547,-17.55617043014
"GSM1691867","Sepsis",11.134123118691,-9.40295438535151
"GSM1691868","Sepsis",25.3285340540814,-2.36327493181254
"GSM1691869","Sepsis",22.7730550664028,-14.1437240356372
"GSM1691870","Sepsis",-1.95716835571699,9.99002766807574
"GSM1691871","Sepsis",-12.4346315382531,-29.8108361257397
"GSM1691873","Sepsis",16.1194377119915,8.13936567149017
"GSM1691874","Sepsis",-15.0861142937723,-3.12073572407576
"GSM1691875","Sepsis",-25.1933521480056,17.9475483528809
"GSM1691876","Sepsis",4.09425794525224,0.0303212494834416
"GSM1691877","Sepsis",-15.3707242426321,-14.763774726085
"GSM1691878","Sepsis",-3.85550242297381,7.42555811318703
"GSM1691879","Sepsis",-2.56890671661002,23.5554691677782
"GSM1691880","Sepsis",2.76384347738595,-9.55477242978706
"GSM1691881","Sepsis",-7.01609085470601,10.3935585835638
"GSM1691882","Sepsis",-47.0601992260304,-6.72968211330244
"GSM1691883","Sepsis",9.27815280555606,12.0099393729897
"GSM1691884","Sepsis",-10.628475591588,13.4152570959819
"GSM1691885","Sepsis",-18.5813956611758,13.3428731107182
"GSM1691886","Sepsis",-23.2875856745568,9.31073711548594
"GSM1691887","Sepsis",4.41891749423322,-14.9795944849455
"GSM1691888","Sepsis",-14.9678884705755,-0.279682800374751
"GSM1691889","Sepsis",9.35674524498193,-16.5125639070733
"GSM1691890","Sepsis",-19.7137051519798,19.791136037456
"GSM1691891","Sepsis",-3.14406407988198,-11.4133598879055
"GSM1691892","Sepsis",-24.584802732602,13.0141416721837
"GSM1691893","Sepsis",59.7784988266879,-35.8690282840547
"GSM1691894","Sepsis",3.23374783392068,-5.04352484960763
"GSM1691895","Sepsis",9.57610799661569,-7.77803031132864
"GSM1691896","Sepsis",12.8289374544664,-18.7392803396716
"GSM1691897","Sepsis",19.0566729546102,-9.34117325385668
"GSM1691898","Sepsis",-8.23099383154946,-13.6803327106806
"GSM1691899","Sepsis",33.1733610094145,5.92028902691862
"GSM1691900","Sepsis",19.8675399685632,-3.78065103845275
"GSM1691901","Sepsis",-23.389671959906,-0.124132641545413
"GSM1691902","Sepsis",18.9219649613109,17.3852385530954
"GSM1691903","Sepsis",35.0118665922521,-16.6761850638559
"GSM1691904","Sepsis",-5.30807874560953,7.02321855996359
"GSM1691905","Sepsis",9.25265005949915,16.1834507649529
"GSM1691906","Sepsis",1.74882496192788,25.0410853947558
"GSM1691907","Sepsis",-4.12497019126019,42.4726147915895
"GSM1691908","Sepsis",2.40208004059613,-10.9066775267613
"GSM1691909","Sepsis",-11.5451727547574,8.72864396972319
"GSM1691910","Sepsis",2.62179991106842,6.48624743616417
"GSM1691911","Sepsis",-2.43937504582272,1.7352134335151
"GSM1691912","Sepsis",4.27947029615694,4.23973505491873
"GSM1691913","Sepsis",17.1136997551126,36.3097764140362
"GSM1691914","Sepsis",7.88371710674899,2.72515495011449
"GSM1691915","Sepsis",8.69715041737638,-20.4448939671674
"GSM1691916","Sepsis",6.87317571562317,10.7670662270753
"GSM1691917","Sepsis",-8.55281631078841,5.3976698241219
"GSM1691918","Sepsis",-29.6036664703859,-6.43856952220913
"GSM1691919","Sepsis",-14.559440228684,11.4654252482445
"GSM1691920","Sepsis",-8.40437889274714,-0.399584843603709
"GSM1691921","Sepsis",-18.2056216629604,22.1781558383129
"GSM1691922","Sepsis",6.49174381682748,-11.7023553655384
"GSM1691923","Sepsis",-1.37846395839171,29.8743634612112
"GSM1691924","Sepsis",9.72655373285897,-2.3147166171714
"GSM1691925","Sepsis",-47.9332871259171,8.47950258453484
"GSM1691926","Sepsis",10.3241497604033,6.15632452482029
"GSM1691927","Sepsis",-18.2364402481711,-21.4150083564715
"GSM1691928","Sepsis",4.41669580527581,7.02272332701709
"GSM1691929","Sepsis",5.66627716657669,-4.53756754698846
"GSM1691930","Sepsis",4.05115113680936,-9.78610528467854
"GSM1691932","Sepsis",-2.63708091146186,-14.7077681790528
"GSM1691933","Sepsis",-42.2698384781271,-15.80496333032
"GSM1691934","Sepsis",-13.9524240918633,4.8697217948441
"GSM1691935","Sepsis",-16.8866405057261,-13.8389888274861
"GSM1691936","Sepsis",-8.37493034613035,6.32863146544212
"GSM1691937","Sepsis",9.06159527376669,-17.6236828518052
"GSM1691938","Sepsis",-5.82168964738628,8.33808816182968
"GSM1691939","Sepsis",6.56724136112519,18.4886092773983
"GSM1691940","Sepsis",-16.0416299581132,-1.84698043069008
"GSM1691941","Sepsis",-28.6075833235037,-23.4601221885271
"GSM1691942","Sepsis",36.4582592701239,-36.0061684936648
"GSM1691943","Sepsis",14.9870394577838,-15.8703505630999
"GSM1691944","Sepsis",23.2009112350225,6.87741012712398
"GSM1691945","Sepsis",22.8899931338152,8.53905444184881
"GSM1691946","Sepsis",0.681197680021856,-9.38873112688188
"GSM1691947","Sepsis",-13.3786368190835,2.69982783925768
"GSM1691948","Sepsis",-14.3915069915609,28.9886850839463
"GSM1691949","Sepsis",-20.8672422996779,1.75418538355392
"GSM1691950","Sepsis",9.57156058682834,0.650148386453489
"GSM1691951","Sepsis",14.1387786267817,13.4456502034444
"GSM1691952","Sepsis",4.60956770863031,4.51304758151567
"GSM1691953","Sepsis",-10.4677129816761,5.14256871798881
"GSM1691954","Sepsis",-15.4081925198657,-10.8287264800912
"GSM1691955","Sepsis",1.51217802159789,7.38701001842981
"GSM1691957","Sepsis",17.5566520570107,-4.80148546355279
"GSM1691958","Sepsis",-0.520747667898979,-2.88272113496343
"GSM1691959","Sepsis",-11.2674185433649,-4.62308201104394
"GSM1691960","Sepsis",10.2258702483531,11.6920324133146
"GSM1691961","Sepsis",-6.58983335780876,-6.48340635670147
"GSM1691962","Sepsis",9.39013855063627,3.80715423760459
"GSM1691963","Sepsis",-26.4590513477879,6.12637785590902
"GSM1691964","Sepsis",-12.4230357225921,7.9205388633225
"GSM1691965","Sepsis",-11.8189875630029,-3.05525043540946
"GSM1691966","Sepsis",28.4724392405585,-30.6508327358712
"GSM1691967","Sepsis",8.95007800106684,12.4777161809032
"GSM1691968","Sepsis",12.3042860131751,-26.2241728480137
"GSM1691969","Sepsis",-5.06418445214491,-16.5281198517527
"GSM1691970","Sepsis",-3.58990633377418,-16.0799243604228
"GSM1691971","Sepsis",20.8270700530319,-3.75115861408909
"GSM1691972","Sepsis",23.8706273396516,10.8052186597163
"GSM1691973","Sepsis",-4.54655334224845,18.3936027808952
"GSM1691974","Sepsis",-3.60520448565517,11.8816059373046
"GSM1691975","Sepsis",19.6338772578329,-21.3323872100253
"GSM1691976","Sepsis",25.2775478165446,7.98616405287107
"GSM1691977","Sepsis",-3.22225551178348,-5.48991022370902
"GSM1691978","Sepsis",39.9654490226127,-18.661730733934
"GSM1691979","Sepsis",7.3197903469053,-14.4016852857782
"GSM1691980","Sepsis",8.15182103529488,-22.2249062241101
"GSM1691981","Sepsis",-4.61607794335303,-18.9541910342432
"GSM1691982","Sepsis",24.8919038189979,-15.1886882884609
"GSM1691983","Sepsis",-33.1201404756359,-9.29186618951799
"GSM1691984","Sepsis",51.102643184168,-31.4301174841066
"GSM1691985","Sepsis",-15.7595329294267,-22.0389282237162
"GSM1691986","Sepsis",-23.0337627232141,-10.7104988589117
"GSM1691987","Sepsis",-43.905952414431,-10.3693513218406
"GSM1691988","Sepsis",39.9007971707197,-12.9422113817739
"GSM1691989","Sepsis",11.0494140297159,4.91884961192172
"GSM1691990","Sepsis",-19.0142586043017,9.06076669296842
"GSM1691991","Sepsis",-7.60140643238696,1.91571075530154
"GSM1691992","Sepsis",-32.3230956456727,-10.4926253807234
"GSM1691993","Sepsis",36.0111327654898,10.8228171666541
"GSM1691994","Sepsis",-12.6297541318248,-15.7942858898866
"GSM1691995","Sepsis",4.58530896335177,7.55692373387
"GSM1691996","Sepsis",-6.35262957414018,-9.02525967299197
"GSM1691997","Sepsis",-27.7033477630875,7.57424289898237
"GSM1691998","Sepsis",13.9552578461299,6.80110474573908
"GSM1691999","Sepsis",-8.67694351930866,17.6256345750331
"GSM1692000","Sepsis",32.0928120983966,-1.31719087873073
"GSM1692001","Sepsis",-31.7746739462004,-4.55668128148596
"GSM1692002","Sepsis",5.3842367037294,2.78933649484585
"GSM1692003","Sepsis",-16.3271341213813,-18.3618588052061
"GSM1692004","Sepsis",-19.9165044868448,14.6407394616806
"GSM1692005","Sepsis",25.0221542883595,5.51219054055905
"GSM1692006","Sepsis",-12.0101131672274,-30.4372605364715
"GSM1692007","Sepsis",-20.4111695023193,7.94964903696904
"GSM1692008","Sepsis",1.34188463365707,-3.40009513653954
"GSM1692009","Sepsis",-20.3829452520434,4.57238134021754
"GSM1692010","Sepsis",5.50274764530393,16.1293257764854
"GSM1692011","Sepsis",-7.18424086749472,-18.2914847107239
"GSM1692012","Sepsis",-4.74612112939839,-13.3773183562302
"GSM1692015","Sepsis",-21.1745769264545,8.93801569311975
"GSM1692016","Sepsis",-13.0439054253399,-11.2496019723573
"GSM1692017","Sepsis",-34.9184275253497,-3.86025178958298
"GSM1692018","Sepsis",-7.59813114956223,-2.7266485320782
"GSM1692019","Sepsis",13.106352456454,-27.0637787716182
"GSM1692020","Sepsis",-8.84466100259316,38.3044676450098
"GSM1692021","Sepsis",42.57833307944,9.03096163509965
"GSM1692022","Sepsis",-7.28848215518526,-18.7734180038878
"GSM1692023","Sepsis",-15.2465217402165,-1.72946003702312
"GSM1692024","Sepsis",-5.62987223724454,-26.0912834819768
"GSM1692025","Sepsis",5.14842365219079,12.255834570114
"GSM1692026","Sepsis",-8.15470100093766,1.56883407354625
"GSM1692027","Sepsis",-2.63382708480733,23.9136616155262
"GSM1692028","Sepsis",27.5297833097245,-27.9435705434397
"GSM1692029","Sepsis",-4.29665714663166,-14.2382031471385
"GSM1692030","Sepsis",14.280561288656,-13.7335803686632
"GSM1692032","Sepsis",13.8678317030735,-9.36113238018552
"GSM1692033","Sepsis",20.802574752475,1.08975019251086
"GSM1692034","Sepsis",-23.7099182840911,5.59964509539172
"GSM1692035","Sepsis",16.8176489954435,-2.71534355600141
"GSM1692036","Sepsis",15.9925638203629,-8.47136199612198
"GSM1692037","Sepsis",19.2982262825499,-23.8104196670658
"GSM1692038","Sepsis",4.63330011840093,-36.463474833907
"GSM1692039","Sepsis",14.4361603148302,-2.4433869239545
"GSM1692040","Sepsis",-15.19445552415,4.32820860466512
"GSM1692041","Sepsis",-9.35416886944449,30.8473044411369
"GSM1692042","Sepsis",9.60483945071018,3.72633233823542
"GSM1692043","Sepsis",3.58116275252483,-31.3266946649259
"GSM1692044","Sepsis",-1.3692049391798,9.95620677169668
"GSM1692045","Sepsis",-31.8358134794135,-7.7046103425308
"GSM1692046","Sepsis",-22.3349908848719,16.8560756965559
"GSM1692047","Sepsis",-12.9233340821181,-10.8243394494227
"GSM1692048","Sepsis",1.80001826594341,-1.53591080629454
"GSM1692049","Sepsis",40.0433882675236,-13.4542733604223
"GSM1692050","Sepsis",-23.7262702707371,-22.2460422310119
"GSM1692051","Sepsis",-0.0889230669329165,-5.40178423004563
"GSM1692052","Sepsis",-33.4440231492029,7.51976206961583
"GSM1692053","Sepsis",29.9902890172127,-19.4791016627125
"GSM1692054","Sepsis",-1.20097377462787,2.67798560784128
"GSM1692055","Sepsis",-7.16914755001809,-18.3316601669065
"GSM1692056","Sepsis",13.3034971313646,-20.3572275035421
"GSM1692057","Sepsis",-7.60545137605237,-13.7542648496172
"GSM1692058","Sepsis",1.4447209780613,-15.5465950933462
"GSM1692059","Sepsis",-13.1040311517493,-8.99772751005689
"GSM1692060","Sepsis",-12.0466693208928,-22.361780080252
"GSM1692061","Sepsis",14.2418048002456,-18.3040098704676
"GSM1692062","Sepsis",3.19486686462563,1.34747888011554
"GSM1692063","Sepsis",-15.1072543939706,10.2133631185755
"GSM1692064","Sepsis",12.4457827398767,9.21847331661716
"GSM1692065","Sepsis",1.29047158332632,-24.9623870124724
"GSM1692066","Sepsis",2.3946687942353,14.6115992262484
"GSM1692067","Sepsis",-12.7212104494388,16.4386825119875
"GSM1692068","Sepsis",11.2031720444822,16.8037905170614
"GSM1692069","Sepsis",-11.6394544418337,8.59060757117358
"GSM1692070","Sepsis",-6.32158806287045,-34.3827404096476
"GSM1692071","Sepsis",-21.0468716453263,-13.1670322426837
"GSM1692072","Sepsis",10.6948984868703,-11.5415130890526
"GSM1692073","Sepsis",-5.07953754515774,-20.0118731492856
"GSM1692074","Sepsis",1.30708769767393,-1.46652515695895
"GSM1692075","Sepsis",9.90137245459517,0.607788256251544
"GSM1692077","Sepsis",-4.68710677250208,24.3008789000898
"GSM1692078","Sepsis",27.8025930715151,-11.5270285349268
"GSM1692079","Sepsis",-25.9291476570169,-12.3985487497276
"GSM1692080","Sepsis",-5.19006266877423,15.4461986558372
"GSM1692081","Sepsis",29.2999985689209,-11.0584313246236
"GSM1692082","Sepsis",-13.2932921343274,7.55585686449517
"GSM1692083","Sepsis",31.5438881991331,-20.8040477538156
"GSM1692084","Sepsis",-17.61793119755,-24.2441090469262
"GSM1692085","Sepsis",29.2857516178359,-4.36883988883382
"GSM1692086","Sepsis",-30.2003237134093,-22.838325333091
"GSM1692087","Sepsis",1.56235005477282,-6.96421766893709
"GSM1692088","Sepsis",20.1829685035734,-29.2767746196614
"GSM1692089","Sepsis",25.0997248599005,18.1177441274001
"GSM1692090","Sepsis",-18.3406039752467,-15.0629499056007
"GSM1692091","Sepsis",3.92738650519235,-16.8020386702641
"GSM1692092","Sepsis",23.1319992370093,-17.7576275946749
"GSM1692093","Sepsis",-3.1156533626034,12.9127765293783
"GSM1692094","Sepsis",16.0928002315927,1.31897076429645
"GSM1692095","Sepsis",17.0798330290508,3.96411217439834
"GSM1692096","Sepsis",-17.9254084674402,12.0029762692022
"GSM1692097","Sepsis",-10.4314715982003,-10.4197520313963
"GSM1692098","Sepsis",2.98346326572247,0.349880939722191
"GSM1692099","Sepsis",-7.70573659922399,-20.3173857678732
"GSM1692100","Sepsis",0.223474143115447,-27.688267880601
"GSM1692101","Sepsis",-10.2123004807203,28.5509567530346
"GSM1692102","Sepsis",15.8420349850298,12.9242263387665
"GSM1692103","Sepsis",-18.8121228527715,-17.7830042858709
"GSM1692104","Sepsis",23.7221199273662,25.2166681989322
"GSM1692105","Sepsis",32.0682818897079,0.329585040058564
"GSM1692106","Sepsis",1.94346688272826,7.28912693952026
"GSM1692107","Sepsis",-18.5395119661886,4.28134293653927
"GSM1692108","Sepsis",-3.25309677139338,4.49693061573814
"GSM1692109","Sepsis",36.0682210116458,5.65590218054454
"GSM1692110","Sepsis",-1.55901947201943,-8.04126659206904
"GSM1692111","Sepsis",17.5582775516218,-32.822039265192
"GSM1692112","Sepsis",-26.5952078686762,-5.79425609154056
"GSM1692114","Sepsis",-17.3106648844703,-5.13553011305887
"GSM1692115","Sepsis",5.32658193305253,-32.10247506097
"GSM1692116","Sepsis",4.73940857908791,21.3750880173906
"GSM1692117","Sepsis",-28.631912113782,-22.0570658451399
"GSM1692118","Sepsis",-12.2757221942488,2.35462875495631
"GSM1692119","Sepsis",-11.1310279383664,-27.5278152938424
"GSM1692120","Sepsis",-0.224086638334208,17.2621877422387
"GSM1692121","Sepsis",-12.0351166057588,12.2678348166907
"GSM1692122","Sepsis",4.99656327177389,-21.9374986983425
"GSM1692123","Sepsis",-1.15133688891924,-33.4167623001857
"GSM1692124","Sepsis",-3.86794337369523,-7.18189184340679
"GSM1692125","Sepsis",5.83521021578947,4.91588043128609
"GSM1692126","Sepsis",-28.7172741447366,-6.2582103834759
"GSM1692127","Sepsis",-9.24574799630681,17.3986638184141
"GSM1692128","Sepsis",19.0925946698157,10.1742871270657
"GSM1692129","Sepsis",-39.7440998265403,-15.3032136762473
"GSM1692130","Sepsis",-15.0930481276274,17.3676290349856
"GSM1692131","Sepsis",17.0202309078297,0.627042924079391
"GSM1692132","Sepsis",-10.2539711553075,-21.0197307301721
"GSM1692133","Sepsis",7.49246358375147,4.33743735914045
"GSM1692135","Sepsis",-11.4584397180636,-6.02379630940372
"GSM1692136","Sepsis",32.1999926612763,-20.7373447364502
"GSM1692137","Sepsis",-41.817489704394,1.01101624496064
"GSM1692138","Sepsis",-18.0578657988639,-16.4816750245267
"GSM1692139","Sepsis",15.3446636923065,-31.8113492719654
"GSM1692140","Sepsis",-10.4901803334014,-29.0963711027959
"GSM1692141","Sepsis",-15.4215858775737,-2.62080053451523
"GSM1692142","Sepsis",21.8778051391922,-7.40889468011866
"GSM1692143","Sepsis",-21.0025296685595,0.752559550507771
"GSM1692144","Sepsis",-17.0786945872064,15.0446879110683
"GSM1692145","Sepsis",-10.9038828638957,-12.7297581949524
"GSM1692146","Sepsis",-38.792833294789,-15.3299185763573
"GSM1692147","Sepsis",3.18089679437707,-22.8523734749876
"GSM1692148","Sepsis",-13.7912341284145,0.576422142153851
"GSM1692149","Sepsis",2.52575049852835,13.1815684995997
"GSM1692150","Sepsis",-1.65890821067346,19.8075770923553
"GSM1692151","Sepsis",13.6868955186234,-4.21771719186598
"GSM1692152","Sepsis",11.5316630537389,4.04364840136861
"GSM1692153","Sepsis",0.637691028578353,-14.1036621712792
"GSM1692154","Sepsis",-10.605862780579,-1.19655542399262
"GSM1692155","Sepsis",-5.43945174080667,-10.3560877017519
"GSM1692156","Sepsis",-32.5688706286319,0.496000878077
"GSM1692157","Sepsis",3.13833502086952,-19.8021034198106
"GSM1692158","Sepsis",-8.93914115638008,6.5949525433641
"GSM1692159","Sepsis",21.577927124111,-2.23327280365008
"GSM1692160","Sepsis",39.1793287379522,-38.929642214354
"GSM1692161","Sepsis",18.4419749880392,9.62903756439029
"GSM1692162","Sepsis",8.07620531787916,-5.63991887805962
"GSM1692163","Sepsis",24.5995565410162,-1.46081538471049
"GSM1692164","Sepsis",21.4695770698882,-7.48841029916905
"GSM1692165","Sepsis",15.131037463244,-7.14639585407444
"GSM1692166","Sepsis",-0.647404448546083,-31.6195642385371
"GSM1692167","Sepsis",-17.3524595019688,22.8401215131093
"GSM1692168","Sepsis",32.0838072158002,0.207308179832562
"GSM1692169","Sepsis",1.66899643109959,1.64774706202045
"GSM1692170","Sepsis",-11.9932971561255,-18.1081820037434
"GSM1692171","Sepsis",37.1104973566687,-19.1357159738124
"GSM1692172","Sepsis",-1.00199716805215,12.5772613499162
"GSM1692173","Sepsis",-20.0411437857226,9.37998264156036
"GSM1692174","Sepsis",-7.70930876002638,-26.1161506768216
"GSM1692175","Sepsis",13.4656301475572,2.8784578004145
"GSM1692176","Sepsis",25.3506249542064,26.375431404537
"GSM1692177","Sepsis",22.0824295772402,-29.6589919496598
"GSM1692178","Sepsis",-42.3083681839107,2.19679484387536
"GSM1692179","Sepsis",-7.61375069790135,-4.94550573844072
"GSM1692180","Sepsis",12.6452500465002,-7.00248220115359
"GSM1692181","Sepsis",8.13523291486014,-17.782066528888
"GSM1692182","Sepsis",-3.12440099111319,13.9844380111904
"GSM1692183","Sepsis",9.20311901525284,21.374149262258
"GSM1692184","Sepsis",-2.43779693218841,-28.2302005082979
"GSM1692185","Sepsis",-16.9400452716299,6.65772676361318
"GSM1692186","Sepsis",-45.7221447257176,-0.947312235895176
"GSM1692187","Sepsis",-26.915447387676,11.030854210045
"GSM1692188","Sepsis",40.89459548829,-10.2128317568192
"GSM1692189","Sepsis",9.66470600386167,-2.68382078441675
"GSM1692190","Sepsis",14.2251347777992,-13.0551487043008
"GSM1692191","Sepsis",-18.8527992721059,-5.30770150630625
"GSM1692192","Sepsis",-30.2939452436116,-9.01056925201483
"GSM1692193","Sepsis",14.2126793725173,5.2672560106652
"GSM1692194","Sepsis",-3.75006358887777,-12.1534670538064
"GSM1692195","Sepsis",-8.3255218564807,3.2866698353005
"GSM1692196","Sepsis",-8.22192965600431,-20.1938777109575
"GSM1692197","Sepsis",14.2522020048009,28.4985328662725
"GSM1692198","Sepsis",13.9466674032958,-29.5425333888558
"GSM1692199","Sepsis",-7.61153151630418,3.31812272883553
"GSM1692200","Sepsis",6.14754156021099,-9.62081553037079
"GSM1692201","Sepsis",21.7688676379853,-24.8969377199803
"GSM1692202","Sepsis",9.91968339393155,6.06590630383103
"GSM1692203","Sepsis",-17.1862635718897,-0.816661009737543
"GSM1692204","Sepsis",-13.7908470900794,10.3078804112213
"GSM1692205","Sepsis",46.0091257625174,-18.8485359666785
"GSM1692206","Sepsis",12.9094494821364,-7.36924527267692
"GSM1692207","Sepsis",3.41867059955533,-27.6495351708383
"GSM1692208","Sepsis",10.9720366360624,-25.4309533022042
"GSM1692209","Sepsis",9.20509108441544,8.11657002516175
"GSM1692210","Sepsis",16.2473577317661,32.0085457562452
"GSM1692211","Sepsis",-1.98674316782781,10.0354640355571
"GSM1692212","Sepsis",-39.5109961901038,-5.58423953216095
"GSM1692213","Sepsis",-3.95887840631404,-19.9465024442982
"GSM1692214","Sepsis",-3.36922484244425,-3.97599785658047
"GSM1692215","Sepsis",5.93116113341277,10.8292922753239
"GSM1692216","Sepsis",0.703634258617551,19.8720017806474
"GSM1692217","Sepsis",-46.8958988303343,5.25711177406506
"GSM1692218","Sepsis",-17.7102851413899,-0.313294181602925
"GSM1692219","Sepsis",-7.87820714837257,3.49065980416975
"GSM1692220","Sepsis",8.19954272229202,5.14922406171886
"GSM1692221","Sepsis",3.64640234734144,1.33244066327274
"GSM1692222","Sepsis",7.98459567676106,-8.16124386872903
"GSM1692223","Sepsis",-26.4708712962362,-0.0844660134319035
"GSM1692224","Sepsis",-22.6020528928174,8.42311681541607
"GSM1692225","Sepsis",16.3999113128714,-8.49702472729362
"GSM1692226","Sepsis",-28.7026513239574,-12.1230431238942
"GSM1692227","Sepsis",-8.73068723105895,12.2719433725903
"GSM1692228","Sepsis",-1.74013189305392,-2.0567274275505
"GSM1692229","Sepsis",-11.8549111286896,-0.600132163718268
"GSM1692230","Sepsis",25.2159820338473,-7.4314320556521
"GSM1692231","Sepsis",-17.9014967648383,17.2125211845777
"GSM1692232","Sepsis",-11.8914301913336,-12.3057603788064
"GSM1692233","Sepsis",7.52392467839441,1.09901031198539
"GSM1692234","Sepsis",40.086184272914,-31.6951101872953
"GSM1692235","Sepsis",49.493907664787,-44.7314483713544
"GSM1692237","Sepsis",-2.72230505256424,8.05367134872291
"GSM1692238","Sepsis",1.41528225893146,-37.380034661224
"GSM1692239","Sepsis",15.6028055559656,-11.0385318273722
"GSM1692240","Sepsis",-11.5906586905362,3.40664837511411
"GSM1692241","Sepsis",-10.9017555380656,-6.20676486910915
"GSM1692242","Sepsis",28.3557147912018,-13.7003872292537
"GSM1692243","Sepsis",-3.79460243512891,-26.6496015905633
"GSM1692244","Sepsis",23.7049953394679,-4.53825246659704
"GSM1692245","Sepsis",9.4820628763241,-0.62406725865298
"GSM1692246","Sepsis",-5.23385600774308,52.1713458558171
"GSM1692247","Sepsis",25.3669386699772,9.83319643229203
"GSM1692248","Sepsis",-10.2492131535956,-6.84135191286648
"GSM1692249","Sepsis",-17.40596927038,-1.42264749121331
"GSM1692250","Sepsis",48.941925452801,31.7244477168633
"GSM1692251","Sepsis",24.7195253141168,-19.3216950710934
"GSM1692252","Sepsis",4.00057179959559,-2.7590580652128
"GSM1692253","Sepsis",11.2910675693529,-5.52342316290639
"GSM1692254","Sepsis",6.46832969592107,-14.1272490078505
"GSM1692255","Sepsis",-10.3548201892866,-3.38255856349125
"GSM1692256","Sepsis",-3.17741343775652,4.45899433906641
"GSM1692257","Sepsis",-29.8888906123058,-2.30010981522649
"GSM1692258","Sepsis",5.38944032286262,14.2109809211788
"GSM1692259","Sepsis",-23.0878687499217,10.3988646011057
"GSM1692260","Sepsis",-17.7813075613076,4.9033882711797
"GSM1692261","Sepsis",-21.7953522763491,-6.89818444014649
"GSM1692262","Sepsis",10.087168000235,1.98126065150838
"GSM1692263","Sepsis",-4.14472303325461,5.44509011529023
"GSM1692264","Sepsis",-24.9103761066497,18.9977698395109
"GSM1692265","Sepsis",-23.6308318830612,15.5557622263453
"GSM1692266","Sepsis",0.326029138303079,1.98411699946654
"GSM1692267","Sepsis",-24.9732077957497,10.9160149937235
"GSM1692268","Sepsis",2.46048441064906,2.48451502705445
"GSM1692269","Sepsis",-16.2403457865622,15.7558342311191
"GSM1692270","Sepsis",0.285180416551061,9.96286175453795
"GSM1692271","Sepsis",35.0322038979145,-23.0155996340669
"GSM1692272","Sepsis",-0.770514397618701,29.533510252367
"GSM1692273","Sepsis",1.94505757988465,-12.0290061472949
"GSM1692274","Sepsis",6.68407193704065,-1.13123848113334
"GSM1692275","Sepsis",-3.39231187228096,18.5920408858294
"GSM1692276","Sepsis",-6.41860040648876,-13.0195739989132
"GSM1692277","Sepsis",8.61181109580522,5.92376647060619
"GSM1692278","Sepsis",-7.23494427139297,-16.8639981850477
"GSM1692279","Sepsis",14.1005090115981,-14.3053163856726
"GSM1692280","Sepsis",2.6854758313561,6.25015808634704
"GSM1692281","Sepsis",34.9923917618491,13.901427833405
"GSM1692282","Sepsis",21.4895854533815,21.3603296104033
"GSM1692283","Sepsis",7.81240804343172,-6.12195411962181
"GSM1692284","Sepsis",-31.6173882574023,-9.92458831232578
"GSM1692286","Sepsis",19.7506926707978,6.95409024544546
"GSM1692287","Sepsis",-11.4382159052962,9.26015646448075
"GSM1692288","Sepsis",-37.6855816452214,-11.1924895859065
"GSM1692289","Sepsis",-3.08947432569898,-23.3285766100173
"GSM1692290","Sepsis",13.3318330234968,-8.3670524239199
"GSM1692291","Sepsis",14.8064363123738,-1.84653599965473
"GSM1692292","Sepsis",19.7794213838777,-3.83584695770906
"GSM1692293","Sepsis",15.9319801444865,5.18063172943738
"GSM1692294","Sepsis",7.59311893063773,-8.49193721007517
"GSM1692295","Sepsis",11.307381661508,-18.8756403856193
"GSM1692296","Sepsis",-39.088123918761,27.2949116656419
"GSM1692297","Sepsis",-0.754272136459784,10.745511503607
"GSM1692298","Sepsis",-8.02133433442589,6.69373951086456
"GSM1692299","Sepsis",-7.65090027152878,-35.3970687533253
"GSM1692300","Sepsis",14.3004384032675,10.7818597278796
"GSM1692301","Sepsis",23.9776078212001,-24.5043928518674
"GSM1692302","Sepsis",-33.3777289831232,-7.01415651446404
"GSM1692303","Sepsis",-18.4987710932509,3.85369518469801
"GSM1692304","Sepsis",-10.7679737477418,-9.91454217893772
"GSM1692305","Sepsis",-15.575364393048,-27.004950788204
"GSM1692306","Sepsis",5.55557200788409,-26.5385013926016
"GSM1692307","Sepsis",-11.9317687104009,-9.72355478041792
"GSM1692308","Sepsis",-53.3530191514723,-0.437070449593852
"GSM1692309","Sepsis",-27.6701797696363,26.941278270542
"GSM1692310","Sepsis",24.6293478573384,-17.0714315307674
"GSM1692311","Sepsis",4.51981849836094,-0.79000403503132
"GSM1692312","Sepsis",34.6719263677128,-45.0730619351011
"GSM1692313","Sepsis",29.6239538700202,-19.2544884607914
"GSM1692314","Sepsis",-4.61199108771109,-4.23300402299326
"GSM1692315","Sepsis",27.637057997573,18.8140855606125
"GSM1692316","Sepsis",-27.0855080150811,6.72949157921085
"GSM1692317","Sepsis",12.8198438747361,-3.47054777310946
"GSM1692318","Sepsis",-17.5755365108597,-0.41149392976861
"GSM1692319","Sepsis",-13.6212971274206,-14.9124375080648
"GSM1692320","Sepsis",-4.91781686871988,24.7146708411487
"GSM1692321","Sepsis",7.89742571037382,-10.475690559925
"GSM1692322","Sepsis",4.74157208408848,-20.0344495097543
"GSM1692323","Sepsis",-16.2222456860354,14.2353655983062
"GSM1692324","Sepsis",-5.06512626833218,8.85641381520178
"GSM1692326","Sepsis",-7.73804774412317,16.6627085741671
"GSM1692327","Sepsis",-33.9992144168287,-7.62722577304064
"GSM1692328","Sepsis",-9.8391305149058,11.4006197930053
"GSM1692329","Sepsis",-9.28639445182645,-37.4883050862041
"GSM1692330","Sepsis",7.06324139969005,-7.22052790117969
"GSM1692331","Sepsis",-12.5320539474336,3.03144909592043
"GSM1692332","Sepsis",-25.3750795856814,-15.4769148060679
"GSM1692333","Sepsis",-19.3248548462057,15.3477489794921
"GSM1692334","Sepsis",-4.36571922025975,20.7284418286889
"GSM1692335","Sepsis",13.9695775352287,-16.936315595392
"GSM1692336","Sepsis",16.2095543705494,6.42263597804157
"GSM1692337","Sepsis",-22.5660853049646,-17.3393138806638
"GSM1692338","Sepsis",9.74382547188784,52.7514588448738
"GSM1692339","Sepsis",-7.12999751610149,-1.10955121055921
"GSM1692340","Sepsis",-11.658053177161,11.7279825573157
"GSM1692341","Sepsis",-7.41996712597945,-0.663833265661032
"GSM1692342","Sepsis",-11.7762304881144,7.30883962835932
"GSM1692343","Sepsis",-25.7793600144608,-4.93895897617793
"GSM1692344","Sepsis",14.7279273666924,3.78137726523386
"GSM1692345","Sepsis",3.64296409737902,18.0462057734368
"GSM1692346","Sepsis",15.8820346336394,8.02969553269953
"GSM1692347","Sepsis",-4.63183451447491,-20.3473805712287
"GSM1692348","Sepsis",22.064288413622,-14.853795014868
"GSM1692349","Sepsis",-8.26382131922921,1.8381511048512
"GSM1692350","Sepsis",16.9725037634282,-34.6787400429455
"GSM1692352","Sepsis",18.135242863184,9.68263131939922
"GSM1692353","Sepsis",45.4314305589773,-29.7251883883975
"GSM1692354","Sepsis",8.11959119847931,32.0592462872837
"GSM1692355","Sepsis",21.5497357821703,-5.61150870393614
"GSM1692356","Sepsis",-19.2442162688904,-7.94374649015744
"GSM1692357","Sepsis",-20.1357696406938,-5.83875932036996
"GSM1692358","Sepsis",31.4298146194487,-15.5904072688977
"GSM1692359","Sepsis",3.14185156433581,-8.92269160222384
"GSM1692360","Sepsis",-19.1309516579635,5.14543530036428
"GSM1692361","Sepsis",-33.847513334402,-10.4820752966115
"GSM1692362","Sepsis",-21.4167742135288,-6.24905139957661
"GSM1692363","Sepsis",26.4436932866021,-18.4735373725924
"GSM1692364","Sepsis",-21.4982013815903,-0.394923008200995
"GSM1692365","Sepsis",10.0356912421677,-20.2457763976796
"GSM1692366","Sepsis",4.70749023625804,0.250486437585252
"GSM1692367","Sepsis",7.5450300914311,1.08578753591796
"GSM1692368","Sepsis",-0.415735177807682,-8.9942362536798
"GSM1692369","Sepsis",13.2505187015276,-6.39347959671163
"GSM1692370","Sepsis",-18.8116371028477,-1.25539563949142
"GSM1692371","Sepsis",-20.2535223756874,8.87087702840852
"GSM1692372","Sepsis",-25.1388748489985,-6.48214644276251
"GSM1692373","Sepsis",0.557954727025958,2.81017424932053
"GSM1692374","Sepsis",-9.11854241313426,-21.7166211355678
"GSM1692375","Sepsis",-21.5326463668688,-21.0710205281948
"GSM1692376","Sepsis",-1.70765582415908,9.97392549994886
"GSM1692377","Sepsis",0.914430752222538,14.0205460552439
"GSM1692378","Sepsis",-2.76585749602766,-3.78485916473396
"GSM1692379","Sepsis",-41.2218144664512,-11.4729865726644
"GSM1692380","Sepsis",-11.3907712549027,13.6884700053504
"GSM1692381","Sepsis",-17.4610954426894,-7.07813153915281
"GSM1692382","Sepsis",10.6491067098869,-9.55068642770343
"GSM1692383","Sepsis",0.348876284479844,-19.9596555687601
"GSM1692384","Sepsis",7.75215833907857,-10.9291112931724
"GSM1692385","Sepsis",5.94014350424932,-19.6903116272479
"GSM1692386","Sepsis",-20.8772962355176,-3.18833917529891
"GSM1692387","Sepsis",-27.1349834304897,-11.1950985272271
"GSM1692388","Sepsis",-5.82225366287817,-9.41398535624628
"GSM1692389","Sepsis",-13.7478404508551,35.782016453885
"GSM1692390","Sepsis",9.86371767479528,22.4862475708639
"GSM1692391","Sepsis",-24.5667964538872,-13.4017228336249
"GSM1692392","Sepsis",-2.8694606423758,3.51205498834048
"GSM1692393","Sepsis",38.0865877388179,-7.89344927151432
"GSM1692394","Sepsis",29.1846447038992,-8.37088235742477
"GSM1692395","Sepsis",13.8117040335999,-3.67542212813819
"GSM1692396","Sepsis",-16.441386676924,17.8817827922682
"GSM1692397","Sepsis",-14.0780266916464,-2.8561763235074
"GSM1692398","Sepsis",-21.0125777774961,-16.0189062875379
"GSM1692399","Sepsis",9.78658755394626,-18.2785974705018
"GSM1692400","Sepsis",-8.70905345636897,14.9033388699669
"GSM1692402","Sepsis",-9.3957133293996,10.2390459233891
"GSM1692404","Sepsis",-19.7923257714577,3.97676440546571
"GSM1692405","Sepsis",21.2600672551753,-8.68317453375397
"GSM1692406","Sepsis",18.7135184363433,3.63325940247957
"GSM1692407","Sepsis",-5.95478361716756,20.2116635488251
"GSM1692408","Sepsis",-9.44469336069083,-13.2212979475856
"GSM1692409","Sepsis",-3.22368272128402,-35.1801628122934
"GSM1692410","Sepsis",45.8470422315948,-24.3748092325336
"GSM1692411","Sepsis",18.071838227886,15.2292861958881
"GSM1692412","Sepsis",12.0723316850379,-30.2662814047023
"GSM1692413","Sepsis",-13.2927336607691,6.02445187756682
"GSM1692414","Sepsis",9.7393815174716,-1.40969350060949
"GSM1692415","Sepsis",-30.4961907693864,14.0537419173035
"GSM1692416","Sepsis",-24.894649779084,-11.0358931920162
"GSM1692417","Sepsis",27.570233639592,10.7738451064471
"GSM1692418","Sepsis",-5.034275065925,16.6137273560758
"GSM1692419","Sepsis",8.53665334591681,26.6761697667385
"GSM1692420","Sepsis",24.3958847389494,-7.80766801707453
"GSM1692421","Sepsis",-26.3006454761721,9.58755140793753
"GSM1692422","Sepsis",-3.30477088051068,7.44386464143409
"GSM1692423","Sepsis",18.2572175147132,14.1736191683948
"GSM1692424","Sepsis",-31.1339139926717,-4.0609276147223
"GSM1692425","Sepsis",-8.17458725349109,-16.9038122127935
"GSM1692426","Sepsis",6.65396387260879,-15.4468145229209
"GSM1692427","Sepsis",24.9314146480421,-18.7414415153743
"GSM1692428","Sepsis",-16.6114639100179,-7.01354794939706
"GSM1692429","Sepsis",4.9535878847588,-11.5633459468391
"GSM1692430","Sepsis",-2.92472445295949,7.85864028085411
"GSM1692431","Sepsis",-15.3978303296437,-5.27325940701803
"GSM1692432","Sepsis",-6.36824917081604,15.7345874369275
"GSM1692433","Sepsis",30.5288864226264,8.33926969802862
"GSM1692434","Sepsis",-16.0633848003582,-7.93827912107083
"GSM1692435","Sepsis",-3.34324403212348,4.20152663377296
"GSM1692436","Sepsis",10.7737232485535,1.62251667672427
"GSM1692437","Sepsis",18.0236017344638,1.80609175140346
"GSM1692438","Sepsis",-15.9565336275346,-8.22689371605176
"GSM1692439","Sepsis",-4.80966279382965,9.54562921431376
"GSM1692440","Sepsis",1.14442432420594,-9.21279875670821
"GSM1692441","Sepsis",6.82623658009537,-4.36002330598356
"GSM1692442","Sepsis",-14.647618162271,20.0402295450867
"GSM1692443","Sepsis",-7.73152018195202,-17.0245164131916
"GSM1692444","Sepsis",19.4682542214925,8.5487432757341
"GSM1692445","Sepsis",-7.20471265217665,-0.342161345844636
"GSM1692446","Sepsis",35.3976011181023,-34.7062386848228
"GSM1692447","Sepsis",-7.11258747876842,14.5994434025841
"GSM1692448","Sepsis",-5.22266316121963,-27.9628994431514
"GSM1692449","Sepsis",-19.9012108476307,-15.2433387956345
"GSM1692450","Sepsis",-4.28608806434803,0.15759518106907
"GSM1692451","Sepsis",4.08562495128553,18.8669043879478
"GSM1692452","Sepsis",1.5159178657702,-14.1017809838844
"GSM1692453","Sepsis",30.0325051043167,-36.3619435419351
"GSM1692454","Sepsis",-8.01536160449747,-12.641432097894
"GSM1692455","Sepsis",2.92197640372851,14.6102813881414
"GSM1692456","Sepsis",28.223065015726,-8.77609144690083
"GSM1692457","Sepsis",-1.5522118657308,-20.8150266980171
"GSM1692458","Sepsis",39.1925638125986,-31.7866473432047
"GSM1692459","Sepsis",-21.9722211645153,-16.4451631277212
"GSM1692460","Sepsis",6.54172553144061,6.00828396165211
"GSM1692461","Sepsis",2.77281454020345,6.18104281355787
"GSM1692462","Sepsis",-4.04113692772627,5.95060353379804
"GSM1692463","Sepsis",-21.9658269663822,-1.46844125236891
"GSM1692465","Sepsis",-9.98923179706837,-19.3742315916791
"GSM1692466","Sepsis",-11.388286479924,15.8234664577266
"GSM1692467","Sepsis",-27.8624848681365,-27.0475314653917
"GSM1692468","Sepsis",-23.220560864311,18.3107243946385
"GSM1692469","Sepsis",-5.02422449454015,26.2722595740067
"GSM1692470","Sepsis",-19.1367751420606,9.39411990679684
"GSM1692471","Sepsis",-26.7136950748669,-1.2355191450598
"GSM1692472","Sepsis",31.4705490579119,-12.316516284691
"GSM1692473","Sepsis",0.528686403546567,2.62455764841457
"GSM1692474","Sepsis",-28.0764100826948,0.118120723616797
"GSM1692475","Sepsis",21.1268104427723,11.1322579090453
"GSM1692476","Sepsis",14.2321500429593,-23.0766226844217
"GSM1692477","Sepsis",6.25007803079462,-21.2929435295701
"GSM1692478","Sepsis",40.5141513270538,-30.2815618615313
"GSM1692479","Sepsis",26.2868366491313,1.62501467054686
"GSM1692480","Sepsis",-26.988793964738,9.75186041824114
"GSM1692481","Sepsis",12.1629746626276,-8.86828647128975
"GSM1692482","Sepsis",-16.4471636305319,-7.96419668697412
"GSM1692483","Sepsis",-17.0477578165388,9.70514348661419
"GSM1692484","Sepsis",7.07461022648919,-33.0550289560618
"GSM1692485","Sepsis",-17.9606927299441,-10.7766183820429
"GSM1692487","Sepsis",-16.6687886392424,17.7455931477136
"GSM1692488","Sepsis",3.47379543121372,-7.90482213810505
"GSM1692489","Sepsis",-1.87018906035538,-0.466306788446294
"GSM1692490","Sepsis",-40.6300693508834,-9.86778157181491
"GSM1692491","Sepsis",-3.64198072762634,13.0956030766639
"GSM1692492","Sepsis",24.9692312940834,16.2381732398938
"GSM1692493","Sepsis",-17.0815948505139,3.89067020952603
"GSM1692494","Sepsis",11.2217843117099,4.31108800128214
"GSM1692495","Sepsis",57.1404795037642,-37.414716321494
"GSM1692496","Sepsis",16.9834988975142,16.4920663671086
"GSM1692497","Sepsis",-4.43455135472055,8.66336355438476
"GSM1692498","Sepsis",57.4199924178876,-3.94013503057061
"GSM1692499","Sepsis",-44.6449505272524,-8.96174798885226
"GSM1692501","Sepsis",-10.9685967059369,3.01382930602026
"GSM1692502","Sepsis",7.50041804125079,-8.90625960267945
"GSM1692503","Sepsis",31.3199952553196,1.27700816119565
"GSM1692504","Sepsis",12.4775067620587,-10.9351649355186
