"fold","strategy","algorithm","ROC_AUC","PR_AUC","sensitivity","specificity","balanced_accuracy","PPV","NPV","F1","MCC","Brier","calibration_slope"
"Fold1.Rep01","weighted","LASSO",1,1,0.986842105263158,1,0.993421052631579,1,0.818181818181818,0.993377483443709,0.898563446809731,0.0070833533976567,106.401194449237
"Fold1.Rep01","weighted","glmBoost",1,1,0.973684210526316,1,0.986842105263158,1,0.692307692307692,0.986666666666667,0.821029274037114,0.0356841259732557,109.329274136343
"Fold1.Rep01","weighted","Ranger",1,1,1,1,1,1,1,1,1,0.00213788819875776,22.31513328572
"Fold1.Rep01","weighted","XGBoost",1,1,1,1,1,1,1,1,1,0.00254809261760873,12.719687557833
"Fold2.Rep01","weighted","LASSO",1,1,0.986842105263158,1,0.993421052631579,1,0.8,0.993377483443709,0.888523316638638,0.00698657268692148,18.7996972565193
"Fold2.Rep01","weighted","glmBoost",0.999177631578947,0.999956859206933,0.967105263157895,1,0.983552631578947,1,0.615384615384615,0.983277591973244,0.771454276289177,0.0692150293215382,5.19429545659605
"Fold2.Rep01","weighted","Ranger",1,1,1,1,1,1,1,1,1,0.002071575,35.2357798133149
"Fold2.Rep01","weighted","XGBoost",1,1,1,1,1,1,1,1,1,0.00458339758520771,23.7659304294299
"Fold3.Rep01","weighted","LASSO",1,1,0.993421052631579,1,0.996710526315789,1,0.888888888888889,0.996699669966997,0.939702578304707,0.00730063057816281,50.7524308952581
"Fold3.Rep01","weighted","glmBoost",1,1,0.973684210526316,1,0.986842105263158,1,0.666666666666667,0.986666666666667,0.805681579172283,0.040827268194541,98.0759668896329
"Fold3.Rep01","weighted","Ranger",1,1,1,1,1,1,1,1,1,0.00325715,20.269731510273
"Fold3.Rep01","weighted","XGBoost",0.999177631578947,0.999956859206933,0.993421052631579,1,0.996710526315789,1,0.888888888888889,0.996699669966997,0.939702578304707,0.00959028699722646,3.05057409828976
"Fold4.Rep01","weighted","LASSO",0.999269005847953,0.999956859206933,0.993421052631579,1,0.996710526315789,1,0.9,0.996699669966997,0.945557479674515,0.0127331322330251,2.55712195269352
"Fold4.Rep01","weighted","glmBoost",0.999269005847953,0.999956859206933,0.973684210526316,1,0.986842105263158,1,0.692307692307692,0.986666666666667,0.821029274037114,0.0354445550368324,5.03981936371108
"Fold4.Rep01","weighted","Ranger",1,1,1,0.888888888888889,0.944444444444444,0.993464052287582,1,0.99672131147541,0.939722915326088,0.00423242236024845,522.302501747814
"Fold4.Rep01","weighted","XGBoost",0.999269005847953,0.999956859206933,0.993421052631579,1,0.996710526315789,1,0.9,0.996699669966997,0.945557479674515,0.00666123552603914,2.02104347520224
"Fold5.Rep01","weighted","LASSO",0.999177631578947,0.999956859206933,0.993421052631579,1,0.996710526315789,1,0.888888888888889,0.996699669966997,0.939702578304707,0.00945596570802172,3.08225250631124
"Fold5.Rep01","weighted","glmBoost",0.999177631578947,0.999956859206933,0.973684210526316,1,0.986842105263158,1,0.666666666666667,0.986666666666667,0.805681579172283,0.0628137806515666,6.48559804856091
"Fold5.Rep01","weighted","Ranger",1,1,1,0.875,0.9375,0.993464052287582,1,0.99672131147541,0.932352425723039,0.0036912,91.1224169216386
"Fold5.Rep01","weighted","XGBoost",0.998355263157895,0.999913433654095,1,0.875,0.9375,0.993464052287582,1,0.99672131147541,0.932352425723039,0.0071236474797952,3.90390401706171
"Fold1.Rep02","weighted","LASSO",1,1,1,0.875,0.9375,0.993464052287582,1,0.99672131147541,0.932352425723039,0.0024914557337775,24.5846443282516
"Fold1.Rep02","weighted","glmBoost",1,1,0.960526315789474,1,0.980263157894737,1,0.571428571428571,0.979865771812081,0.740859082721625,0.0665829152200184,105.710652724382
"Fold1.Rep02","weighted","Ranger",1,1,1,1,1,1,1,1,1,0.0011611,13.8844008545057
"Fold1.Rep02","weighted","XGBoost",1,1,1,0.875,0.9375,0.993464052287582,1,0.99672131147541,0.932352425723039,0.00316795075072696,16.7703751465022
"Fold2.Rep02","weighted","LASSO",1,1,0.993421052631579,1,0.996710526315789,1,0.9,0.996699669966997,0.945557479674515,0.00836855918816822,23.8788280884886
"Fold2.Rep02","weighted","glmBoost",1,1,0.993421052631579,1,0.996710526315789,1,0.9,0.996699669966997,0.945557479674515,0.0161417180269084,23.9418314026217
"Fold2.Rep02","weighted","Ranger",1,1,1,1,1,1,1,1,1,0.00105940372670807,12.4304798929679
"Fold2.Rep02","weighted","XGBoost",1,1,1,1,1,1,1,1,1,0.000468607720906678,11.7691960834926
"Fold3.Rep02","weighted","LASSO",1,1,1,1,1,1,1,1,1,0.0022453393228133,31.3945872227475
"Fold3.Rep02","weighted","glmBoost",1,1,0.986842105263158,1,0.993421052631579,1,0.818181818181818,0.993377483443709,0.898563446809731,0.0161281408414342,92.4947292576067
"Fold3.Rep02","weighted","Ranger",0.999269005847953,0.999956859206933,0.993421052631579,0.888888888888889,0.941154970760234,0.993421052631579,0.888888888888889,0.993421052631579,0.882309941520468,0.00358452173913044,2.30903509740299
"Fold3.Rep02","weighted","XGBoost",1,1,1,1,1,1,1,1,1,0.00213195116077544,44.65402911173
"Fold4.Rep02","weighted","LASSO",0.996710526315789,0.999828827450341,0.960526315789474,1,0.980263157894737,1,0.571428571428571,0.979865771812081,0.740859082721625,0.0583400592516914,4.17217148145084
"Fold4.Rep02","weighted","glmBoost",0.996710526315789,0.999827998926745,0.953947368421053,1,0.976973684210526,1,0.533333333333333,0.976430976430976,0.713282503517759,0.0726008646786342,4.2320182904283
"Fold4.Rep02","weighted","Ranger",1,1,0.993421052631579,1,0.996710526315789,1,0.888888888888889,0.996699669966997,0.939702578304707,0.00583375,168.614576301599
"Fold4.Rep02","weighted","XGBoost",0.998355263157895,0.999914280512879,0.993421052631579,1,0.996710526315789,1,0.888888888888889,0.996699669966997,0.939702578304707,0.00661588101854343,1.42142138969375
"Fold5.Rep02","weighted","LASSO",1,1,1,1,1,1,1,1,1,0.011845750724101,21.175116893195
"Fold5.Rep02","weighted","glmBoost",1,1,0.986842105263158,1,0.993421052631579,1,0.8,0.993377483443709,0.888523316638638,0.0213149577217669,21.4073353012565
"Fold5.Rep02","weighted","Ranger",1,1,1,1,1,1,1,1,1,0.001403607,16.5251160271047
"Fold5.Rep02","weighted","XGBoost",1,1,0.993421052631579,1,0.996710526315789,1,0.888888888888889,0.996699669966997,0.939702578304707,0.00455127153223851,19.5195790221185
"Fold1.Rep03","weighted","LASSO",1,1,1,1,1,1,1,1,1,0.00602915257320807,35.9491920938231
"Fold1.Rep03","weighted","glmBoost",1,1,0.993421052631579,1,0.996710526315789,1,0.9,0.996699669966997,0.945557479674515,0.0632362958940979,58.6002249205879
"Fold1.Rep03","weighted","Ranger",1,1,1,0.888888888888889,0.944444444444444,0.993464052287582,1,0.99672131147541,0.939722915326088,0.00355664596273292,84.3484432682479
"Fold1.Rep03","weighted","XGBoost",0.998538011695906,0.999913433654095,0.993421052631579,0.888888888888889,0.941154970760234,0.993421052631579,0.888888888888889,0.993421052631579,0.882309941520468,0.00890383985142163,1.70248648075374
"Fold2.Rep03","weighted","LASSO",0.99780701754386,0.999872253003179,0.993421052631579,1,0.996710526315789,1,0.9,0.996699669966997,0.945557479674515,0.0111472430669889,2.30487150920525
"Fold2.Rep03","weighted","glmBoost",0.99780701754386,0.999872253003179,0.967105263157895,1,0.983552631578947,1,0.642857142857143,0.983277591973244,0.78848622455677,0.0674696379879093,4.5536935065872
"Fold2.Rep03","weighted","Ranger",1,1,1,1,1,1,1,1,1,0.00219296894409938,24.5459132109047
"Fold2.Rep03","weighted","XGBoost",0.999269005847953,0.999956859206933,0.993421052631579,1,0.996710526315789,1,0.9,0.996699669966997,0.945557479674515,0.00735567440277209,2.25644073767402
"Fold3.Rep03","weighted","LASSO",1,1,0.993421052631579,1,0.996710526315789,1,0.888888888888889,0.996699669966997,0.939702578304707,0.00629759880056436,34.976939542491
"Fold3.Rep03","weighted","glmBoost",0.998355263157895,0.999913433654095,0.940789473684211,1,0.970394736842105,1,0.470588235294118,0.969491525423729,0.665375426510729,0.0751937582999693,6.94608936313647
"Fold3.Rep03","weighted","Ranger",0.998355263157895,0.999913433654095,0.986842105263158,0.875,0.930921052631579,0.993377483443709,0.777777777777778,0.99009900990099,0.815238660648455,0.008554925,1.87290928792374
"Fold3.Rep03","weighted","XGBoost",1,1,1,1,1,1,1,1,1,0.0069312577525391,90.4962344408938
"Fold4.Rep03","weighted","LASSO",1,1,0.980263157894737,1,0.990131578947368,1,0.727272727272727,0.990033222591362,0.844345107338866,0.00797028829988531,15.32991634974
"Fold4.Rep03","weighted","glmBoost",1,1,0.967105263157895,1,0.983552631578947,1,0.615384615384615,0.983277591973244,0.771454276289177,0.0410574325683039,83.3521877909855
"Fold4.Rep03","weighted","Ranger",1,1,1,1,1,1,1,1,1,0.002091475,19.1658972493417
"Fold4.Rep03","weighted","XGBoost",1,1,1,1,1,1,1,1,1,0.000907104779530401,17.7305801910627
"Fold5.Rep03","weighted","LASSO",0.999177631578947,0.999956859206933,0.993421052631579,1,0.996710526315789,1,0.888888888888889,0.996699669966997,0.939702578304707,0.0063588178701094,2.55219221361714
"Fold5.Rep03","weighted","glmBoost",1,1,0.973684210526316,1,0.986842105263158,1,0.666666666666667,0.986666666666667,0.805681579172283,0.0307387164982119,64.6227662872781
"Fold5.Rep03","weighted","Ranger",1,1,1,1,1,1,1,1,1,0.00086685,14.3568237656017
"Fold5.Rep03","weighted","XGBoost",1,1,1,1,1,1,1,1,1,0.00366349363555744,14.774312882971
"Fold1.Rep04","weighted","LASSO",0.999177631578947,0.999956859206933,0.993421052631579,1,0.996710526315789,1,0.888888888888889,0.996699669966997,0.939702578304707,0.00581661410970884,2.18411850854609
"Fold1.Rep04","weighted","glmBoost",1,1,0.986842105263158,1,0.993421052631579,1,0.8,0.993377483443709,0.888523316638638,0.0369703904697366,95.9279783662045
"Fold1.Rep04","weighted","Ranger",1,1,1,1,1,1,1,1,1,0.00256035,19.0833885708528
"Fold1.Rep04","weighted","XGBoost",1,1,1,1,1,1,1,1,1,0.00249588832922407,11.7951712693778
"Fold2.Rep04","weighted","LASSO",0.999269005847953,0.999956859206933,0.986842105263158,1,0.993421052631579,1,0.818181818181818,0.993377483443709,0.898563446809731,0.00599529168498572,2.10805498117776
"Fold2.Rep04","weighted","glmBoost",0.999269005847953,0.999956859206933,0.986842105263158,1,0.993421052631579,1,0.818181818181818,0.993377483443709,0.898563446809731,0.0166148942290397,7.60044207055272
"Fold2.Rep04","weighted","Ranger",0.999269005847953,0.999956859206933,1,0.777777777777778,0.888888888888889,0.987012987012987,1,0.993464052287582,0.876171654230361,0.00612901863354037,6.31257706116218
"Fold2.Rep04","weighted","XGBoost",0.999269005847953,0.999956859206933,1,0.888888888888889,0.944444444444444,0.993464052287582,1,0.99672131147541,0.939722915326088,0.00743227853118173,4.12640973755346
"Fold3.Rep04","weighted","LASSO",1,1,0.993421052631579,1,0.996710526315789,1,0.888888888888889,0.996699669966997,0.939702578304707,0.0599159279802848,269.133858354946
"Fold3.Rep04","weighted","glmBoost",1,1,0.967105263157895,1,0.983552631578947,1,0.615384615384615,0.983277591973244,0.771454276289177,0.0746009376816577,117.966071773277
"Fold3.Rep04","weighted","Ranger",1,1,1,1,1,1,1,1,1,0.00271275,36.3325962401815
"Fold3.Rep04","weighted","XGBoost",1,1,0.993421052631579,1,0.996710526315789,1,0.888888888888889,0.996699669966997,0.939702578304707,0.00617463704748271,289.787733394447
"Fold4.Rep04","weighted","LASSO",1,1,0.993421052631579,1,0.996710526315789,1,0.888888888888889,0.996699669966997,0.939702578304707,0.00567989089385064,42.4675644800664
"Fold4.Rep04","weighted","glmBoost",0.999177631578947,0.999956859206933,0.973684210526316,1,0.986842105263158,1,0.666666666666667,0.986666666666667,0.805681579172283,0.0614599187179955,4.07530353889678
"Fold4.Rep04","weighted","Ranger",1,1,1,1,1,1,1,1,1,0.00170655,15.9381782282886
"Fold4.Rep04","weighted","XGBoost",0.999177631578947,0.999956859206933,0.993421052631579,1,0.996710526315789,1,0.888888888888889,0.996699669966997,0.939702578304707,0.00597841239737474,2.11145670161563
"Fold5.Rep04","weighted","LASSO",1,1,0.993421052631579,1,0.996710526315789,1,0.9,0.996699669966997,0.945557479674515,0.00838139420800964,68.5934013284494
"Fold5.Rep04","weighted","glmBoost",1,1,0.973684210526316,1,0.986842105263158,1,0.692307692307692,0.986666666666667,0.821029274037114,0.036140267295739,83.4479703749577
"Fold5.Rep04","weighted","Ranger",1,1,1,1,1,1,1,1,1,0.00241080745341615,17.1568601929523
"Fold5.Rep04","weighted","XGBoost",1,1,0.993421052631579,1,0.996710526315789,1,0.9,0.996699669966997,0.945557479674515,0.00477680812445595,12.3844629117041
"Fold1.Rep05","weighted","LASSO",0.999269005847953,0.999956859206933,0.986842105263158,1,0.993421052631579,1,0.818181818181818,0.993377483443709,0.898563446809731,0.0149076718790702,3.57915313674838
"Fold1.Rep05","weighted","glmBoost",0.999269005847953,0.999956859206933,0.960526315789474,1,0.980263157894737,1,0.6,0.979865771812081,0.759154654516248,0.0787879607037508,8.71678949477722
"Fold1.Rep05","weighted","Ranger",1,1,1,1,1,1,1,1,1,0.0023383602484472,21.8071403176957
"Fold1.Rep05","weighted","XGBoost",1,1,1,1,1,1,1,1,1,0.00113179608375373,15.9396379740331
"Fold2.Rep05","weighted","LASSO",0.999177631578947,0.999956859206933,0.980263157894737,1,0.990131578947368,1,0.727272727272727,0.990033222591362,0.844345107338866,0.0121727073837144,15.4838252288084
"Fold2.Rep05","weighted","glmBoost",1,1,0.973684210526316,1,0.986842105263158,1,0.666666666666667,0.986666666666667,0.805681579172283,0.0659309222475749,324.936239929315
"Fold2.Rep05","weighted","Ranger",0.998355263157895,0.999913433654095,0.993421052631579,0.875,0.934210526315789,0.993421052631579,0.875,0.993421052631579,0.868421052631579,0.007785793,1.68591758628254
"Fold2.Rep05","weighted","XGBoost",1,1,0.993421052631579,1,0.996710526315789,1,0.888888888888889,0.996699669966997,0.939702578304707,0.00794650742570439,208.025225754729
"Fold3.Rep05","weighted","LASSO",1,1,1,1,1,1,1,1,1,0.00106541872534986,6.88300362666982
"Fold3.Rep05","weighted","glmBoost",1,1,0.980263157894737,1,0.990131578947368,1,0.75,0.990033222591362,0.857436509848428,0.0171359824524615,22.5904014090934
"Fold3.Rep05","weighted","Ranger",1,1,1,1,1,1,1,1,1,0.00124315527950311,14.8415997131774
"Fold3.Rep05","weighted","XGBoost",1,1,1,1,1,1,1,1,1,0.000206343429413404,7.77435232731698
"Fold4.Rep05","weighted","LASSO",1,1,0.993421052631579,1,0.996710526315789,1,0.888888888888889,0.996699669966997,0.939702578304707,0.0126650996569015,52.738868824745
"Fold4.Rep05","weighted","glmBoost",1,1,0.953947368421053,1,0.976973684210526,1,0.533333333333333,0.976430976430976,0.713282503517759,0.0651367512219303,196.585549719421
"Fold4.Rep05","weighted","Ranger",1,1,0.993421052631579,1,0.996710526315789,1,0.888888888888889,0.996699669966997,0.939702578304707,0.002670325,25.6319290050655
"Fold4.Rep05","weighted","XGBoost",0.999177631578947,0.999956859206933,0.986842105263158,1,0.993421052631579,1,0.8,0.993377483443709,0.888523316638638,0.00999021406660429,2.40263996590415
"Fold5.Rep05","weighted","LASSO",0.999177631578947,0.999956859206933,0.993421052631579,1,0.996710526315789,1,0.888888888888889,0.996699669966997,0.939702578304707,0.00548372799340897,1.7117333337942
"Fold5.Rep05","weighted","glmBoost",1,1,0.986842105263158,1,0.993421052631579,1,0.8,0.993377483443709,0.888523316638638,0.0174345154405775,588.400784212163
"Fold5.Rep05","weighted","Ranger",1,1,1,0.875,0.9375,0.993464052287582,1,0.99672131147541,0.932352425723039,0.004211825,421.279346055576
"Fold5.Rep05","weighted","XGBoost",0.999177631578947,0.999956859206933,1,0.875,0.9375,0.993464052287582,1,0.99672131147541,0.932352425723039,0.0051796490373545,2.24831261054224
"Fold1.Rep06","weighted","LASSO",1,1,0.986842105263158,1,0.993421052631579,1,0.8,0.993377483443709,0.888523316638638,0.0087326265397885,45.9545931671143
"Fold1.Rep06","weighted","glmBoost",1,1,0.967105263157895,1,0.983552631578947,1,0.615384615384615,0.983277591973244,0.771454276289177,0.0637497275057185,96.1935734743024
"Fold1.Rep06","weighted","Ranger",1,1,1,1,1,1,1,1,1,0.002224775,24.9151645085558
"Fold1.Rep06","weighted","XGBoost",1,1,1,1,1,1,1,1,1,0.00356424006822963,18.640621055633
"Fold2.Rep06","weighted","LASSO",1,1,0.993421052631579,1,0.996710526315789,1,0.888888888888889,0.996699669966997,0.939702578304707,0.00469337230312933,71.3255926871824
"Fold2.Rep06","weighted","glmBoost",1,1,0.986842105263158,1,0.993421052631579,1,0.8,0.993377483443709,0.888523316638638,0.0181500464273913,97.026042866802
"Fold2.Rep06","weighted","Ranger",1,1,1,1,1,1,1,1,1,0.002326575,20.9239503354051
"Fold2.Rep06","weighted","XGBoost",1,1,1,1,1,1,1,1,1,0.000542847487466916,12.1112051720194
"Fold3.Rep06","weighted","LASSO",1,1,1,1,1,1,1,1,1,6.34983853780707e-05,4.59994367550564
"Fold3.Rep06","weighted","glmBoost",1,1,0.993421052631579,1,0.996710526315789,1,0.9,0.996699669966997,0.945557479674515,0.0110842156862147,16.7867938539559
"Fold3.Rep06","weighted","Ranger",1,1,1,1,1,1,1,1,1,0.000960149068322981,12.317967886235
"Fold3.Rep06","weighted","XGBoost",1,1,1,1,1,1,1,1,1,0.000551122270337821,11.0534301010398
"Fold4.Rep06","weighted","LASSO",0.999269005847953,0.999956859206933,0.993421052631579,1,0.996710526315789,1,0.9,0.996699669966997,0.945557479674515,0.0148369632490105,2.09913132020959
"Fold4.Rep06","weighted","glmBoost",0.999269005847953,0.999956859206933,0.940789473684211,1,0.970394736842105,1,0.5,0.969491525423729,0.685853291048534,0.0779571910266129,3.72914225475613
"Fold4.Rep06","weighted","Ranger",0.999269005847953,0.999956859206933,0.993421052631579,0.888888888888889,0.941154970760234,0.993421052631579,0.888888888888889,0.993421052631579,0.882309941520468,0.00466360248447205,2.02591483546984
"Fold4.Rep06","weighted","XGBoost",0.999269005847953,0.999956859206933,0.993421052631579,0.888888888888889,0.941154970760234,0.993421052631579,0.888888888888889,0.993421052631579,0.882309941520468,0.0103431331312891,0.900166715801033
"Fold5.Rep06","weighted","LASSO",0.999177631578947,0.999956859206933,0.967105263157895,1,0.983552631578947,1,0.615384615384615,0.983277591973244,0.771454276289177,0.0170942628818512,3.92946517862979
"Fold5.Rep06","weighted","glmBoost",1,1,0.960526315789474,1,0.980263157894737,1,0.571428571428571,0.979865771812081,0.740859082721625,0.0436670258944707,612.574223726303
"Fold5.Rep06","weighted","Ranger",0.998355263157895,0.999913433654095,0.993421052631579,0.875,0.934210526315789,0.993421052631579,0.875,0.993421052631579,0.868421052631579,0.006558275,1.56744398881351
"Fold5.Rep06","weighted","XGBoost",1,1,0.993421052631579,1,0.996710526315789,1,0.888888888888889,0.996699669966997,0.939702578304707,0.00432614515640072,389.152461567644
"Fold1.Rep07","weighted","LASSO",1,1,0.993421052631579,1,0.996710526315789,1,0.888888888888889,0.996699669966997,0.939702578304707,0.00864927798116862,30.7355549908984
"Fold1.Rep07","weighted","glmBoost",1,1,0.980263157894737,1,0.990131578947368,1,0.727272727272727,0.990033222591362,0.844345107338866,0.0176525404973782,24.9260063282991
"Fold1.Rep07","weighted","Ranger",1,1,1,1,1,1,1,1,1,0.0017914,22.1768434890266
"Fold1.Rep07","weighted","XGBoost",1,1,1,1,1,1,1,1,1,0.000444946570294661,12.0432054403649
"Fold2.Rep07","weighted","LASSO",1,1,1,1,1,1,1,1,1,0.00151039765566199,7.22416066079459
"Fold2.Rep07","weighted","glmBoost",1,1,0.986842105263158,1,0.993421052631579,1,0.8,0.993377483443709,0.888523316638638,0.0301774824295544,17.7696823151661
"Fold2.Rep07","weighted","Ranger",1,1,1,1,1,1,1,1,1,0.0001153,7.86713505045079
"Fold2.Rep07","weighted","XGBoost",1,1,1,1,1,1,1,1,1,0.00239446509777079,9.87575955344711
"Fold3.Rep07","weighted","LASSO",1,1,0.993421052631579,1,0.996710526315789,1,0.9,0.996699669966997,0.945557479674515,0.0047980933566319,26.8177392044933
"Fold3.Rep07","weighted","glmBoost",1,1,0.973684210526316,1,0.986842105263158,1,0.692307692307692,0.986666666666667,0.821029274037114,0.031920648201716,28.4701742077042
"Fold3.Rep07","weighted","Ranger",1,1,1,1,1,1,1,1,1,0.00208149068322981,19.923680913101
"Fold3.Rep07","weighted","XGBoost",1,1,1,1,1,1,1,1,1,0.00140888979721764,14.6390059015519
"Fold4.Rep07","weighted","LASSO",0.999177631578947,0.999956859206933,0.986842105263158,1,0.993421052631579,1,0.8,0.993377483443709,0.888523316638638,0.0121989286725482,3.53092647095672
"Fold4.Rep07","weighted","glmBoost",0.999177631578947,0.999956859206933,0.967105263157895,1,0.983552631578947,1,0.615384615384615,0.983277591973244,0.771454276289177,0.0726424451223353,7.04823796020958
"Fold4.Rep07","weighted","Ranger",1,1,1,0.875,0.9375,0.993464052287582,1,0.99672131147541,0.932352425723039,0.005567625,637.606249782193
"Fold4.Rep07","weighted","XGBoost",0.997532894736842,0.999870854960041,0.986842105263158,0.875,0.930921052631579,0.993377483443709,0.777777777777778,0.99009900990099,0.815238660648455,0.0137005790702762,0.912423207044111
"Fold5.Rep07","weighted","LASSO",1,1,0.986842105263158,1,0.993421052631579,1,0.818181818181818,0.993377483443709,0.898563446809731,0.00899727385849901,272.981245485588
"Fold5.Rep07","weighted","glmBoost",1,1,0.973684210526316,1,0.986842105263158,1,0.692307692307692,0.986666666666667,0.821029274037114,0.0204085202397645,203.009697002443
"Fold5.Rep07","weighted","Ranger",1,1,0.993421052631579,1,0.996710526315789,1,0.9,0.996699669966997,0.945557479674515,0.00617995031055901,32.5184212457579
"Fold5.Rep07","weighted","XGBoost",1,1,0.986842105263158,1,0.993421052631579,1,0.818181818181818,0.993377483443709,0.898563446809731,0.00653942526218022,24.9072160213167
"Fold1.Rep08","weighted","LASSO",0.999269005847953,0.999956859206933,0.993421052631579,1,0.996710526315789,1,0.9,0.996699669966997,0.945557479674515,0.00976766243997143,2.80276305007845
"Fold1.Rep08","weighted","glmBoost",1,1,0.993421052631579,1,0.996710526315789,1,0.9,0.996699669966997,0.945557479674515,0.0165390962815614,82.3935751810505
"Fold1.Rep08","weighted","Ranger",1,1,1,1,1,1,1,1,1,0.00187090683229814,34.2437804224017
"Fold1.Rep08","weighted","XGBoost",1,1,1,1,1,1,1,1,1,0.00294780810972757,17.290686460743
"Fold2.Rep08","weighted","LASSO",1,1,1,1,1,1,1,1,1,0.00185841441255966,19.0704877515541
"Fold2.Rep08","weighted","glmBoost",1,1,1,1,1,1,1,1,1,0.0159148683609618,31.945743154099
"Fold2.Rep08","weighted","Ranger",1,1,1,0.875,0.9375,0.993464052287582,1,0.99672131147541,0.932352425723039,0.005942,48.2039252525576
"Fold2.Rep08","weighted","XGBoost",1,1,1,0.875,0.9375,0.993464052287582,1,0.99672131147541,0.932352425723039,0.0052769735352937,26.8949098179707
"Fold3.Rep08","weighted","LASSO",0.999177631578947,0.999956859206933,0.986842105263158,1,0.993421052631579,1,0.8,0.993377483443709,0.888523316638638,0.0120278788885671,13.8571626347622
"Fold3.Rep08","weighted","glmBoost",1,1,0.967105263157895,1,0.983552631578947,1,0.615384615384615,0.983277591973244,0.771454276289177,0.0368390845746619,671.864826304556
"Fold3.Rep08","weighted","Ranger",1,1,1,0.875,0.9375,0.993464052287582,1,0.99672131147541,0.932352425723039,0.00340490625,60.3653405977168
"Fold3.Rep08","weighted","XGBoost",0.999177631578947,0.999956859206933,1,0.875,0.9375,0.993464052287582,1,0.99672131147541,0.932352425723039,0.006656337334298,3.07177708648829
"Fold4.Rep08","weighted","LASSO",1,1,0.973684210526316,1,0.986842105263158,1,0.666666666666667,0.986666666666667,0.805681579172283,0.0129362346750008,277.177652507623
"Fold4.Rep08","weighted","glmBoost",1,1,0.973684210526316,1,0.986842105263158,1,0.666666666666667,0.986666666666667,0.805681579172283,0.0622126385692143,119.399003355271
"Fold4.Rep08","weighted","Ranger",1,1,0.993421052631579,1,0.996710526315789,1,0.888888888888889,0.996699669966997,0.939702578304707,0.004771575,25.2830623841674
"Fold4.Rep08","weighted","XGBoost",1,1,0.986842105263158,1,0.993421052631579,1,0.8,0.993377483443709,0.888523316638638,0.00951006050585749,482.518077340585
"Fold5.Rep08","weighted","LASSO",1,1,0.993421052631579,1,0.996710526315789,1,0.9,0.996699669966997,0.945557479674515,0.00530449753676895,21.2271495308367
"Fold5.Rep08","weighted","glmBoost",1,1,0.960526315789474,1,0.980263157894737,1,0.6,0.979865771812081,0.759154654516248,0.0399603513388006,44.7458060405027
"Fold5.Rep08","weighted","Ranger",1,1,1,1,1,1,1,1,1,0.00131483229813665,14.2678766146159
"Fold5.Rep08","weighted","XGBoost",1,1,1,1,1,1,1,1,1,0.00188319615443261,12.2750018177852
"Fold1.Rep09","weighted","LASSO",0.999269005847953,0.999956859206933,0.980263157894737,1,0.990131578947368,1,0.75,0.990033222591362,0.857436509848428,0.0113804371208499,1.56767451853102
"Fold1.Rep09","weighted","glmBoost",0.998538011695906,0.999914280512879,0.967105263157895,1,0.983552631578947,1,0.642857142857143,0.983277591973244,0.78848622455677,0.0383076261241476,3.41129922664918
"Fold1.Rep09","weighted","Ranger",0.998538011695906,0.999913433654095,0.993421052631579,0.888888888888889,0.941154970760234,0.993421052631579,0.888888888888889,0.993421052631579,0.882309941520468,0.00734499378881988,2.77008343338566
"Fold1.Rep09","weighted","XGBoost",0.99780701754386,0.999872253003179,0.993421052631579,1,0.996710526315789,1,0.9,0.996699669966997,0.945557479674515,0.00978141482386258,2.31390862974754
"Fold2.Rep09","weighted","LASSO",0.999177631578947,0.999956859206933,0.986842105263158,1,0.993421052631579,1,0.8,0.993377483443709,0.888523316638638,0.0118117573776491,5.91883815072508
"Fold2.Rep09","weighted","glmBoost",0.999177631578947,0.999956859206933,0.980263157894737,1,0.990131578947368,1,0.727272727272727,0.990033222591362,0.844345107338866,0.0328340052226597,8.65678887019422
"Fold2.Rep09","weighted","Ranger",1,1,1,0.875,0.9375,0.993464052287582,1,0.99672131147541,0.932352425723039,0.003283475,41.3760244829733
"Fold2.Rep09","weighted","XGBoost",1,1,1,0.875,0.9375,0.993464052287582,1,0.99672131147541,0.932352425723039,0.0049789390822881,24.2773767364842
"Fold3.Rep09","weighted","LASSO",1,1,1,1,1,1,1,1,1,0.000976057648724177,11.5215011951842
"Fold3.Rep09","weighted","glmBoost",1,1,1,1,1,1,1,1,1,0.0144034812616421,18.7400772360677
"Fold3.Rep09","weighted","Ranger",1,1,1,1,1,1,1,1,1,0.0003411,9.48775418664868
"Fold3.Rep09","weighted","XGBoost",1,1,1,1,1,1,1,1,1,0.002726292993804,11.7886545699477
"Fold4.Rep09","weighted","LASSO",1,1,0.993421052631579,1,0.996710526315789,1,0.9,0.996699669966997,0.945557479674515,0.00385706589129002,15.4835076306333
"Fold4.Rep09","weighted","glmBoost",1,1,0.967105263157895,1,0.983552631578947,1,0.642857142857143,0.983277591973244,0.78848622455677,0.0417728265070463,43.926724307268
"Fold4.Rep09","weighted","Ranger",1,1,1,1,1,1,1,1,1,0.00186929192546584,18.6220209319956
"Fold4.Rep09","weighted","XGBoost",1,1,1,1,1,1,1,1,1,0.000441553534720281,9.91842245287608
"Fold5.Rep09","weighted","LASSO",1,1,0.993421052631579,1,0.996710526315789,1,0.888888888888889,0.996699669966997,0.939702578304707,0.00727082142485757,20.3379511185635
"Fold5.Rep09","weighted","glmBoost",1,1,0.967105263157895,1,0.983552631578947,1,0.615384615384615,0.983277591973244,0.771454276289177,0.0647033630700823,48.1003239915744
"Fold5.Rep09","weighted","Ranger",1,1,1,1,1,1,1,1,1,0.0021876,15.7192281656658
"Fold5.Rep09","weighted","XGBoost",1,1,0.986842105263158,1,0.993421052631579,1,0.8,0.993377483443709,0.888523316638638,0.00481126417134933,12.4509362495633
"Fold1.Rep10","weighted","LASSO",1,1,1,1,1,1,1,1,1,0.000235222939950591,8.02911469085755
"Fold1.Rep10","weighted","glmBoost",1,1,0.967105263157895,1,0.983552631578947,1,0.642857142857143,0.983277591973244,0.78848622455677,0.0674582627043948,46.6951722534968
"Fold1.Rep10","weighted","Ranger",1,1,1,1,1,1,1,1,1,0.00142685714285714,14.9783475562044
"Fold1.Rep10","weighted","XGBoost",1,1,1,1,1,1,1,1,1,0.000169257886840261,8.21946261470707
"Fold2.Rep10","weighted","LASSO",0.999269005847953,0.999956859206933,0.973684210526316,1,0.986842105263158,1,0.692307692307692,0.986666666666667,0.821029274037114,0.0142575876916931,2.09171505675338
"Fold2.Rep10","weighted","glmBoost",0.998538011695906,0.999913433654095,0.967105263157895,1,0.983552631578947,1,0.642857142857143,0.983277591973244,0.78848622455677,0.0294697777465158,5.2094538485201
"Fold2.Rep10","weighted","Ranger",1,1,1,1,1,1,1,1,1,0.00621572670807453,97.8732233232511
"Fold2.Rep10","weighted","XGBoost",1,1,1,0.888888888888889,0.944444444444444,0.993464052287582,1,0.99672131147541,0.939722915326088,0.00502490758074286,444.275648330577
"Fold3.Rep10","weighted","LASSO",0.997532894736842,0.999872253003179,0.993421052631579,1,0.996710526315789,1,0.888888888888889,0.996699669966997,0.939702578304707,0.0116279058350214,1.58686994287577
"Fold3.Rep10","weighted","glmBoost",0.998355263157895,0.999914280512879,0.973684210526316,1,0.986842105263158,1,0.666666666666667,0.986666666666667,0.805681579172283,0.061070146164147,3.31828690484294
"Fold3.Rep10","weighted","Ranger",1,1,0.993421052631579,1,0.996710526315789,1,0.888888888888889,0.996699669966997,0.939702578304707,0.0038608,58.5043238498967
"Fold3.Rep10","weighted","XGBoost",0.998355263157895,0.999914280512879,0.993421052631579,1,0.996710526315789,1,0.888888888888889,0.996699669966997,0.939702578304707,0.00626504734950678,1.12587825780278
"Fold4.Rep10","weighted","LASSO",1,1,0.993421052631579,1,0.996710526315789,1,0.888888888888889,0.996699669966997,0.939702578304707,0.00313258102175813,9.87681177483257
"Fold4.Rep10","weighted","glmBoost",1,1,0.993421052631579,1,0.996710526315789,1,0.888888888888889,0.996699669966997,0.939702578304707,0.0137474251106183,14.2664579004412
"Fold4.Rep10","weighted","Ranger",1,1,1,1,1,1,1,1,1,0.000851675,15.4025692577117
"Fold4.Rep10","weighted","XGBoost",1,1,1,1,1,1,1,1,1,0.00385246756896272,14.221383163106
"Fold5.Rep10","weighted","LASSO",1,1,1,1,1,1,1,1,1,0.00857431761865996,63.8021743051579
"Fold5.Rep10","weighted","glmBoost",1,1,0.967105263157895,1,0.983552631578947,1,0.615384615384615,0.983277591973244,0.771454276289177,0.0684691852330312,110.912049667854
"Fold5.Rep10","weighted","Ranger",1,1,1,0.875,0.9375,0.993464052287582,1,0.99672131147541,0.932352425723039,0.0041339,42.324493933932
"Fold5.Rep10","weighted","XGBoost",0.999177631578947,0.999956859206933,0.993421052631579,1,0.996710526315789,1,0.888888888888889,0.996699669966997,0.939702578304707,0.00645553707658348,2.517176382536
"Fold1.Rep11","weighted","LASSO",0.999177631578947,0.999956859206933,0.993421052631579,0.875,0.934210526315789,0.993421052631579,0.875,0.993421052631579,0.868421052631579,0.00552734215840279,2.19473496813558
"Fold1.Rep11","weighted","glmBoost",1,1,0.986842105263158,1,0.993421052631579,1,0.8,0.993377483443709,0.888523316638638,0.0175965337189752,161.170682803692
"Fold1.Rep11","weighted","Ranger",1,1,1,1,1,1,1,1,1,0.002964269,28.8648613305496
"Fold1.Rep11","weighted","XGBoost",0.998355263157895,0.999913433654095,1,0.875,0.9375,0.993464052287582,1,0.99672131147541,0.932352425723039,0.00932035484909483,2.20049686384473
"Fold2.Rep11","weighted","LASSO",1,1,0.980263157894737,1,0.990131578947368,1,0.75,0.990033222591362,0.857436509848428,0.0109202498375785,26.5592947502312
"Fold2.Rep11","weighted","glmBoost",1,1,0.947368421052632,1,0.973684210526316,1,0.529411764705882,0.972972972972973,0.70820052782817,0.0756036790317568,44.495820578157
"Fold2.Rep11","weighted","Ranger",1,1,1,1,1,1,1,1,1,0.00298173273291925,9.37216543508174
"Fold2.Rep11","weighted","XGBoost",1,1,1,1,1,1,1,1,1,0.00445030148867876,14.1255751578779
"Fold3.Rep11","weighted","LASSO",1,1,1,1,1,1,1,1,1,0.00379608440825431,33.5306681118781
"Fold3.Rep11","weighted","glmBoost",1,1,0.953947368421053,1,0.976973684210526,1,0.5625,0.976430976430976,0.732526719469564,0.0723164211010224,92.8745990893993
"Fold3.Rep11","weighted","Ranger",1,1,1,1,1,1,1,1,1,0.0029256397515528,29.1748406730383
"Fold3.Rep11","weighted","XGBoost",1,1,1,1,1,1,1,1,1,0.00132932414758779,13.6711044220386
"Fold4.Rep11","weighted","LASSO",1,1,1,1,1,1,1,1,1,0.000960495065616144,11.1859000785259
"Fold4.Rep11","weighted","glmBoost",1,1,1,1,1,1,1,1,1,0.0128947449266464,42.2100294450674
"Fold4.Rep11","weighted","Ranger",1,1,1,0.875,0.9375,0.993464052287582,1,0.99672131147541,0.932352425723039,0.00251834709027778,21.0224661737311
"Fold4.Rep11","weighted","XGBoost",1,1,1,0.875,0.9375,0.993464052287582,1,0.99672131147541,0.932352425723039,0.00195142711143792,13.9332475369456
"Fold5.Rep11","weighted","LASSO",1,1,1,1,1,1,1,1,1,0.00156542364131156,14.1920906817321
"Fold5.Rep11","weighted","glmBoost",0.999177631578947,0.999956859206933,0.973684210526316,1,0.986842105263158,1,0.666666666666667,0.986666666666667,0.805681579172283,0.0631194567079638,6.41339404232152
"Fold5.Rep11","weighted","Ranger",1,1,1,1,1,1,1,1,1,0.00298545,18.4813668512641
"Fold5.Rep11","weighted","XGBoost",1,1,0.993421052631579,1,0.996710526315789,1,0.888888888888889,0.996699669966997,0.939702578304707,0.00752237198484298,47.4198450263904
"Fold1.Rep12","weighted","LASSO",0.999177631578947,0.999956859206933,0.993421052631579,1,0.996710526315789,1,0.888888888888889,0.996699669966997,0.939702578304707,0.00670897122964741,1.16474193371461
"Fold1.Rep12","weighted","glmBoost",1,1,0.973684210526316,1,0.986842105263158,1,0.666666666666667,0.986666666666667,0.805681579172283,0.0237218368848577,106.379064129387
"Fold1.Rep12","weighted","Ranger",1,1,1,1,1,1,1,1,1,0.00332165,24.4646251887494
"Fold1.Rep12","weighted","XGBoost",1,1,1,1,1,1,1,1,1,0.00341301953234208,15.8672917430189
"Fold2.Rep12","weighted","LASSO",0.999269005847953,0.999956859206933,0.993421052631579,1,0.996710526315789,1,0.9,0.996699669966997,0.945557479674515,0.0110495560979153,6.83798858023965
"Fold2.Rep12","weighted","glmBoost",1,1,0.967105263157895,1,0.983552631578947,1,0.642857142857143,0.983277591973244,0.78848622455677,0.0700446029036414,214.217692274228
"Fold2.Rep12","weighted","Ranger",1,1,1,0.888888888888889,0.944444444444444,0.993464052287582,1,0.99672131147541,0.939722915326088,0.00518034782608696,289.915533990329
"Fold2.Rep12","weighted","XGBoost",0.995248538011696,0.999719119875604,1,0.777777777777778,0.888888888888889,0.987012987012987,1,0.993464052287582,0.876171654230361,0.0139900463070058,1.56058901582212
"Fold3.Rep12","weighted","LASSO",1,1,0.993421052631579,1,0.996710526315789,1,0.888888888888889,0.996699669966997,0.939702578304707,0.00736135369443724,17.7696285450286
"Fold3.Rep12","weighted","glmBoost",1,1,0.973684210526316,1,0.986842105263158,1,0.666666666666667,0.986666666666667,0.805681579172283,0.0295013870615799,25.1855495031052
"Fold3.Rep12","weighted","Ranger",1,1,1,1,1,1,1,1,1,0.001080775,8.76906637624963
"Fold3.Rep12","weighted","XGBoost",1,1,1,1,1,1,1,1,1,0.00255037870789134,11.2488473810804
"Fold4.Rep12","weighted","LASSO",0.996710526315789,0.99983076604394,0.973684210526316,1,0.986842105263158,1,0.666666666666667,0.986666666666667,0.805681579172283,0.0604237310433356,4.586689920983
"Fold4.Rep12","weighted","glmBoost",1,1,0.973684210526316,1,0.986842105263158,1,0.666666666666667,0.986666666666667,0.805681579172283,0.0347580416407876,58.6480599102172
"Fold4.Rep12","weighted","Ranger",1,1,0.993421052631579,1,0.996710526315789,1,0.888888888888889,0.996699669966997,0.939702578304707,0.002144875,18.2440369191782
"Fold4.Rep12","weighted","XGBoost",1,1,0.986842105263158,1,0.993421052631579,1,0.8,0.993377483443709,0.888523316638638,0.0081411158861974,77.8221899586703
"Fold5.Rep12","weighted","LASSO",0.999269005847953,0.999956859206933,0.986842105263158,1,0.993421052631579,1,0.818181818181818,0.993377483443709,0.898563446809731,0.0125542829943948,4.4456606093749
"Fold5.Rep12","weighted","glmBoost",1,1,0.947368421052632,1,0.973684210526316,1,0.529411764705882,0.972972972972973,0.70820052782817,0.0669782661712957,17047.4107811055
"Fold5.Rep12","weighted","Ranger",0.999269005847953,0.999956859206933,0.993421052631579,0.888888888888889,0.941154970760234,0.993421052631579,0.888888888888889,0.993421052631579,0.882309941520468,0.00537691925465839,2.09452253925831
"Fold5.Rep12","weighted","XGBoost",1,1,0.993421052631579,1,0.996710526315789,1,0.9,0.996699669966997,0.945557479674515,0.00726536219086725,191.447416766062
"Fold1.Rep13","weighted","LASSO",1,1,0.986842105263158,1,0.993421052631579,1,0.8,0.993377483443709,0.888523316638638,0.00878103914145384,15.5546186031321
"Fold1.Rep13","weighted","glmBoost",1,1,0.947368421052632,1,0.973684210526316,1,0.5,0.972972972972973,0.688247201611685,0.0744802616974703,46.8638809314928
"Fold1.Rep13","weighted","Ranger",1,1,0.993421052631579,1,0.996710526315789,1,0.888888888888889,0.996699669966997,0.939702578304707,0.006231825,38.6120789781811
"Fold1.Rep13","weighted","XGBoost",1,1,1,1,1,1,1,1,1,0.00674487833884113,40.2829802034193
"Fold2.Rep13","weighted","LASSO",0.998355263157895,0.999914280512879,0.973684210526316,1,0.986842105263158,1,0.666666666666667,0.986666666666667,0.805681579172283,0.0195521285234292,3.11854380820988
"Fold2.Rep13","weighted","glmBoost",0.999177631578947,0.999956859206933,0.934210526315789,1,0.967105263157895,1,0.444444444444444,0.965986394557823,0.644363777972174,0.0824420757535316,10.8629431863789
"Fold2.Rep13","weighted","Ranger",1,1,1,1,1,1,1,1,1,0.003509575,20.7134515659132
"Fold2.Rep13","weighted","XGBoost",0.997532894736842,0.999872253003179,0.993421052631579,1,0.996710526315789,1,0.888888888888889,0.996699669966997,0.939702578304707,0.00906939614863376,1.7456699698433
"Fold3.Rep13","weighted","LASSO",0.999177631578947,0.999956859206933,0.993421052631579,1,0.996710526315789,1,0.888888888888889,0.996699669966997,0.939702578304707,0.0101924406759553,13.603683326209
"Fold3.Rep13","weighted","glmBoost",1,1,0.986842105263158,1,0.993421052631579,1,0.8,0.993377483443709,0.888523316638638,0.0150381554435376,56.3405368385328
"Fold3.Rep13","weighted","Ranger",1,1,1,0.75,0.875,0.987012987012987,1,0.993464052287582,0.86038348441828,0.00619795,79.2371342862957
"Fold3.Rep13","weighted","XGBoost",0.994243421052632,0.999699120311369,0.993421052631579,0.75,0.871710526315789,0.986928104575163,0.857142857142857,0.99016393442623,0.79214905343386,0.0195750520287935,1.14160069033269
"Fold4.Rep13","weighted","LASSO",1,1,0.993421052631579,1,0.996710526315789,1,0.9,0.996699669966997,0.945557479674515,0.00801844528431495,224.042501747782
"Fold4.Rep13","weighted","glmBoost",0.999269005847953,0.999956859206933,0.986842105263158,1,0.993421052631579,1,0.818181818181818,0.993377483443709,0.898563446809731,0.0150531652496434,4.53160481393982
"Fold4.Rep13","weighted","Ranger",0.999269005847953,0.999956859206933,1,0.888888888888889,0.944444444444444,0.993464052287582,1,0.99672131147541,0.939722915326088,0.0034984099378882,2.78162372573469
"Fold4.Rep13","weighted","XGBoost",1,1,1,1,1,1,1,1,1,0.00320367856639472,20.6726327691155
"Fold5.Rep13","weighted","LASSO",1,1,1,1,1,1,1,1,1,0.000685405326957183,9.98103302785459
"Fold5.Rep13","weighted","glmBoost",1,1,0.986842105263158,1,0.993421052631579,1,0.818181818181818,0.993377483443709,0.898563446809731,0.0309500942836501,26.0990321620747
"Fold5.Rep13","weighted","Ranger",1,1,1,1,1,1,1,1,1,0.000479627329192546,10.8360455006722
"Fold5.Rep13","weighted","XGBoost",1,1,1,1,1,1,1,1,1,8.99377353231584e-05,6.34377219772431
"Fold1.Rep14","weighted","LASSO",1,1,0.986842105263158,1,0.993421052631579,1,0.8,0.993377483443709,0.888523316638638,0.0111206094409646,145.037487362687
"Fold1.Rep14","weighted","glmBoost",1,1,0.980263157894737,1,0.990131578947368,1,0.727272727272727,0.990033222591362,0.844345107338866,0.0670501508322755,108.853569084754
"Fold1.Rep14","weighted","Ranger",1,1,1,1,1,1,1,1,1,0.001184425,17.4761402803932
"Fold1.Rep14","weighted","XGBoost",1,1,1,1,1,1,1,1,1,0.000342655978295386,9.96754325217537
"Fold2.Rep14","weighted","LASSO",1,1,0.986842105263158,1,0.993421052631579,1,0.8,0.993377483443709,0.888523316638638,0.00961346096181624,19.8611196324936
"Fold2.Rep14","weighted","glmBoost",1,1,0.973684210526316,1,0.986842105263158,1,0.666666666666667,0.986666666666667,0.805681579172283,0.0405560300441794,58.8356835441335
"Fold2.Rep14","weighted","Ranger",1,1,1,1,1,1,1,1,1,0.003469925,26.1862892616887
"Fold2.Rep14","weighted","XGBoost",1,1,1,1,1,1,1,1,1,0.000648949244897925,13.7288104413766
"Fold3.Rep14","weighted","LASSO",0.998538011695906,0.999913433654095,0.986842105263158,1,0.993421052631579,1,0.818181818181818,0.993377483443709,0.898563446809731,0.0124145901141892,1.31086057376327
"Fold3.Rep14","weighted","glmBoost",0.998538011695906,0.999914280512879,0.953947368421053,1,0.976973684210526,1,0.5625,0.976430976430976,0.732526719469564,0.0719578671108209,3.32675296793007
"Fold3.Rep14","weighted","Ranger",0.999269005847953,0.999956859206933,1,0.888888888888889,0.944444444444444,0.993464052287582,1,0.99672131147541,0.939722915326088,0.00506439751552795,13.6854976768536
"Fold3.Rep14","weighted","XGBoost",0.999269005847953,0.999956859206933,0.993421052631579,1,0.996710526315789,1,0.9,0.996699669966997,0.945557479674515,0.00639424137649367,1.27079841015699
"Fold4.Rep14","weighted","LASSO",1,1,0.993421052631579,1,0.996710526315789,1,0.888888888888889,0.996699669966997,0.939702578304707,0.0102802637724949,560.67605123732
"Fold4.Rep14","weighted","glmBoost",1,1,0.986842105263158,1,0.993421052631579,1,0.8,0.993377483443709,0.888523316638638,0.0326941035554624,326.320609716486
"Fold4.Rep14","weighted","Ranger",1,1,1,0.875,0.9375,0.993464052287582,1,0.99672131147541,0.932352425723039,0.003614025,62.8900091575255
"Fold4.Rep14","weighted","XGBoost",0.999177631578947,0.999956859206933,1,0.875,0.9375,0.993464052287582,1,0.99672131147541,0.932352425723039,0.00535814871767255,1.9550569100452
"Fold5.Rep14","weighted","LASSO",1,1,1,1,1,1,1,1,1,0.00725197315952643,21.8125673209006
"Fold5.Rep14","weighted","glmBoost",1,1,0.986842105263158,1,0.993421052631579,1,0.818181818181818,0.993377483443709,0.898563446809731,0.0330781999551414,29.2843789032578
"Fold5.Rep14","weighted","Ranger",1,1,1,1,1,1,1,1,1,0.00128327950310559,17.3285970047716
"Fold5.Rep14","weighted","XGBoost",1,1,0.993421052631579,1,0.996710526315789,1,0.9,0.996699669966997,0.945557479674515,0.00443420242231716,28.4962756778361
"Fold1.Rep15","weighted","LASSO",0.999269005847953,0.999956859206933,0.993421052631579,1,0.996710526315789,1,0.9,0.996699669966997,0.945557479674515,0.010274858727307,5.14571764865897
"Fold1.Rep15","weighted","glmBoost",1,1,0.986842105263158,1,0.993421052631579,1,0.818181818181818,0.993377483443709,0.898563446809731,0.015060910163381,76.5289385307074
"Fold1.Rep15","weighted","Ranger",1,1,1,0.888888888888889,0.944444444444444,0.993464052287582,1,0.99672131147541,0.939722915326088,0.00460012422360249,57.6642106354185
"Fold1.Rep15","weighted","XGBoost",0.995614035087719,0.99974027832892,0.993421052631579,0.777777777777778,0.885599415204678,0.986928104575163,0.875,0.99016393442623,0.815302364859394,0.0164977270277118,1.23948548741504
"Fold2.Rep15","weighted","LASSO",1,1,0.986842105263158,1,0.993421052631579,1,0.8,0.993377483443709,0.888523316638638,0.0104448308829699,23.3333527462885
"Fold2.Rep15","weighted","glmBoost",0.995065789473684,0.999749372591632,0.967105263157895,1,0.983552631578947,1,0.615384615384615,0.983277591973244,0.771454276289177,0.0696311877773937,3.67326636138668
"Fold2.Rep15","weighted","Ranger",1,1,0.993421052631579,1,0.996710526315789,1,0.888888888888889,0.996699669966997,0.939702578304707,0.004733425,41.2119583780607
"Fold2.Rep15","weighted","XGBoost",0.999177631578947,0.999956859206933,0.993421052631579,1,0.996710526315789,1,0.888888888888889,0.996699669966997,0.939702578304707,0.00794939182157154,4.73211179001581
"Fold3.Rep15","weighted","LASSO",0.999269005847953,0.999956859206933,0.980263157894737,1,0.990131578947368,1,0.75,0.990033222591362,0.857436509848428,0.0143256894154414,0.827261333433958
"Fold3.Rep15","weighted","glmBoost",1,1,0.973684210526316,1,0.986842105263158,1,0.692307692307692,0.986666666666667,0.821029274037114,0.0269259439014059,22.4210892507059
"Fold3.Rep15","weighted","Ranger",1,1,0.993421052631579,1,0.996710526315789,1,0.9,0.996699669966997,0.945557479674515,0.00447388819875776,14.2704998244577
"Fold3.Rep15","weighted","XGBoost",1,1,0.986842105263158,1,0.993421052631579,1,0.818181818181818,0.993377483443709,0.898563446809731,0.00534274060417754,10.8654884958361
"Fold4.Rep15","weighted","LASSO",1,1,1,1,1,1,1,1,1,0.000175893217563008,9.12447824643598
"Fold4.Rep15","weighted","glmBoost",1,1,0.993421052631579,1,0.996710526315789,1,0.888888888888889,0.996699669966997,0.939702578304707,0.0320846873588562,33.5254113979321
"Fold4.Rep15","weighted","Ranger",1,1,1,1,1,1,1,1,1,0.0012005,13.7147136851488
"Fold4.Rep15","weighted","XGBoost",1,1,1,1,1,1,1,1,1,9.44232657646841e-05,7.28989051767992
"Fold5.Rep15","weighted","LASSO",0.999177631578947,0.999956859206933,0.986842105263158,1,0.993421052631579,1,0.8,0.993377483443709,0.888523316638638,0.00934112174985631,1.59008538327272
"Fold5.Rep15","weighted","glmBoost",1,1,0.980263157894737,1,0.990131578947368,1,0.727272727272727,0.990033222591362,0.844345107338866,0.0361777016368423,103.690593648134
"Fold5.Rep15","weighted","Ranger",1,1,1,0.875,0.9375,0.993464052287582,1,0.99672131147541,0.932352425723039,0.0032075,24.7234428648926
"Fold5.Rep15","weighted","XGBoost",1,1,1,1,1,1,1,1,1,0.00433189064028454,24.9781453999714
"Fold1.Rep16","weighted","LASSO",1,1,0.993421052631579,1,0.996710526315789,1,0.888888888888889,0.996699669966997,0.939702578304707,0.00391437387007667,26.4409491758548
"Fold1.Rep16","weighted","glmBoost",1,1,0.986842105263158,1,0.993421052631579,1,0.8,0.993377483443709,0.888523316638638,0.0189526365582378,52.2410626165371
"Fold1.Rep16","weighted","Ranger",1,1,1,1,1,1,1,1,1,0.00190145,16.7896471371054
"Fold1.Rep16","weighted","XGBoost",1,1,0.993421052631579,1,0.996710526315789,1,0.888888888888889,0.996699669966997,0.939702578304707,0.0022305348077233,15.4574244613013
"Fold2.Rep16","weighted","LASSO",1,1,0.993421052631579,1,0.996710526315789,1,0.888888888888889,0.996699669966997,0.939702578304707,0.00438733085282571,17.839124016991
"Fold2.Rep16","weighted","glmBoost",1,1,0.986842105263158,1,0.993421052631579,1,0.8,0.993377483443709,0.888523316638638,0.01864685775536,35.8979936481013
"Fold2.Rep16","weighted","Ranger",1,1,1,1,1,1,1,1,1,0.001204825,13.5029049368482
"Fold2.Rep16","weighted","XGBoost",1,1,1,1,1,1,1,1,1,0.00412292946156515,29.6978912744767
"Fold3.Rep16","weighted","LASSO",1,1,0.993421052631579,1,0.996710526315789,1,0.888888888888889,0.996699669966997,0.939702578304707,0.00666820966159752,19.8758682941983
"Fold3.Rep16","weighted","glmBoost",1,1,0.980263157894737,1,0.990131578947368,1,0.727272727272727,0.990033222591362,0.844345107338866,0.0170761223659563,31.6187304086206
"Fold3.Rep16","weighted","Ranger",1,1,0.993421052631579,1,0.996710526315789,1,0.888888888888889,0.996699669966997,0.939702578304707,0.00292915,31.6413546688318
"Fold3.Rep16","weighted","XGBoost",1,1,1,1,1,1,1,1,1,0.00137870064597073,15.8945086219068
"Fold4.Rep16","weighted","LASSO",0.996345029239766,0.999789809273067,0.986842105263158,1,0.993421052631579,1,0.818181818181818,0.993377483443709,0.898563446809731,0.0524900732457666,4.40734141538035
"Fold4.Rep16","weighted","glmBoost",0.99780701754386,0.999872253003179,0.973684210526316,1,0.986842105263158,1,0.692307692307692,0.986666666666667,0.821029274037114,0.0602031407791449,3.87564866990771
"Fold4.Rep16","weighted","Ranger",1,1,1,1,1,1,1,1,1,0.00176173913043478,14.908242852196
"Fold4.Rep16","weighted","XGBoost",0.999269005847953,0.999956859206933,0.986842105263158,1,0.993421052631579,1,0.818181818181818,0.993377483443709,0.898563446809731,0.0104776153707342,1.61567750675646
"Fold5.Rep16","weighted","LASSO",1,1,1,1,1,1,1,1,1,0.00478264912847844,43.6363048657655
"Fold5.Rep16","weighted","glmBoost",1,1,0.967105263157895,1,0.983552631578947,1,0.642857142857143,0.983277591973244,0.78848622455677,0.04201163197618,188.82332127374
"Fold5.Rep16","weighted","Ranger",0.99780701754386,0.999872253003179,1,0.666666666666667,0.833333333333333,0.980645161290323,1,0.990228013029316,0.808556393123086,0.00923401242236025,3.08012456697846
"Fold5.Rep16","weighted","XGBoost",0.993421052631579,0.999606464616834,1,0.777777777777778,0.888888888888889,0.987012987012987,1,0.993464052287582,0.876171654230361,0.0138349592515464,2.63693387695236
"Fold1.Rep17","weighted","LASSO",0.999177631578947,0.999956859206933,0.973684210526316,1,0.986842105263158,1,0.666666666666667,0.986666666666667,0.805681579172283,0.0201574828550014,2.18044102080831
"Fold1.Rep17","weighted","glmBoost",1,1,0.973684210526316,1,0.986842105263158,1,0.666666666666667,0.986666666666667,0.805681579172283,0.0283949797482786,712.305555465511
"Fold1.Rep17","weighted","Ranger",1,1,0.993421052631579,1,0.996710526315789,1,0.888888888888889,0.996699669966997,0.939702578304707,0.00357325,19.483337037249
"Fold1.Rep17","weighted","XGBoost",0.999177631578947,0.999956859206933,0.986842105263158,1,0.993421052631579,1,0.8,0.993377483443709,0.888523316638638,0.00821660443623494,3.93630579160396
"Fold2.Rep17","weighted","LASSO",1,1,1,1,1,1,1,1,1,0.00272111203961435,15.5356668685793
"Fold2.Rep17","weighted","glmBoost",1,1,0.986842105263158,1,0.993421052631579,1,0.818181818181818,0.993377483443709,0.898563446809731,0.0163609027506123,41.4060721873265
"Fold2.Rep17","weighted","Ranger",1,1,1,0.888888888888889,0.944444444444444,0.993464052287582,1,0.99672131147541,0.939722915326088,0.00261274534161491,36.1157515476518
"Fold2.Rep17","weighted","XGBoost",1,1,1,1,1,1,1,1,1,0.00381398490802236,22.5819319599671
"Fold3.Rep17","weighted","LASSO",1,1,0.980263157894737,1,0.990131578947368,1,0.727272727272727,0.990033222591362,0.844345107338866,0.0158296663016766,72.6130817086302
"Fold3.Rep17","weighted","glmBoost",1,1,0.973684210526316,1,0.986842105263158,1,0.666666666666667,0.986666666666667,0.805681579172283,0.0239218021176508,79.9880388619742
"Fold3.Rep17","weighted","Ranger",1,1,0.986842105263158,1,0.993421052631579,1,0.8,0.993377483443709,0.888523316638638,0.00715088802083333,28.2963905650899
"Fold3.Rep17","weighted","XGBoost",1,1,0.986842105263158,1,0.993421052631579,1,0.8,0.993377483443709,0.888523316638638,0.00810260279624047,20.9239995134971
"Fold4.Rep17","weighted","LASSO",1,1,1,1,1,1,1,1,1,0.000292046197084347,9.13890584687684
"Fold4.Rep17","weighted","glmBoost",1,1,0.993421052631579,1,0.996710526315789,1,0.888888888888889,0.996699669966997,0.939702578304707,0.0599275553729228,52.1946426119065
"Fold4.Rep17","weighted","Ranger",1,1,1,0.875,0.9375,0.993464052287582,1,0.99672131147541,0.932352425723039,0.003073075,25.0768533084983
"Fold4.Rep17","weighted","XGBoost",1,1,1,0.875,0.9375,0.993464052287582,1,0.99672131147541,0.932352425723039,0.0031582856363793,33.5438034893252
"Fold5.Rep17","weighted","LASSO",1,1,0.993421052631579,1,0.996710526315789,1,0.9,0.996699669966997,0.945557479674515,0.00393927933557587,36.2733703558518
"Fold5.Rep17","weighted","glmBoost",1,1,0.947368421052632,1,0.973684210526316,1,0.529411764705882,0.972972972972973,0.70820052782817,0.0644332922496439,173.012662565663
"Fold5.Rep17","weighted","Ranger",1,1,1,0.888888888888889,0.944444444444444,0.993464052287582,1,0.99672131147541,0.939722915326088,0.00324700292615597,25.6263006270805
"Fold5.Rep17","weighted","XGBoost",0.999269005847953,0.999956859206933,0.993421052631579,0.888888888888889,0.941154970760234,0.993421052631579,0.888888888888889,0.993421052631579,0.882309941520468,0.00888411132268919,1.85813965226026
"Fold1.Rep18","weighted","LASSO",1,1,1,1,1,1,1,1,1,0.00812371658932766,39.4357305124903
"Fold1.Rep18","weighted","glmBoost",1,1,1,1,1,1,1,1,1,0.0151825469529717,41.4315459982297
"Fold1.Rep18","weighted","Ranger",1,1,1,0.888888888888889,0.944444444444444,0.993464052287582,1,0.99672131147541,0.939722915326088,0.00289580124223603,26.8538340729091
"Fold1.Rep18","weighted","XGBoost",1,1,1,0.888888888888889,0.944444444444444,0.993464052287582,1,0.99672131147541,0.939722915326088,0.00202975123269052,15.4214455031528
"Fold2.Rep18","weighted","LASSO",1,1,0.993421052631579,1,0.996710526315789,1,0.888888888888889,0.996699669966997,0.939702578304707,0.00380703007963663,13.8661654894963
"Fold2.Rep18","weighted","glmBoost",1,1,0.986842105263158,1,0.993421052631579,1,0.8,0.993377483443709,0.888523316638638,0.0313786319782743,106.89610029321
"Fold2.Rep18","weighted","Ranger",1,1,1,1,1,1,1,1,1,0.0015785955625,17.0084275255068
"Fold2.Rep18","weighted","XGBoost",1,1,0.993421052631579,1,0.996710526315789,1,0.888888888888889,0.996699669966997,0.939702578304707,0.006049025525913,68.9424368372332
"Fold3.Rep18","weighted","LASSO",0.999177631578947,0.999956859206933,0.980263157894737,1,0.990131578947368,1,0.727272727272727,0.990033222591362,0.844345107338866,0.00899142152597796,1.55076051489258
"Fold3.Rep18","weighted","glmBoost",1,1,0.980263157894737,1,0.990131578947368,1,0.727272727272727,0.990033222591362,0.844345107338866,0.0382770341173959,84.0582007250599
"Fold3.Rep18","weighted","Ranger",1,1,1,1,1,1,1,1,1,0.0016344,20.0038700597468
"Fold3.Rep18","weighted","XGBoost",1,1,1,1,1,1,1,1,1,0.000257491411947505,10.5524158615095
"Fold4.Rep18","weighted","LASSO",1,1,1,1,1,1,1,1,1,0.000886073663109033,8.6904952461212
"Fold4.Rep18","weighted","glmBoost",1,1,0.986842105263158,1,0.993421052631579,1,0.8,0.993377483443709,0.888523316638638,0.0232354626550569,26.8905115420017
"Fold4.Rep18","weighted","Ranger",1,1,1,1,1,1,1,1,1,0.000744975,13.1856640791083
"Fold4.Rep18","weighted","XGBoost",1,1,1,1,1,1,1,1,1,0.00019711058723815,9.05805039873399
"Fold5.Rep18","weighted","LASSO",1,1,0.980263157894737,1,0.990131578947368,1,0.75,0.990033222591362,0.857436509848428,0.016499456582814,619.780123025521
"Fold5.Rep18","weighted","glmBoost",1,1,0.940789473684211,1,0.970394736842105,1,0.5,0.969491525423729,0.685853291048534,0.0835191556234738,979.541282831044
"Fold5.Rep18","weighted","Ranger",1,1,1,0.888888888888889,0.944444444444444,0.993464052287582,1,0.99672131147541,0.939722915326088,0.00775102310559006,167.620933694145
"Fold5.Rep18","weighted","XGBoost",0.988304093567251,0.999298079201246,0.993421052631579,0.777777777777778,0.885599415204678,0.986928104575163,0.875,0.99016393442623,0.815302364859394,0.0187514408133765,1.38743139623828
"Fold1.Rep19","weighted","LASSO",1,1,0.986842105263158,1,0.993421052631579,1,0.8,0.993377483443709,0.888523316638638,0.00525359618986564,18.7096568988524
"Fold1.Rep19","weighted","glmBoost",1,1,0.980263157894737,1,0.990131578947368,1,0.727272727272727,0.990033222591362,0.844345107338866,0.0198147118201805,33.1203559759622
"Fold1.Rep19","weighted","Ranger",1,1,0.993421052631579,1,0.996710526315789,1,0.888888888888889,0.996699669966997,0.939702578304707,0.0028286,22.309989760489
"Fold1.Rep19","weighted","XGBoost",1,1,0.993421052631579,1,0.996710526315789,1,0.888888888888889,0.996699669966997,0.939702578304707,0.00689073900871505,77.4412663371125
"Fold2.Rep19","weighted","LASSO",0.995888157894737,0.999789809273067,0.986842105263158,1,0.993421052631579,1,0.8,0.993377483443709,0.888523316638638,0.0624819627498047,4.15943408139216
"Fold2.Rep19","weighted","glmBoost",0.997532894736842,0.999872253003179,0.967105263157895,1,0.983552631578947,1,0.615384615384615,0.983277591973244,0.771454276289177,0.0772155017407968,4.04346936430405
"Fold2.Rep19","weighted","Ranger",0.996710526315789,0.999827998926745,1,0.625,0.8125,0.980645161290323,1,0.990228013029316,0.782881361258813,0.0102066,3.33022254183933
"Fold2.Rep19","weighted","XGBoost",0.986019736842105,0.999249432983707,0.986842105263158,0.75,0.868421052631579,0.986842105263158,0.75,0.986842105263158,0.736842105263158,0.0172945945495764,1.39901864513083
"Fold3.Rep19","weighted","LASSO",1,1,1,1,1,1,1,1,1,0.00235762655235549,18.9520632756727
"Fold3.Rep19","weighted","glmBoost",1,1,0.967105263157895,1,0.983552631578947,1,0.615384615384615,0.983277591973244,0.771454276289177,0.0650895223248012,68.0899374421923
"Fold3.Rep19","weighted","Ranger",1,1,1,1,1,1,1,1,1,0.001262806,19.3866758197116
"Fold3.Rep19","weighted","XGBoost",1,1,1,1,1,1,1,1,1,8.09806739144146e-05,6.76394342533267
"Fold4.Rep19","weighted","LASSO",1,1,1,1,1,1,1,1,1,0.00624552511702949,20.9751813957135
"Fold4.Rep19","weighted","glmBoost",1,1,0.993421052631579,1,0.996710526315789,1,0.9,0.996699669966997,0.945557479674515,0.0289434801625797,32.5568135228956
"Fold4.Rep19","weighted","Ranger",1,1,1,1,1,1,1,1,1,0.00164269659075224,15.2968684937896
"Fold4.Rep19","weighted","XGBoost",1,1,1,1,1,1,1,1,1,0.00157273332498642,12.650596432652
"Fold5.Rep19","weighted","LASSO",1,1,0.993421052631579,1,0.996710526315789,1,0.9,0.996699669966997,0.945557479674515,0.00270949181981146,12.1502835801663
"Fold5.Rep19","weighted","glmBoost",1,1,0.980263157894737,1,0.990131578947368,1,0.75,0.990033222591362,0.857436509848428,0.0636176011130469,85.0175137549689
"Fold5.Rep19","weighted","Ranger",1,1,1,1,1,1,1,1,1,0.00225063354037267,17.4794864598561
"Fold5.Rep19","weighted","XGBoost",1,1,1,1,1,1,1,1,1,0.00305338359775053,12.8964951349184
"Fold1.Rep20","weighted","LASSO",1,1,1,1,1,1,1,1,1,0.000409682525785635,12.2690476805415
"Fold1.Rep20","weighted","glmBoost",1,1,0.973684210526316,1,0.986842105263158,1,0.666666666666667,0.986666666666667,0.805681579172283,0.0645386829092245,396.726163071735
"Fold1.Rep20","weighted","Ranger",1,1,1,1,1,1,1,1,1,0.0021616,23.9580959242395
"Fold1.Rep20","weighted","XGBoost",1,1,1,1,1,1,1,1,1,0.00107930817716327,18.1181808280853
"Fold2.Rep20","weighted","LASSO",0.999177631578947,0.999956859206933,0.993421052631579,1,0.996710526315789,1,0.888888888888889,0.996699669966997,0.939702578304707,0.00607046142562337,3.36281249457132
"Fold2.Rep20","weighted","glmBoost",0.999177631578947,0.999956859206933,0.973684210526316,1,0.986842105263158,1,0.666666666666667,0.986666666666667,0.805681579172283,0.0353566446487584,4.14561566802683
"Fold2.Rep20","weighted","Ranger",0.999177631578947,0.999956859206933,0.993421052631579,0.875,0.934210526315789,0.993421052631579,0.875,0.993421052631579,0.868421052631579,0.005056025,1.85120653193104
"Fold2.Rep20","weighted","XGBoost",0.999177631578947,0.999956859206933,0.993421052631579,0.875,0.934210526315789,0.993421052631579,0.875,0.993421052631579,0.868421052631579,0.00364369217864247,1.918378319792
"Fold3.Rep20","weighted","LASSO",1,1,0.980263157894737,1,0.990131578947368,1,0.727272727272727,0.990033222591362,0.844345107338866,0.01554279657295,47.7234937334233
"Fold3.Rep20","weighted","glmBoost",1,1,0.953947368421053,1,0.976973684210526,1,0.533333333333333,0.976430976430976,0.713282503517759,0.0709469596662405,98.941060113484
"Fold3.Rep20","weighted","Ranger",1,1,0.993421052631579,1,0.996710526315789,1,0.888888888888889,0.996699669966997,0.939702578304707,0.003486875,13.6558466002454
"Fold3.Rep20","weighted","XGBoost",1,1,0.993421052631579,1,0.996710526315789,1,0.888888888888889,0.996699669966997,0.939702578304707,0.00693552252898526,60.1277785336636
"Fold4.Rep20","weighted","LASSO",1,1,1,1,1,1,1,1,1,0.00923428590074657,21.9852410856331
"Fold4.Rep20","weighted","glmBoost",1,1,0.967105263157895,1,0.983552631578947,1,0.642857142857143,0.983277591973244,0.78848622455677,0.0697929184571985,38.5723283220503
"Fold4.Rep20","weighted","Ranger",1,1,1,1,1,1,1,1,1,0.00275789136645963,24.5006609288044
"Fold4.Rep20","weighted","XGBoost",1,1,1,1,1,1,1,1,1,0.0013557674779908,18.0538616716322
"Fold5.Rep20","weighted","LASSO",1,1,0.993421052631579,1,0.996710526315789,1,0.9,0.996699669966997,0.945557479674515,0.0122700408867497,481.823034455903
"Fold5.Rep20","weighted","glmBoost",1,1,0.934210526315789,1,0.967105263157895,1,0.473684210526316,0.965986394557823,0.665222350513923,0.0696359507154887,509.559918733958
"Fold5.Rep20","weighted","Ranger",0.999269005847953,0.999956859206933,1,0.888888888888889,0.944444444444444,0.993464052287582,1,0.99672131147541,0.939722915326088,0.00453925465838509,2.84745876662577
"Fold5.Rep20","weighted","XGBoost",0.99780701754386,0.999869719557262,0.993421052631579,0.888888888888889,0.941154970760234,0.993421052631579,0.888888888888889,0.993421052631579,0.882309941520468,0.0107451944939468,0.959499983177855
