"sample_id","group","PC1","PC2","sample_connectivity","connectivity_z","excluded"
"GSM1602801","Sepsis",-2.2815818249369,12.9609781979543,772.556046152818,0.822670515246831,FALSE
"GSM1602802","Sepsis",-23.6448911240056,13.1707017257826,769.408362961112,0.468931217339222,FALSE
"GSM1602803","Sepsis",-21.5780972420636,8.97578207230945,768.881290986562,0.409698423290767,FALSE
"GSM1602804","Sepsis",5.04363271769334,34.3639663987348,765.902319223716,0.0749190583747959,FALSE
"GSM1602805","Sepsis",-29.784997484414,15.6865640965824,765.319660754477,0.00943940706432288,FALSE
"GSM1602806","Sepsis",-22.0318490406006,14.9631254741771,765.0337299217,-0.0226937416283185,FALSE
"GSM1602807","Normal",22.4246733225224,33.1474156820617,759.831124993767,-0.607366881335516,FALSE
"GSM1602808","Sepsis",9.42630287446487,21.6093984183342,766.385213106086,0.129187081079085,FALSE
"GSM1602809","Normal",10.6154404249667,53.737799468631,746.904807247871,-2.06003739659355,FALSE
"GSM1602810","Sepsis",-0.29415095320234,29.1586748173416,765.427092724085,0.0215127026241014,FALSE
"GSM1602811","Sepsis",-35.5441079942419,-10.839935299717,756.81754737324,-0.946035281790924,FALSE
"GSM1602812","Sepsis",-12.4517524090776,-5.42754157978248,773.095319977624,0.883274563541696,FALSE
"GSM1602813","Sepsis",20.7941359213147,-24.8865512854475,749.20501652915,-1.80153793313284,FALSE
"GSM1602814","Sepsis",-3.32616557222484,7.78558812816476,771.913998607651,0.750516669380424,FALSE
"GSM1602815","Sepsis",-23.5603910562348,6.46295036729893,765.323793769196,0.00990387875226643,FALSE
"GSM1602816","Sepsis",17.9364715476339,-4.19144106451432,770.18746927919,0.556487843964996,FALSE
"GSM1602817","Sepsis",9.67794755835199,-4.11415926216022,763.352493234932,-0.211632541683318,FALSE
"GSM1602818","Sepsis",18.2401807518934,-32.8671539420295,754.08520598021,-1.25309811726347,FALSE
"GSM1602819","Sepsis",-24.9829224796705,-16.072028789352,767.946294267582,0.304622701633158,FALSE
"GSM1602820","Sepsis",14.2569832668545,-4.87057785135213,774.048411039881,0.990383742792382,FALSE
"GSM1602821","Sepsis",-19.4469578795069,-17.6505234243661,766.486743682128,0.140597173041358,FALSE
"GSM1602822","Sepsis",8.12127520068076,29.171085175824,757.061313370566,-0.91864065294924,FALSE
"GSM1602823","Sepsis",21.0832343866443,-27.3425347611027,756.358094450587,-0.99766898962697,FALSE
"GSM1602824","Sepsis",10.2040730937718,1.63728506177516,757.479667173759,-0.871625698900423,FALSE
"GSM1602825","Sepsis",-8.50809867704766,16.3379531641406,769.862384573339,0.519954549918352,FALSE
"GSM1602826","Sepsis",-10.5228520574426,-19.6219319750231,763.802360962298,-0.161076026196225,FALSE
"GSM1602827","Sepsis",2.41119842823968,3.23170734223991,771.254195440012,0.676367431651319,FALSE
"GSM1602828","Sepsis",19.9650172593109,10.7468836859393,757.734525766825,-0.842984474772545,FALSE
"GSM1602829","Sepsis",-40.2877294102031,1.61611382693071,764.218764326095,-0.114280264175447,FALSE
"GSM1602830","Sepsis",-29.7308917101483,7.36399840673109,768.714617706101,0.390967539138989,FALSE
"GSM1602831","Sepsis",-30.554793453495,-2.65344852658257,770.373589300766,0.577404169322078,FALSE
"GSM1602832","Sepsis",5.143981137349,16.1367052710701,771.132148593494,0.662651703869977,FALSE
"GSM1602833","Sepsis",41.8557038328848,-28.8421455955315,737.15317586966,-3.15593397420098,FALSE
"GSM1602834","Sepsis",2.26474084031751,-27.5818603358068,767.188226547261,0.219430410407896,FALSE
"GSM1602835","Sepsis",5.78732549287909,17.6215867807931,766.963053277107,0.194125247962717,FALSE
"GSM1602836","Sepsis",-15.6879730027559,30.2155941587215,765.361315919993,0.0141206497772987,FALSE
"GSM1602837","Sepsis",-23.8508354151125,8.4554038374815,772.346002624991,0.7990656460341,FALSE
"GSM1602838","Sepsis",-0.327199077112468,10.5835295244018,771.225036207877,0.6730904924948,FALSE
"GSM1602839","Sepsis",-24.7652365308661,-7.57410581986783,767.171998499145,0.217606688642553,FALSE
"GSM1602840","Sepsis",-26.1652696616318,11.1118715873467,761.334381658418,-0.438429626617455,FALSE
"GSM1602841","Sepsis",-14.4729980179242,10.7035572306399,773.438341940067,0.921823661647029,FALSE
"GSM1602842","Sepsis",-35.1738951822172,12.096318425782,764.177096654144,-0.118962912372075,FALSE
"GSM1602843","Sepsis",13.0543619956664,0.986166760354006,765.147198731813,-0.00994202082957176,FALSE
"GSM1602844","Sepsis",-48.1404113370663,-16.4329132068178,753.75915107513,-1.28974044311963,FALSE
"GSM1602845","Sepsis",2.50455348230714,-28.4598459484354,765.218368029611,-0.00194395498165997,FALSE
"GSM1602846","Sepsis",8.85533456896422,24.7146946150959,765.99449870381,0.0852782662696572,FALSE
"GSM1602847","Sepsis",6.33772134554787,1.4000772070217,773.183640624937,0.893200112546622,FALSE
"GSM1602848","Sepsis",4.79060136958331,-6.15661370854351,769.61345905885,0.491980090176463,FALSE
"GSM1602849","Sepsis",-7.84630334276202,14.3142533619153,768.896175813798,0.411371192758088,FALSE
"GSM1602850","Sepsis",-15.9126795977015,-5.951291184301,772.347792679015,0.799266813818475,FALSE
"GSM1602851","Sepsis",26.8445777149142,-10.7672300848101,751.708232960589,-1.52022435452952,FALSE
"GSM1602852","Sepsis",10.8888842451325,-2.04245903466566,759.384143194769,-0.657599073752909,FALSE
"GSM1602853","Sepsis",-3.35958257247484,-1.53245975530116,775.900063058692,1.19847396191911,FALSE
"GSM1602854","Sepsis",-6.63197034869628,2.44836036676866,758.048278905636,-0.807724631808753,FALSE
"GSM1602855","Sepsis",-39.111555952303,-1.14917515323951,751.373706653387,-1.55781870371724,FALSE
"GSM1602856","Sepsis",25.6577834149858,-10.0451265504706,762.321953677821,-0.32744544825507,FALSE
"GSM1602857","Sepsis",32.2879535455045,-22.2543714162029,749.673376177977,-1.74890327988025,FALSE
"GSM1602858","Sepsis",-14.6262719742856,-26.3261654493552,768.597365165525,0.377790599512287,FALSE
"GSM1602859","Sepsis",-13.3995135139918,2.03216118822708,766.810626135293,0.176995356914805,FALSE
"GSM1602860","Sepsis",8.5385727967429,-11.5290613486916,771.94006484884,0.753446015599788,FALSE
"GSM1602861","Sepsis",-26.3063848120883,-7.60305431795087,769.271714928965,0.453574595974135,FALSE
"GSM1602862","Normal",22.7946064238323,48.301388752884,749.249047327936,-1.79658971474482,FALSE
"GSM1602863","Sepsis",-18.1076353163794,2.72148456096157,773.318353615233,0.908339272272664,FALSE
"GSM1602864","Normal",14.5339661629414,56.2618481441718,742.051013446723,-2.60551084701287,FALSE
"GSM1602865","Sepsis",-26.9234015151141,2.47412220321458,766.569757869541,0.149926377597026,FALSE
"GSM1602866","Sepsis",-19.6991911050776,17.1432702846651,759.890721769736,-0.600669345273251,FALSE
"GSM1602867","Sepsis",-8.6000305015185,-0.68979237360051,767.483415907483,0.252604040241375,FALSE
"GSM1602868","Sepsis",-19.8698076377473,-0.0200273536119321,760.156160955992,-0.570839065138733,FALSE
"GSM1602869","Sepsis",-5.54701846043365,-34.742119287658,762.806838165483,-0.272953719645339,FALSE
"GSM1602870","Normal",26.3606491121002,49.1653474718839,748.908511573689,-1.83485941067144,FALSE
"GSM1602871","Normal",23.1652444927243,42.0128227089387,760.118952223961,-0.575020613897972,FALSE
"GSM1602872","Normal",23.4634148320222,38.3344776513066,761.733202009052,-0.393609858479401,FALSE
"GSM1602873","Sepsis",-10.0179278091098,-17.5926532018156,771.34852032384,0.686967741831358,FALSE
"GSM1602874","Normal",25.092618679828,40.8695513914082,758.224492356282,-0.787921615267065,FALSE
"GSM1602875","Normal",9.67263437729511,52.9571941619302,749.675127954307,-1.74870641377553,FALSE
"GSM1602876","Normal",19.5663118107904,44.5770090530146,757.166540261384,-0.906815166007971,FALSE
"GSM1602877","Sepsis",4.28310939143447,23.4502895196061,756.841520194494,-0.943341195873484,FALSE
"GSM1602878","Sepsis",11.4458127457854,-14.9408733286289,763.836926538609,-0.157191517511166,FALSE
"GSM1602879","Sepsis",25.7268061484704,-30.368516983979,751.293043269833,-1.56688372294808,FALSE
"GSM1602880","Sepsis",26.0309739847009,-4.83826511099889,756.785230167097,-0.949667116735844,FALSE
"GSM1602881","Sepsis",-6.65338896229971,8.28983718524201,773.246821036307,0.90030038058451,FALSE
"GSM1602882","Sepsis",-7.45178918110371,1.84302123048759,775.301729569032,1.13123273856318,FALSE
"GSM1602883","Sepsis",-45.1792438182987,-12.4018518223548,752.082750835502,-1.47813571915646,FALSE
"GSM1602884","Normal",18.3345101878615,51.8838864838334,750.506977305219,-1.65522248053471,FALSE
"GSM1602885","Sepsis",-31.0911364635759,-17.7673278530503,766.409184979759,0.131881060506605,FALSE
"GSM1602886","Sepsis",11.7081998146533,-7.62663475075293,769.029995217021,0.426409930413576,FALSE
"GSM1602887","Sepsis",27.2786859077994,-9.35918933783502,758.572880345803,-0.748769478502665,FALSE
"GSM1602888","Sepsis",-3.86603373200824,17.8814190725242,773.311777616349,0.907600255959176,FALSE
"GSM1602889","Sepsis",-24.21364532174,-4.9361800226669,768.072985657699,0.318860387150259,FALSE
"GSM1602890","Sepsis",-33.7822676505521,-2.88710970607779,765.328773892098,0.0104635491737521,FALSE
"GSM1602891","Normal",25.6310735546532,30.0353607974876,764.14024567405,-0.123104256666239,FALSE
"GSM1602892","Normal",28.1535694718226,32.3987191852417,761.966652305725,-0.367374516797235,FALSE
"GSM1602893","Normal",19.9487458627174,30.5735221077948,767.121451103532,0.211926129594468,FALSE
"GSM1602894","Normal",25.4585560232654,47.1747465259697,752.973590089669,-1.37802245072213,FALSE
"GSM1602895","Normal",14.0765553781688,45.8093451491992,756.494066923476,-0.982388288182386,FALSE
"GSM1602896","Normal",21.0151436337171,53.8218721117115,746.10073926642,-2.15039923605002,FALSE
"GSM1602897","Normal",26.6173640714758,48.730886165508,749.253413565638,-1.79609903326093,FALSE
"GSM1602898","Normal",27.5367292821585,31.4983349022417,763.023918111446,-0.248558091814231,FALSE
"GSM1602899","Normal",13.7828997022002,42.4946762708571,761.142977681366,-0.459939767357654,FALSE
"GSM1602900","Normal",17.2905820533488,48.0672013604403,755.640450407,-1.07831843388965,FALSE
"GSM1602901","Normal",24.140951971004,42.2119451242384,755.192381318901,-1.1286728167754,FALSE
"GSM1602902","Sepsis",-36.8990646826682,-13.7466112809804,763.780527846374,-0.163529650219925,FALSE
"GSM1602903","Sepsis",28.8437639787738,-29.6587184030917,743.227946100461,-2.47324616049208,FALSE
"GSM1602904","Sepsis",7.48587589568772,12.7660885297107,770.636117435557,0.606907303032226,FALSE
"GSM1602905","Sepsis",-2.71513980367966,33.1401114590243,768.445476960209,0.36072127460354,FALSE
"GSM1602906","Sepsis",-15.6681055079196,17.0271254779588,767.062796492624,0.205334474838275,FALSE
"GSM1602907","Sepsis",13.9506455949567,5.74296364179961,760.901508411722,-0.48707628800098,FALSE
"GSM1602908","Sepsis",2.46078547740892,-16.9111081114375,758.721460225056,-0.732071946073576,FALSE
"GSM1602909","Normal",36.1811676493491,41.3164840260416,749.201361315274,-1.80194870915812,FALSE
"GSM1602910","Normal",41.7566907240709,27.2916871526853,755.803407808674,-1.06000514333705,FALSE
"GSM1602911","Normal",23.2141866555635,36.2594721743856,761.684332147871,-0.399101894789988,FALSE
"GSM1602912","Sepsis",22.9532700272389,-14.0746114895386,763.998388865212,-0.139046244758921,FALSE
"GSM1602913","Normal",26.8328496487662,47.6183551243712,751.157392091732,-1.58212831701276,FALSE
"GSM1602914","Normal",35.7663296228719,36.0495308114497,752.423542870207,-1.43983722221537,FALSE
"GSM1602915","Normal",35.0258248334665,36.6979123199059,755.298048996049,-1.11679779389365,FALSE
"GSM1602916","Normal",33.3653197444441,33.4925782077365,757.553984336122,-0.863273873371694,FALSE
"GSM1602917","Normal",15.8506171470123,27.6384136177152,767.698451491641,0.276769920964538,FALSE
"GSM1602918","Sepsis",25.1270095245854,21.268235346717,767.400323665381,0.243266063833766,FALSE
"GSM1602919","Sepsis",-28.6410526638777,22.8615619790118,760.803255401535,-0.498118044341749,FALSE
"GSM1602920","Normal",12.4803154035785,45.7542158229061,757.573942258924,-0.861030985136175,FALSE
"GSM1602921","Sepsis",3.26036494107402,7.48704574771901,771.960453590664,0.75573731964109,FALSE
"GSM1602922","Sepsis",-33.1274341479861,2.87753275688429,761.903496246704,-0.374472048097609,FALSE
"GSM1602923","Sepsis",-3.23006549235411,-13.6024418075693,742.396222425198,-2.5667159701972,FALSE
"GSM1602924","Sepsis",-40.0223555743465,0.995414543207946,758.481164437398,-0.759076589819309,FALSE
"GSM1602925","Sepsis",-23.0847837214628,-5.35102267970398,767.092298261325,0.208649908543483,FALSE
"GSM1602926","Sepsis",32.4140871484863,9.9955419269857,754.423008142118,-1.21513562475475,FALSE
"GSM1602927","Sepsis",-37.8219619891532,-11.519936263134,756.783701681795,-0.949838889206173,FALSE
"GSM1602928","Sepsis",-39.8997354704986,-1.22226419267186,762.330004947771,-0.326540639732052,FALSE
"GSM1602929","Sepsis",-6.59740294410753,-25.2345806188036,767.546541317393,0.259698127168674,FALSE
"GSM1602930","Sepsis",8.04924785667491,7.88123209816966,770.82279999391,0.627886846747862,FALSE
"GSM1602931","Sepsis",11.3129763660913,7.37963865797591,768.449510250931,0.361174539224352,FALSE
"GSM1602932","Sepsis",-47.2537834320775,-6.88639697504413,756.846927091788,-0.942733564185004,FALSE
"GSM1602933","Sepsis",4.43577934536476,-16.4795017585876,768.701137054986,0.389452572171098,FALSE
"GSM1602934","Sepsis",-18.1178781422495,-14.2323903373817,765.360089148041,0.013982784108332,FALSE
"GSM1602935","Sepsis",25.9757465207081,-24.5520582404543,754.541552173997,-1.20181354624364,FALSE
"GSM1602936","Sepsis",-15.7808436182274,-3.48422916089604,770.30464810788,0.569656499787628,FALSE
"GSM1602937","Sepsis",26.9298973244058,-7.09590547360792,763.446896792972,-0.201023390028742,FALSE
"GSM1602938","Sepsis",-10.0032943921001,1.30232523395759,772.267157609394,0.790204976531442,FALSE
"GSM1602939","Sepsis",22.2042909477369,-5.92213850963433,766.016971680045,0.087803798335951,FALSE
"GSM1602940","Sepsis",-10.8348632100719,-19.3914863465553,766.310629543988,0.120805317322995,FALSE
"GSM1602941","Sepsis",3.08211497678379,35.896837186257,764.50651224093,-0.0819429102649463,FALSE
"GSM1602942","Sepsis",-27.5463859832987,-6.14427189585598,767.133128203238,0.213238411930333,FALSE
"GSM1602943","Sepsis",-9.69126010417112,23.4938040405927,768.900813948987,0.411892430311334,FALSE
"GSM1602944","Sepsis",33.88378495125,-12.4450922705803,758.930560395585,-0.708573092151396,FALSE
"GSM1602945","Sepsis",12.9305887992424,-0.984269458596039,770.572771978429,0.599788487012502,FALSE
"GSM1602946","Sepsis",-18.2768962011327,-3.24299629050606,765.864463257116,0.070664772847632,FALSE
"GSM1602947","Sepsis",-18.748361319814,5.65972446878247,764.458830055243,-0.0873014745995609,FALSE
"GSM1602948","Normal",10.4840316613682,57.114302755384,741.531436892438,-2.66390129939592,FALSE
"GSM1602949","Sepsis",-24.0465640180407,29.7041552926715,765.547631280448,0.0350589274828108,FALSE
"GSM1602950","Sepsis",3.02098584675131,18.0739638921772,768.599774969075,0.378061415272283,FALSE
"GSM1602951","Sepsis",-33.6607180558401,8.3452616781897,765.788766458342,0.0621579026127519,FALSE
"GSM1602952","Sepsis",-10.1116019983017,23.3504899096807,771.06234102671,0.654806670504548,FALSE
"GSM1602953","Sepsis",37.2699009474315,-19.8529216238161,747.694108915599,-1.97133500795574,FALSE
"GSM1602954","Normal",15.6061803081941,44.3773050998997,757.640404338584,-0.853561920441796,FALSE
"GSM1602955","Sepsis",14.8857680044397,-3.26562958696803,766.478460705722,0.139666325150932,FALSE
"GSM1602956","Normal",23.1637622559611,42.8085324099105,754.365880141302,-1.22155571777826,FALSE
"GSM1602957","Normal",28.1396376993168,35.6521045268162,760.387898329816,-0.544796223174348,FALSE
"GSM1602958","Sepsis",-11.6967492016218,2.03342869178756,764.85657382833,-0.0426026931562478,FALSE
"GSM1602959","Sepsis",10.4996815646177,17.1295846126542,772.746815782863,0.844109367534164,FALSE
"GSM1602960","Normal",13.9341351955733,48.4783943616465,753.364781285453,-1.33406005345517,FALSE
"GSM1602961","Normal",15.2726376140982,44.6156286265835,756.777537931784,-0.950531576642844,FALSE
"GSM1602962","Normal",25.3468209512139,45.3784566381707,752.219629943849,-1.4627531292528,FALSE
"GSM1602963","Normal",16.6152580400102,54.789300702923,746.156431547462,-2.14414049042827,FALSE
"GSM1602964","Normal",12.5220595934331,39.8403113871129,762.093882733204,-0.353076253805724,FALSE
"GSM1602965","Sepsis",-19.7078183711433,45.414253406577,752.011481085389,-1.48614507392051,FALSE
"GSM1602966","Normal",0.93387182667117,45.0650412497193,756.512671185031,-0.980297525542115,FALSE
"GSM1602967","Sepsis",7.02036066090364,20.2340024184781,763.428542428992,-0.203086068968311,FALSE
"GSM1602968","Sepsis",8.27199835843328,15.3985439905845,752.550773537411,-1.42553893228343,FALSE
"GSM1602969","Normal",19.0097955023168,49.1895704543532,747.399605548705,-2.00443154527913,FALSE
"GSM1602970","Sepsis",-11.303182899727,2.40814797492284,765.890973204202,0.0736439831106561,FALSE
"GSM1602971","Sepsis",-7.08324782418358,12.9560391787407,770.084791570468,0.54494883626243,FALSE
"GSM1602972","Sepsis",27.497734220215,-20.6826730509437,763.2070054218,-0.227982585107871,FALSE
"GSM1602973","Sepsis",60.1336317368139,-4.28519943054594,718.49621352795,-5.25261917340919,FALSE
"GSM1602974","Sepsis",32.9028072070611,-41.4557321382306,741.319713928044,-2.68769490510981,FALSE
"GSM1602975","Sepsis",-17.4662179283449,5.82526643934591,770.307118472408,0.569934121441513,FALSE
"GSM1602976","Sepsis",-19.2068215461211,-16.3574482273952,769.179756661097,0.443240248096285,FALSE
"GSM1691861","Sepsis",-20.0747053556229,-23.0607154996341,766.935364621792,0.191013573472477,FALSE
"GSM1691862","Sepsis",-10.3631008840933,0.236203487323441,774.030900512247,0.988415894894709,FALSE
"GSM1691863","Sepsis",-7.85500996953242,-17.5793545321136,768.637322714089,0.382281062597037,FALSE
"GSM1691864","Sepsis",5.31120305918943,-1.44514136308337,774.666649465479,1.05986189967519,FALSE
"GSM1691865","Sepsis",-15.1170150629323,-16.070621080032,768.778512881221,0.398148132931364,FALSE
"GSM1691866","Sepsis",10.4300791701547,-17.55617043014,771.240185373622,0.674792968547259,FALSE
"GSM1691867","Sepsis",11.134123118691,-9.40295438535151,769.320168237265,0.45901981971978,FALSE
"GSM1691868","Sepsis",25.3285340540814,-2.36327493181254,766.959056018069,0.19367603261306,FALSE
"GSM1691869","Sepsis",22.7730550664028,-14.1437240356372,763.057194536133,-0.244818459078414,FALSE
"GSM1691870","Sepsis",-1.95716835571699,9.99002766807574,773.140372066604,0.888337555385048,FALSE
"GSM1691871","Sepsis",-12.4346315382531,-29.8108361257397,761.804666919529,-0.385578571428683,FALSE
"GSM1691873","Sepsis",16.1194377119915,8.13936567149017,770.811833450159,0.626654417290736,FALSE
"GSM1691874","Sepsis",-15.0861142937723,-3.12073572407576,753.540707808164,-1.31428928211731,FALSE
"GSM1691875","Sepsis",-25.1933521480056,17.9475483528809,764.791458536336,-0.0499204047142615,FALSE
"GSM1691876","Sepsis",4.09425794525224,0.0303212494834416,776.212819001734,1.23362173917941,FALSE
"GSM1691877","Sepsis",-15.3707242426321,-14.763774726085,770.349916780978,0.574743831537283,FALSE
"GSM1691878","Sepsis",-3.85550242297381,7.42555811318703,766.429149050845,0.1341246396914,FALSE
"GSM1691879","Sepsis",-2.56890671661002,23.5554691677782,770.879660934083,0.634276927270606,FALSE
"GSM1691880","Sepsis",2.76384347738595,-9.55477242978706,771.030497130345,0.65122802651251,FALSE
"GSM1691881","Sepsis",-7.01609085470601,10.3935585835638,776.237689466961,1.2364167030853,FALSE
"GSM1691882","Sepsis",-47.0601992260304,-6.72968211330244,752.759478036338,-1.40208454427032,FALSE
"GSM1691883","Sepsis",9.27815280555606,12.0099393729897,764.235718463128,-0.112374943923845,FALSE
"GSM1691884","Sepsis",-10.628475591588,13.4152570959819,772.469468373922,0.812940831267973,FALSE
"GSM1691885","Sepsis",-18.5813956611758,13.3428731107182,772.228497249559,0.785860292612508,FALSE
"GSM1691886","Sepsis",-23.2875856745568,9.31073711548594,753.827500115595,-1.28205932017479,FALSE
"GSM1691887","Sepsis",4.41891749423322,-14.9795944849455,769.449015771396,0.473499814523894,FALSE
"GSM1691888","Sepsis",-14.9678884705755,-0.279682800374751,768.112354251261,0.323284662974108,FALSE
"GSM1691889","Sepsis",9.35674524498193,-16.5125639070733,769.470825108628,0.475950766278058,FALSE
"GSM1691890","Sepsis",-19.7137051519798,19.791136037456,765.868617194824,0.0711315958786697,FALSE
"GSM1691891","Sepsis",-3.14406407988198,-11.4133598879055,770.00301038532,0.535758197543587,FALSE
"GSM1691892","Sepsis",-24.584802732602,13.0141416721837,767.93775352261,0.303662885493497,FALSE
"GSM1691893","Sepsis",59.7784988266879,-35.8690282840547,713.297411628867,-5.83686492551928,FALSE
"GSM1691894","Sepsis",3.23374783392068,-5.04352484960763,765.944813279677,0.0796945763050969,FALSE
"GSM1691895","Sepsis",9.57610799661569,-7.77803031132864,770.288013875738,0.567787130718121,FALSE
"GSM1691896","Sepsis",12.8289374544664,-18.7392803396716,768.745916050237,0.394484873510358,FALSE
"GSM1691897","Sepsis",19.0566729546102,-9.34117325385668,767.171217831575,0.217518956561131,FALSE
"GSM1691898","Sepsis",-8.23099383154946,-13.6803327106806,770.537015182956,0.595770108111044,FALSE
"GSM1691899","Sepsis",33.1733610094145,5.92028902691862,763.842468684865,-0.156568686429967,FALSE
"GSM1691900","Sepsis",19.8675399685632,-3.78065103845275,764.657646009204,-0.0649583696287925,FALSE
"GSM1691901","Sepsis",-23.389671959906,-0.124132641545413,770.92715890531,0.639614789428449,FALSE
"GSM1691902","Sepsis",18.9219649613109,17.3852385530954,768.319934187199,0.346612671647919,FALSE
"GSM1691903","Sepsis",35.0118665922521,-16.6761850638559,755.659090696001,-1.07622362245452,FALSE
"GSM1691904","Sepsis",-5.30807874560953,7.02321855996359,772.093744794511,0.770716697804234,FALSE
"GSM1691905","Sepsis",9.25265005949915,16.1834507649529,768.306642852865,0.345118980259881,FALSE
"GSM1691906","Sepsis",1.74882496192788,25.0410853947558,769.534763805295,0.483136251058599,FALSE
"GSM1691907","Sepsis",-4.12497019126019,42.4726147915895,753.541622360963,-1.31418650390073,FALSE
"GSM1691908","Sepsis",2.40208004059613,-10.9066775267613,766.954856081151,0.19320404015192,FALSE
"GSM1691909","Sepsis",-11.5451727547574,8.72864396972319,765.589580892659,0.0397732603642708,FALSE
"GSM1691910","Sepsis",2.62179991106842,6.48624743616417,773.216378148429,0.89687918311052,FALSE
"GSM1691911","Sepsis",-2.43937504582272,1.7352134335151,768.509561309637,0.367923127964555,FALSE
"GSM1691912","Sepsis",4.27947029615694,4.23973505491873,763.071073842877,-0.243258690854025,FALSE
"GSM1691913","Sepsis",17.1136997551126,36.3097764140362,761.779113073527,-0.388450334243726,FALSE
"GSM1691914","Sepsis",7.88371710674899,2.72515495011449,767.230284171914,0.224156881818813,FALSE
"GSM1691915","Sepsis",8.69715041737638,-20.4448939671674,768.418610107018,0.35770195493059,FALSE
"GSM1691916","Sepsis",6.87317571562317,10.7670662270753,758.249268250365,-0.785137279346338,FALSE
"GSM1691917","Sepsis",-8.55281631078841,5.3976698241219,769.853874923849,0.518998228315139,FALSE
"GSM1691918","Sepsis",-29.6036664703859,-6.43856952220913,770.658141776456,0.609382417080171,FALSE
"GSM1691919","Sepsis",-14.559440228684,11.4654252482445,772.578998021829,0.82524986568821,FALSE
"GSM1691920","Sepsis",-8.40437889274714,-0.399584843603709,769.503115752369,0.479579616117824,FALSE
"GSM1691921","Sepsis",-18.2056216629604,22.1781558383129,767.14314918416,0.214364578237415,FALSE
"GSM1691922","Sepsis",6.49174381682748,-11.7023553655384,774.413044599817,1.0313615704928,FALSE
"GSM1691923","Sepsis",-1.37846395839171,29.8743634612112,762.862140141538,-0.266738836827931,FALSE
"GSM1691924","Sepsis",9.72655373285897,-2.3147166171714,773.522380782012,0.931268017745119,FALSE
"GSM1691925","Sepsis",-47.9332871259171,8.47950258453484,758.376529297195,-0.770835575326299,FALSE
"GSM1691926","Sepsis",10.3241497604033,6.15632452482029,773.077873133427,0.881313872442521,FALSE
"GSM1691927","Sepsis",-18.2364402481711,-21.4150083564715,769.234123099672,0.44934999442084,FALSE
"GSM1691928","Sepsis",4.41669580527581,7.02272332701709,773.705882086507,0.95189004946302,FALSE
"GSM1691929","Sepsis",5.66627716657669,-4.53756754698846,771.415458019588,0.694490256663746,FALSE
"GSM1691930","Sepsis",4.05115113680936,-9.78610528467854,765.765758265384,0.0595722224387265,FALSE
"GSM1691932","Sepsis",-2.63708091146186,-14.7077681790528,769.208408970098,0.446460218802435,FALSE
"GSM1691933","Sepsis",-42.2698384781271,-15.80496333032,756.500605931382,-0.981653428946243,FALSE
"GSM1691934","Sepsis",-13.9524240918633,4.8697217948441,770.791832522136,0.624406696092171,FALSE
"GSM1691935","Sepsis",-16.8866405057261,-13.8389888274861,770.390517209835,0.579306542052839,FALSE
"GSM1691936","Sepsis",-8.37493034613035,6.32863146544212,771.416417149226,0.694598044463241,FALSE
"GSM1691937","Sepsis",9.06159527376669,-17.6236828518052,761.109785794947,-0.463669899611441,FALSE
"GSM1691938","Sepsis",-5.82168964738628,8.33808816182968,775.531914210382,1.15710108313963,FALSE
"GSM1691939","Sepsis",6.56724136112519,18.4886092773983,773.678342981542,0.948795181567504,FALSE
"GSM1691940","Sepsis",-16.0416299581132,-1.84698043069008,772.161861577947,0.778371719507767,FALSE
"GSM1691941","Sepsis",-28.6075833235037,-23.4601221885271,764.935435961464,-0.0337400999703222,FALSE
"GSM1691942","Sepsis",36.4582592701239,-36.0061684936648,749.628083842675,-1.75399327080842,FALSE
"GSM1691943","Sepsis",14.9870394577838,-15.8703505630999,765.887439787547,0.0732468947600672,FALSE
"GSM1691944","Sepsis",23.2009112350225,6.87741012712398,768.347720477191,0.349735318405667,FALSE
"GSM1691945","Sepsis",22.8899931338152,8.53905444184881,766.58529294295,0.151672222278888,FALSE
"GSM1691946","Sepsis",0.681197680021856,-9.38873112688188,774.131841717917,0.999759752916298,FALSE
"GSM1691947","Sepsis",-13.3786368190835,2.69982783925768,767.860728297181,0.29500672554818,FALSE
"GSM1691948","Sepsis",-14.3915069915609,28.9886850839463,765.089023482149,-0.016479804563965,FALSE
"GSM1691949","Sepsis",-20.8672422996779,1.75418538355392,763.450984300661,-0.200564032459439,FALSE
"GSM1691950","Sepsis",9.57156058682834,0.650148386453489,770.548321289061,0.597040697872456,FALSE
"GSM1691951","Sepsis",14.1387786267817,13.4456502034444,768.622007174213,0.380559889279156,FALSE
"GSM1691952","Sepsis",4.60956770863031,4.51304758151567,774.453563914502,1.0359151653292,FALSE
"GSM1691953","Sepsis",-10.4677129816761,5.14256871798881,769.827521780409,0.516036639778372,FALSE
"GSM1691954","Sepsis",-15.4081925198657,-10.8287264800912,772.555026457249,0.822555920996864,FALSE
"GSM1691955","Sepsis",1.51217802159789,7.38701001842981,771.899946047788,0.748937430824029,FALSE
"GSM1691957","Sepsis",17.5566520570107,-4.80148546355279,773.221933317369,0.897503477692008,FALSE
"GSM1691958","Sepsis",-0.520747667898979,-2.88272113496343,761.507576610303,-0.418965831518224,FALSE
"GSM1691959","Sepsis",-11.2674185433649,-4.62308201104394,769.150468918294,0.439948866802314,FALSE
"GSM1691960","Sepsis",10.2258702483531,11.6920324133146,770.587419728145,0.601434613507748,FALSE
"GSM1691961","Sepsis",-6.58983335780876,-6.48340635670147,767.211396144768,0.222034229361601,FALSE
"GSM1691962","Sepsis",9.39013855063627,3.80715423760459,773.264716485834,0.902311486329903,FALSE
"GSM1691963","Sepsis",-26.4590513477879,6.12637785590902,745.393757594452,-2.22985043397691,FALSE
"GSM1691964","Sepsis",-12.4230357225921,7.9205388633225,771.980350440575,0.757973344453484,FALSE
"GSM1691965","Sepsis",-11.8189875630029,-3.05525043540946,774.912796023813,1.08752405797523,FALSE
"GSM1691966","Sepsis",28.4724392405585,-30.6508327358712,747.240074124748,-2.02235982155981,FALSE
"GSM1691967","Sepsis",8.95007800106684,12.4777161809032,766.988776807767,0.19701608008314,FALSE
"GSM1691968","Sepsis",12.3042860131751,-26.2241728480137,765.089339005411,-0.0164443457930255,FALSE
"GSM1691969","Sepsis",-5.06418445214491,-16.5281198517527,767.55603672089,0.260765228640407,FALSE
"GSM1691970","Sepsis",-3.58990633377418,-16.0799243604228,765.808480030413,0.0643733305065254,FALSE
"GSM1691971","Sepsis",20.8270700530319,-3.75115861408909,766.964858374757,0.194328106362555,FALSE
"GSM1691972","Sepsis",23.8706273396516,10.8052186597163,769.17081027542,0.442234845711231,FALSE
"GSM1691973","Sepsis",-4.54655334224845,18.3936027808952,767.336015885408,0.236039101159269,FALSE
"GSM1691974","Sepsis",-3.60520448565517,11.8816059373046,773.333351743372,0.910024774591288,FALSE
"GSM1691975","Sepsis",19.6338772578329,-21.3323872100253,762.938402436439,-0.258168415660382,FALSE
"GSM1691976","Sepsis",25.2775478165446,7.98616405287107,772.128666897509,0.774641273259699,FALSE
"GSM1691977","Sepsis",-3.22225551178348,-5.48991022370902,762.619671542705,-0.293987662930236,FALSE
"GSM1691978","Sepsis",39.9654490226127,-18.661730733934,755.321359359295,-1.11417815556718,FALSE
"GSM1691979","Sepsis",7.3197903469053,-14.4016852857782,770.772813017604,0.622269268095135,FALSE
"GSM1691980","Sepsis",8.15182103529488,-22.2249062241101,770.052050215686,0.541269335134875,FALSE
"GSM1691981","Sepsis",-4.61607794335303,-18.9541910342432,770.430280524924,0.583775177015595,FALSE
"GSM1691982","Sepsis",24.8919038189979,-15.1886882884609,764.190311798713,-0.117477783254281,FALSE
"GSM1691983","Sepsis",-33.1201404756359,-9.29186618951799,768.288997478033,0.343135978120163,FALSE
"GSM1691984","Sepsis",51.102643184168,-31.4301174841066,720.206677489548,-5.06039578750221,FALSE
"GSM1691985","Sepsis",-15.7595329294267,-22.0389282237162,769.449186941541,0.473519050769407,FALSE
"GSM1691986","Sepsis",-23.0337627232141,-10.7104988589117,773.245908207758,0.900197796140577,FALSE
"GSM1691987","Sepsis",-43.905952414431,-10.3693513218406,762.590497369443,-0.297266281183162,FALSE
"GSM1691988","Sepsis",39.9007971707197,-12.9422113817739,753.907616788156,-1.27305574078754,FALSE
"GSM1691989","Sepsis",11.0494140297159,4.91884961192172,772.663308087461,0.834724702133599,FALSE
"GSM1691990","Sepsis",-19.0142586043017,9.06076669296842,770.206231565834,0.558596365598253,FALSE
"GSM1691991","Sepsis",-7.60140643238696,1.91571075530154,767.657462739715,0.272163570374171,FALSE
"GSM1691992","Sepsis",-32.3230956456727,-10.4926253807234,766.919674170601,0.189250267303976,FALSE
"GSM1691993","Sepsis",36.0111327654898,10.8228171666541,764.101949448182,-0.127408018902153,FALSE
"GSM1691994","Sepsis",-12.6297541318248,-15.7942858898866,771.900800301936,0.749033432627313,FALSE
"GSM1691995","Sepsis",4.58530896335177,7.55692373387,768.385559204345,0.353987666549415,FALSE
"GSM1691996","Sepsis",-6.35262957414018,-9.02525967299197,764.358886669996,-0.0985331967184916,FALSE
"GSM1691997","Sepsis",-27.7033477630875,7.57424289898237,768.848143718863,0.405973305326456,FALSE
"GSM1691998","Sepsis",13.9552578461299,6.80110474573908,747.126393893497,-2.03513530204479,FALSE
"GSM1691999","Sepsis",-8.67694351930866,17.6256345750331,772.525214609988,0.819205640400914,FALSE
"GSM1692000","Sepsis",32.0928120983966,-1.31719087873073,763.890826341756,-0.151134212070494,FALSE
"GSM1692001","Sepsis",-31.7746739462004,-4.55668128148596,768.300164787554,0.344390969804124,FALSE
"GSM1692002","Sepsis",5.3842367037294,2.78933649484585,760.974869296498,-0.478831929755792,FALSE
"GSM1692003","Sepsis",-16.3271341213813,-18.3618588052061,768.952122222396,0.417658497449399,FALSE
"GSM1692004","Sepsis",-19.9165044868448,14.6407394616806,764.965349362811,-0.0303784066402286,FALSE
"GSM1692005","Sepsis",25.0221542883595,5.51219054055905,766.063831921874,0.0930699919249022,FALSE
"GSM1692006","Sepsis",-12.0101131672274,-30.4372605364715,762.698477148878,-0.285131422291905,FALSE
"GSM1692007","Sepsis",-20.4111695023193,7.94964903696904,766.637796303282,0.157572594295532,FALSE
"GSM1692008","Sepsis",1.34188463365707,-3.40009513653954,775.356972272306,1.1374409602553,FALSE
"GSM1692009","Sepsis",-20.3829452520434,4.57238134021754,765.602581481607,0.0412342775400036,FALSE
"GSM1692010","Sepsis",5.50274764530393,16.1293257764854,772.346775025425,0.799152449047831,FALSE
"GSM1692011","Sepsis",-7.18424086749472,-18.2914847107239,770.583884598144,0.601037332609871,FALSE
"GSM1692012","Sepsis",-4.74612112939839,-13.3773183562302,772.949586887302,0.866896955659095,FALSE
"GSM1692015","Sepsis",-21.1745769264545,8.93801569311975,765.797551448738,0.0631451672596063,FALSE
"GSM1692016","Sepsis",-13.0439054253399,-11.2496019723573,770.109668402991,0.547744515730501,FALSE
"GSM1692017","Sepsis",-34.9184275253497,-3.86025178958298,765.320437954297,0.00952674943717803,FALSE
"GSM1692018","Sepsis",-7.59813114956223,-2.7266485320782,771.07625271556,0.656370077857452,FALSE
"GSM1692019","Sepsis",13.106352456454,-27.0637787716182,762.659856398693,-0.289471654844939,FALSE
"GSM1692020","Sepsis",-8.84466100259316,38.3044676450098,761.884810007894,-0.376572023411085,FALSE
"GSM1692021","Sepsis",42.57833307944,9.03096163509965,743.592161951576,-2.43231527526198,FALSE
"GSM1692022","Sepsis",-7.28848215518526,-18.7734180038878,766.576847253759,0.150723088588224,FALSE
"GSM1692023","Sepsis",-15.2465217402165,-1.72946003702312,771.59364630251,0.714515206526068,FALSE
"GSM1692024","Sepsis",-5.62987223724454,-26.0912834819768,761.249533967431,-0.447964881854674,FALSE
"GSM1692025","Sepsis",5.14842365219079,12.255834570114,771.515114222847,0.705689705028138,FALSE
"GSM1692026","Sepsis",-8.15470100093766,1.56883407354625,772.138050826133,0.775695847091042,FALSE
"GSM1692027","Sepsis",-2.63382708480733,23.9136616155262,769.881728227435,0.522128406117376,FALSE
"GSM1692028","Sepsis",27.5297833097245,-27.9435705434397,762.325698422116,-0.327024610725588,FALSE
"GSM1692029","Sepsis",-4.29665714663166,-14.2382031471385,771.016150418461,0.649615730903294,FALSE
"GSM1692030","Sepsis",14.280561288656,-13.7335803686632,769.812477274722,0.514345925511691,FALSE
"GSM1692032","Sepsis",13.8678317030735,-9.36113238018552,770.566782581963,0.599115393574673,FALSE
"GSM1692033","Sepsis",20.802574752475,1.08975019251086,760.94513603064,-0.482173379307356,FALSE
"GSM1692034","Sepsis",-23.7099182840911,5.59964509539172,769.424870620546,0.470786362060728,FALSE
"GSM1692035","Sepsis",16.8176489954435,-2.71534355600141,772.148318710678,0.776849760635948,FALSE
"GSM1692036","Sepsis",15.9925638203629,-8.47136199612198,772.138405416864,0.775735696297078,FALSE
"GSM1692037","Sepsis",19.2982262825499,-23.8104196670658,758.699158198178,-0.734578266706676,FALSE
"GSM1692038","Sepsis",4.63330011840093,-36.463474833907,764.880376724869,-0.039927703521948,FALSE
"GSM1692039","Sepsis",14.4361603148302,-2.4433869239545,770.682824379083,0.612156268828329,FALSE
"GSM1692040","Sepsis",-15.19445552415,4.32820860466512,772.372853787649,0.802083202391583,FALSE
"GSM1692041","Sepsis",-9.35416886944449,30.8473044411369,767.648817469984,0.271192007653766,FALSE
"GSM1692042","Sepsis",9.60483945071018,3.72633233823542,774.386778329892,1.02840974487508,FALSE
"GSM1692043","Sepsis",3.58116275252483,-31.3266946649259,767.231536452245,0.224297614141006,FALSE
"GSM1692044","Sepsis",-1.3692049391798,9.95620677169668,773.059981645337,0.879303211886737,FALSE
"GSM1692045","Sepsis",-31.8358134794135,-7.7046103425308,764.518865220557,-0.0805546719722445,FALSE
"GSM1692046","Sepsis",-22.3349908848719,16.8560756965559,759.990020840631,-0.58951003174582,FALSE
"GSM1692047","Sepsis",-12.9233340821181,-10.8243394494227,760.653677757301,-0.514927706442942,FALSE
"GSM1692048","Sepsis",1.80001826594341,-1.53591080629454,774.391379768324,1.02892685841573,FALSE
"GSM1692049","Sepsis",40.0433882675236,-13.4542733604223,761.82418952421,-0.383384604611696,FALSE
"GSM1692050","Sepsis",-23.7262702707371,-22.2460422310119,765.392847885377,0.0176642387019742,FALSE
"GSM1692051","Sepsis",-0.0889230669329165,-5.40178423004563,775.206186613558,1.12049554046199,FALSE
"GSM1692052","Sepsis",-33.4440231492029,7.51976206961583,761.339581214529,-0.437845296106469,FALSE
"GSM1692053","Sepsis",29.9902890172127,-19.4791016627125,758.869159174954,-0.715473413230055,FALSE
"GSM1692054","Sepsis",-1.20097377462787,2.67798560784128,775.036438929547,1.10141915224039,FALSE
"GSM1692055","Sepsis",-7.16914755001809,-18.3316601669065,762.480952230353,-0.309577056515643,FALSE
"GSM1692056","Sepsis",13.3034971313646,-20.3572275035421,760.444268356948,-0.538461311874115,FALSE
"GSM1692057","Sepsis",-7.60545137605237,-13.7542648496172,765.390612180254,0.0174129882704264,FALSE
"GSM1692058","Sepsis",1.4447209780613,-15.5465950933462,770.567243235389,0.599167162196051,FALSE
"GSM1692059","Sepsis",-13.1040311517493,-8.99772751005689,767.923788565587,0.302093491818268,FALSE
"GSM1692060","Sepsis",-12.0466693208928,-22.361780080252,768.673179196032,0.386310644348323,FALSE
"GSM1692061","Sepsis",14.2418048002456,-18.3040098704676,768.426551450898,0.358594409868941,FALSE
"GSM1692062","Sepsis",3.19486686462563,1.34747888011554,773.877473517541,0.97117363953361,FALSE
"GSM1692063","Sepsis",-15.1072543939706,10.2133631185755,756.718783647208,-0.957134432810108,FALSE
"GSM1692064","Sepsis",12.4457827398767,9.21847331661716,746.181698689542,-2.14130094764224,FALSE
"GSM1692065","Sepsis",1.29047158332632,-24.9623870124724,758.162615685088,-0.794875367881962,FALSE
"GSM1692066","Sepsis",2.3946687942353,14.6115992262484,767.92334138482,0.302043237265687,FALSE
"GSM1692067","Sepsis",-12.7212104494388,16.4386825119875,766.739219108724,0.168970574906608,FALSE
"GSM1692068","Sepsis",11.2031720444822,16.8037905170614,758.160434553598,-0.795120485282506,FALSE
"GSM1692069","Sepsis",-11.6394544418337,8.59060757117358,775.178154358569,1.11734525194989,FALSE
"GSM1692070","Sepsis",-6.32158806287045,-34.3827404096476,764.086203821868,-0.129177525697574,FALSE
"GSM1692071","Sepsis",-21.0468716453263,-13.1670322426837,771.287338479038,0.680092074393746,FALSE
"GSM1692072","Sepsis",10.6948984868703,-11.5415130890526,766.920456903442,0.189338231482403,FALSE
"GSM1692073","Sepsis",-5.07953754515774,-20.0118731492856,768.584964750745,0.376397030416881,FALSE
"GSM1692074","Sepsis",1.30708769767393,-1.46652515695895,771.389734363096,0.691599410402307,FALSE
"GSM1692075","Sepsis",9.90137245459517,0.607788256251544,769.817990837267,0.514965544331232,FALSE
"GSM1692077","Sepsis",-4.68710677250208,24.3008789000898,765.94082279291,0.0792461220289706,FALSE
"GSM1692078","Sepsis",27.8025930715151,-11.5270285349268,768.544061668093,0.371800307411865,FALSE
"GSM1692079","Sepsis",-25.9291476570169,-12.3985487497276,760.323446405445,-0.552039384918226,FALSE
"GSM1692080","Sepsis",-5.19006266877423,15.4461986558372,771.126471948968,0.662013757759606,FALSE
"GSM1692081","Sepsis",29.2999985689209,-11.0584313246236,754.529441354333,-1.20317457039499,FALSE
"GSM1692082","Sepsis",-13.2932921343274,7.55585686449517,775.129656541697,1.11189502629325,FALSE
"GSM1692083","Sepsis",31.5438881991331,-20.8040477538156,760.809578665623,-0.49740743057831,FALSE
"GSM1692084","Sepsis",-17.61793119755,-24.2441090469262,769.187806981338,0.444144949890148,FALSE
"GSM1692085","Sepsis",29.2857516178359,-4.36883988883382,760.795904770009,-0.498944114526299,FALSE
"GSM1692086","Sepsis",-30.2003237134093,-22.838325333091,763.507207662901,-0.194245603483747,FALSE
"GSM1692087","Sepsis",1.56235005477282,-6.96421766893709,774.020585931623,0.987256733604968,FALSE
"GSM1692088","Sepsis",20.1829685035734,-29.2767746196614,754.734016698039,-1.18018422033621,FALSE
"GSM1692089","Sepsis",25.0997248599005,18.1177441274001,768.91874592016,0.413907640390169,FALSE
"GSM1692090","Sepsis",-18.3406039752467,-15.0629499056007,771.380085781351,0.690515094629608,FALSE
"GSM1692091","Sepsis",3.92738650519235,-16.8020386702641,765.201460210054,-0.00384407003603321,FALSE
"GSM1692092","Sepsis",23.1319992370093,-17.7576275946749,758.469049195741,-0.760438110918053,FALSE
"GSM1692093","Sepsis",-3.1156533626034,12.9127765293783,771.959816778882,0.755665754194728,FALSE
"GSM1692094","Sepsis",16.0928002315927,1.31897076429645,771.853709553209,0.743741334478286,FALSE
"GSM1692095","Sepsis",17.0798330290508,3.96411217439834,761.112263430817,-0.46339146079799,FALSE
"GSM1692096","Sepsis",-17.9254084674402,12.0029762692022,766.355355527083,0.125831661111319,FALSE
"GSM1692097","Sepsis",-10.4314715982003,-10.4197520313963,772.203150708523,0.783011826904697,FALSE
"GSM1692098","Sepsis",2.98346326572247,0.349880939722191,767.209086348715,0.221774652528662,FALSE
"GSM1692099","Sepsis",-7.70573659922399,-20.3173857678732,737.632279192219,-3.10209193781247,FALSE
"GSM1692100","Sepsis",0.223474143115447,-27.688267880601,770.389026303554,0.579138992744767,FALSE
"GSM1692101","Sepsis",-10.2123004807203,28.5509567530346,758.108111789,-0.801000561797999,FALSE
"GSM1692102","Sepsis",15.8420349850298,12.9242263387665,772.485698555925,0.814764792841245,FALSE
"GSM1692103","Sepsis",-18.8121228527715,-17.7830042858709,768.616188471532,0.37990597855315,FALSE
"GSM1692104","Sepsis",23.7221199273662,25.2166681989322,762.931762690996,-0.258914595865958,FALSE
"GSM1692105","Sepsis",32.0682818897079,0.329585040058564,765.975830937168,0.0831803668740352,FALSE
"GSM1692106","Sepsis",1.94346688272826,7.28912693952026,775.494047996958,1.15284564606566,FALSE
"GSM1692107","Sepsis",-18.5395119661886,4.28134293653927,771.731530642675,0.730010765231273,FALSE
"GSM1692108","Sepsis",-3.25309677139338,4.49693061573814,767.989861447674,0.309518818160485,FALSE
"GSM1692109","Sepsis",36.0682210116458,5.65590218054454,764.62877301646,-0.0682031409604937,FALSE
"GSM1692110","Sepsis",-1.55901947201943,-8.04126659206904,774.380906504941,1.02774986422343,FALSE
"GSM1692111","Sepsis",17.5582775516218,-32.822039265192,754.720969994724,-1.18165041988349,FALSE
"GSM1692112","Sepsis",-26.5952078686762,-5.79425609154056,768.549152993269,0.372372474839054,FALSE
"GSM1692114","Sepsis",-17.3106648844703,-5.13553011305887,774.564483565685,1.04838040949262,FALSE
"GSM1692115","Sepsis",5.32658193305253,-32.10247506097,764.567746631044,-0.0750613377409106,FALSE
"GSM1692116","Sepsis",4.73940857908791,21.3750880173906,764.576818168211,-0.0740418707256022,FALSE
"GSM1692117","Sepsis",-28.631912113782,-22.0570658451399,766.818925050396,0.177927996009365,FALSE
"GSM1692118","Sepsis",-12.2757221942488,2.35462875495631,768.552939124113,0.372797963423823,FALSE
"GSM1692119","Sepsis",-11.1310279383664,-27.5278152938424,764.690656635717,-0.0612486075164357,FALSE
"GSM1692120","Sepsis",-0.224086638334208,17.2621877422387,761.354749188952,-0.436140706318893,FALSE
"GSM1692121","Sepsis",-12.0351166057588,12.2678348166907,770.553930836295,0.597671103532484,FALSE
"GSM1692122","Sepsis",4.99656327177389,-21.9374986983425,750.885398743926,-1.61269515936265,FALSE
"GSM1692123","Sepsis",-1.15133688891924,-33.4167623001857,751.847008577875,-1.50462863334804,FALSE
"GSM1692124","Sepsis",-3.86794337369523,-7.18189184340679,764.999069080589,-0.0265889562522139,FALSE
"GSM1692125","Sepsis",5.83521021578947,4.91588043128609,771.020057853378,0.650054851742404,FALSE
"GSM1692126","Sepsis",-28.7172741447366,-6.2582103834759,768.321855269834,0.346828564538399,FALSE
"GSM1692127","Sepsis",-9.24574799630681,17.3986638184141,772.08374783591,0.769593231145968,FALSE
"GSM1692128","Sepsis",19.0925946698157,10.1742871270657,754.028218362478,-1.25950243391734,FALSE
"GSM1692129","Sepsis",-39.7440998265403,-15.3032136762473,754.96888108349,-1.15378996216181,FALSE
"GSM1692130","Sepsis",-15.0930481276274,17.3676290349856,771.810648206726,0.738902063959565,FALSE
"GSM1692131","Sepsis",17.0202309078297,0.627042924079391,771.793155360087,0.736936203067085,FALSE
"GSM1692132","Sepsis",-10.2539711553075,-21.0197307301721,766.644188014196,0.158290900171194,FALSE
"GSM1692133","Sepsis",7.49246358375147,4.33743735914045,772.206691642936,0.78340976010734,FALSE
"GSM1692135","Sepsis",-11.4584397180636,-6.02379630940372,767.496045642567,0.254023380546357,FALSE
"GSM1692136","Sepsis",32.1999926612763,-20.7373447364502,761.826752533066,-0.383096571509814,FALSE
"GSM1692137","Sepsis",-41.817489704394,1.01101624496064,759.976828011907,-0.590992652990107,FALSE
"GSM1692138","Sepsis",-18.0578657988639,-16.4816750245267,770.035293179641,0.539386165258955,FALSE
"GSM1692139","Sepsis",15.3446636923065,-31.8113492719654,757.08428890313,-0.91605864317784,FALSE
"GSM1692140","Sepsis",-10.4901803334014,-29.0963711027959,758.586165841651,-0.747276443248723,FALSE
"GSM1692141","Sepsis",-15.4215858775737,-2.62080053451523,769.795555312172,0.512444221055694,FALSE
"GSM1692142","Sepsis",21.8778051391922,-7.40889468011866,766.342267820419,0.124360853572978,FALSE
"GSM1692143","Sepsis",-21.0025296685595,0.752559550507771,764.996577809864,-0.0268689273621451,FALSE
"GSM1692144","Sepsis",-17.0786945872064,15.0446879110683,769.421516259497,0.470409396130534,FALSE
"GSM1692145","Sepsis",-10.9038828638957,-12.7297581949524,770.317567549002,0.571108397502053,FALSE
"GSM1692146","Sepsis",-38.792833294789,-15.3299185763573,764.770966701259,-0.0522232944625809,FALSE
"GSM1692147","Sepsis",3.18089679437707,-22.8523734749876,772.368933190501,0.801642602369945,FALSE
"GSM1692148","Sepsis",-13.7912341284145,0.576422142153851,768.041474069636,0.315319088246066,FALSE
"GSM1692149","Sepsis",2.52575049852835,13.1815684995997,771.931672170988,0.752502839368212,FALSE
"GSM1692150","Sepsis",-1.65890821067346,19.8075770923553,769.241337349645,0.450160737931185,FALSE
"GSM1692151","Sepsis",13.6868955186234,-4.21771719186598,764.085913057848,-0.129210202003837,FALSE
"GSM1692152","Sepsis",11.5316630537389,4.04364840136861,772.708317072847,0.839782849958614,FALSE
"GSM1692153","Sepsis",0.637691028578353,-14.1036621712792,771.527165952817,0.707044088629819,FALSE
"GSM1692154","Sepsis",-10.605862780579,-1.19655542399262,772.274002909648,0.790974257160507,FALSE
"GSM1692155","Sepsis",-5.43945174080667,-10.3560877017519,768.838755790293,0.404918281977865,FALSE
"GSM1692156","Sepsis",-32.5688706286319,0.496000878077,767.116388431429,0.211357182223838,FALSE
"GSM1692157","Sepsis",3.13833502086952,-19.8021034198106,769.269658626317,0.453343506944311,FALSE
"GSM1692158","Sepsis",-8.93914115638008,6.5949525433641,762.505420491287,-0.306827292668145,FALSE
"GSM1692159","Sepsis",21.577927124111,-2.23327280365008,768.046597978569,0.315894917463428,FALSE
"GSM1692160","Sepsis",39.1793287379522,-38.929642214354,720.587697246761,-5.01757646510013,FALSE
"GSM1692161","Sepsis",18.4419749880392,9.62903756439029,766.79968227011,0.175765476094338,FALSE
"GSM1692162","Sepsis",8.07620531787916,-5.63991887805962,770.780534830314,0.623137051935034,FALSE
"GSM1692163","Sepsis",24.5995565410162,-1.46081538471049,770.044262901112,0.540394190140256,FALSE
"GSM1692164","Sepsis",21.4695770698882,-7.48841029916905,767.888292138698,0.298104373358416,FALSE
"GSM1692165","Sepsis",15.131037463244,-7.14639585407444,772.111188764914,0.772677065943925,FALSE
"GSM1692166","Sepsis",-0.647404448546083,-31.6195642385371,765.528341184929,0.0328910902419133,FALSE
"GSM1692167","Sepsis",-17.3524595019688,22.8401215131093,770.577557312971,0.600326266953472,FALSE
"GSM1692168","Sepsis",32.0838072158002,0.207308179832562,763.150257267965,-0.234359990606733,FALSE
"GSM1692169","Sepsis",1.66899643109959,1.64774706202045,772.087869767155,0.770056457263597,FALSE
"GSM1692170","Sepsis",-11.9932971561255,-18.1081820037434,767.831395542774,0.2917102858121,FALSE
"GSM1692171","Sepsis",37.1104973566687,-19.1357159738124,744.50611953652,-2.3296039492723,FALSE
"GSM1692172","Sepsis",-1.00199716805215,12.5772613499162,766.427573734432,0.133947604301225,FALSE
"GSM1692173","Sepsis",-20.0411437857226,9.37998264156036,771.096168160039,0.658608192343143,FALSE
"GSM1692174","Sepsis",-7.70930876002638,-26.1161506768216,763.723889598826,-0.169894704357273,FALSE
"GSM1692175","Sepsis",13.4656301475572,2.8784578004145,770.854749850079,0.631477398592211,FALSE
"GSM1692176","Sepsis",25.3506249542064,26.375431404537,765.557230615125,0.036137708828329,FALSE
"GSM1692177","Sepsis",22.0824295772402,-29.6589919496598,760.218026120471,-0.563886605658188,FALSE
"GSM1692178","Sepsis",-42.3083681839107,2.19679484387536,761.50019872764,-0.419794964208548,FALSE
"GSM1692179","Sepsis",-7.61375069790135,-4.94550573844072,770.903234319019,0.636926124196893,FALSE
"GSM1692180","Sepsis",12.6452500465002,-7.00248220115359,763.093923749893,-0.240690798987928,FALSE
"GSM1692181","Sepsis",8.13523291486014,-17.782066528888,764.961757985243,-0.030782008687288,FALSE
"GSM1692182","Sepsis",-3.12440099111319,13.9844380111904,772.981162647571,0.870445466290014,FALSE
"GSM1692183","Sepsis",9.20311901525284,21.374149262258,766.84740376851,0.181128458424866,FALSE
"GSM1692184","Sepsis",-2.43779693218841,-28.2302005082979,768.00443979319,0.311157144952967,FALSE
"GSM1692185","Sepsis",-16.9400452716299,6.65772676361318,773.809872950411,0.963576630654852,FALSE
"GSM1692186","Sepsis",-45.7221447257176,-0.947312235895176,756.047987605554,-1.0325190590136,FALSE
"GSM1692187","Sepsis",-26.915447387676,11.030854210045,767.529301170341,0.257760664869447,FALSE
"GSM1692188","Sepsis",40.89459548829,-10.2128317568192,748.477729705631,-1.88327104115556,FALSE
"GSM1692189","Sepsis",9.66470600386167,-2.68382078441675,769.638684667089,0.494814965354165,FALSE
"GSM1692190","Sepsis",14.2251347777992,-13.0551487043008,771.725478836214,0.729330658105367,FALSE
"GSM1692191","Sepsis",-18.8527992721059,-5.30770150630625,763.24457966442,-0.223759959959746,FALSE
"GSM1692192","Sepsis",-30.2939452436116,-9.01056925201483,769.126288363603,0.437231435625706,FALSE
"GSM1692193","Sepsis",14.2126793725173,5.2672560106652,771.568122155148,0.711646781269267,FALSE
"GSM1692194","Sepsis",-3.75006358887777,-12.1534670538064,772.648761384829,0.833089931395065,FALSE
"GSM1692195","Sepsis",-8.3255218564807,3.2866698353005,772.557949953439,0.82288446597003,FALSE
"GSM1692196","Sepsis",-8.22192965600431,-20.1938777109575,764.691644076332,-0.061137638105404,FALSE
"GSM1692197","Sepsis",14.2522020048009,28.4985328662725,764.321486843875,-0.102736220793107,FALSE
"GSM1692198","Sepsis",13.9466674032958,-29.5425333888558,758.063457465475,-0.806018852423279,FALSE
"GSM1692199","Sepsis",-7.61153151630418,3.31812272883553,775.808439550887,1.18817723466003,FALSE
"GSM1692200","Sepsis",6.14754156021099,-9.62081553037079,774.450097440868,1.03552560009197,FALSE
"GSM1692201","Sepsis",21.7688676379853,-24.8969377199803,764.33480353507,-0.101239679779623,FALSE
"GSM1692202","Sepsis",9.91968339393155,6.06590630383103,768.080774368055,0.319735689004048,FALSE
"GSM1692203","Sepsis",-17.1862635718897,-0.816661009737543,771.491461409199,0.703031581836071,FALSE
"GSM1692204","Sepsis",-13.7908470900794,10.3078804112213,773.169586469104,0.891620694633726,FALSE
"GSM1692205","Sepsis",46.0091257625174,-18.8485359666785,752.865638301283,-1.39015416395562,FALSE
"GSM1692206","Sepsis",12.9094494821364,-7.36924527267692,771.773338963815,0.734709219702708,FALSE
"GSM1692207","Sepsis",3.41867059955533,-27.6495351708383,762.443130380655,-0.31382750795649,FALSE
"GSM1692208","Sepsis",10.9720366360624,-25.4309533022042,761.302006664402,-0.442067955812463,FALSE
"GSM1692209","Sepsis",9.20509108441544,8.11657002516175,774.350087160138,1.02428636020202,FALSE
"GSM1692210","Sepsis",16.2473577317661,32.0085457562452,767.110916266019,0.210742215649344,FALSE
"GSM1692211","Sepsis",-1.98674316782781,10.0354640355571,771.563303829035,0.711105293707576,FALSE
"GSM1692212","Sepsis",-39.5109961901038,-5.58423953216095,757.625320250226,-0.855257083042451,FALSE
"GSM1692213","Sepsis",-3.95887840631404,-19.9465024442982,768.446680934309,0.360856578230639,FALSE
"GSM1692214","Sepsis",-3.36922484244425,-3.97599785658047,772.000111816076,0.760194144537155,FALSE
"GSM1692215","Sepsis",5.93116113341277,10.8292922753239,763.947165078033,-0.144802817262967,FALSE
"GSM1692216","Sepsis",0.703634258617551,19.8720017806474,774.881987068742,1.08406172156069,FALSE
"GSM1692217","Sepsis",-46.8958988303343,5.25711177406506,758.814037131503,-0.721668075069202,FALSE
"GSM1692218","Sepsis",-17.7102851413899,-0.313294181602925,771.231014092553,0.673762292228061,FALSE
"GSM1692219","Sepsis",-7.87820714837257,3.49065980416975,773.630217915825,0.943386846000772,FALSE
"GSM1692220","Sepsis",8.19954272229202,5.14922406171886,766.795825648639,0.175332065713387,FALSE
"GSM1692221","Sepsis",3.64640234734144,1.33244066327274,766.267548433362,0.115963825693155,FALSE
"GSM1692222","Sepsis",7.98459567676106,-8.16124386872903,772.266756940757,0.790159949051321,FALSE
"GSM1692223","Sepsis",-26.4708712962362,-0.0844660134319035,768.679315487632,0.387000245985534,FALSE
"GSM1692224","Sepsis",-22.6020528928174,8.42311681541607,768.063240987938,0.317765272925034,FALSE
"GSM1692225","Sepsis",16.3999113128714,-8.49702472729362,767.75661766574,0.283306684779315,FALSE
"GSM1692226","Sepsis",-28.7026513239574,-12.1230431238942,765.200193549963,-0.0039864183678671,FALSE
"GSM1692227","Sepsis",-8.73068723105895,12.2719433725903,769.153101886364,0.440244761979726,FALSE
"GSM1692228","Sepsis",-1.74013189305392,-2.0567274275505,771.38795293764,0.691399212303623,FALSE
"GSM1692229","Sepsis",-11.8549111286896,-0.600132163718268,773.470294311034,0.925414496106424,FALSE
"GSM1692230","Sepsis",25.2159820338473,-7.4314320556521,770.188738007977,0.556630424778527,FALSE
"GSM1692231","Sepsis",-17.9014967648383,17.2125211845777,771.33953893627,0.685958405904028,FALSE
"GSM1692232","Sepsis",-11.8914301913336,-12.3057603788064,768.106139288662,0.322586220223557,FALSE
"GSM1692233","Sepsis",7.52392467839441,1.09901031198539,775.54327199686,1.15837748078499,FALSE
"GSM1692234","Sepsis",40.086184272914,-31.6951101872953,749.227358307312,-1.79902714521689,FALSE
"GSM1692235","Sepsis",49.493907664787,-44.7314483713544,710.37959248893,-6.16477190697879,FALSE
"GSM1692237","Sepsis",-2.72230505256424,8.05367134872291,768.033551025879,0.31442868989117,FALSE
"GSM1692238","Sepsis",1.41528225893146,-37.380034661224,764.722658710193,-0.0576521873346537,FALSE
"GSM1692239","Sepsis",15.6028055559656,-11.0385318273722,767.107229513469,0.210327895281257,FALSE
"GSM1692240","Sepsis",-11.5906586905362,3.40664837511411,771.091602695706,0.658095121602032,FALSE
"GSM1692241","Sepsis",-10.9017555380656,-6.20676486910915,770.972012491478,0.644655473358034,FALSE
"GSM1692242","Sepsis",28.3557147912018,-13.7003872292537,764.051759297329,-0.133048430482078,FALSE
"GSM1692243","Sepsis",-3.79460243512891,-26.6496015905633,764.341233379193,-0.10051708846177,FALSE
"GSM1692244","Sepsis",23.7049953394679,-4.53825246659704,770.043814858803,0.540343838766851,FALSE
"GSM1692245","Sepsis",9.4820628763241,-0.62406725865298,772.495586780328,0.815876039858504,FALSE
"GSM1692246","Sepsis",-5.23385600774308,52.1713458558171,747.109198366152,-2.03706774994367,FALSE
"GSM1692247","Sepsis",25.3669386699772,9.83319643229203,768.406450018505,0.356335393904286,FALSE
"GSM1692248","Sepsis",-10.2492131535956,-6.84135191286648,772.923876328339,0.864007581309018,FALSE
"GSM1692249","Sepsis",-17.40596927038,-1.42264749121331,773.630719224137,0.943443183452655,FALSE
"GSM1692250","Sepsis",48.941925452801,31.7244477168633,690.85038280893,-8.35948099939884,FALSE
"GSM1692251","Sepsis",24.7195253141168,-19.3216950710934,759.946561072013,-0.594394077280926,FALSE
"GSM1692252","Sepsis",4.00057179959559,-2.7590580652128,772.603074938875,0.827955649978742,FALSE
"GSM1692253","Sepsis",11.2910675693529,-5.52342316290639,768.226275230335,0.33608719890294,FALSE
"GSM1692254","Sepsis",6.46832969592107,-14.1272490078505,761.679740747218,-0.399617880276521,FALSE
"GSM1692255","Sepsis",-10.3548201892866,-3.38255856349125,772.169191940155,0.779195511809208,FALSE
"GSM1692256","Sepsis",-3.17741343775652,4.45899433906641,768.45320905779,0.36159021426582,FALSE
"GSM1692257","Sepsis",-29.8888906123058,-2.30010981522649,767.923076218913,0.302013437696872,FALSE
"GSM1692258","Sepsis",5.38944032286262,14.2109809211788,761.939087334747,-0.370472291537253,FALSE
"GSM1692259","Sepsis",-23.0878687499217,10.3988646011057,769.79836427139,0.512759894267205,FALSE
"GSM1692260","Sepsis",-17.7813075613076,4.9033882711797,768.720362257818,0.391613116717005,FALSE
"GSM1692261","Sepsis",-21.7953522763491,-6.89818444014649,769.092071478684,0.433386113174025,FALSE
"GSM1692262","Sepsis",10.087168000235,1.98126065150838,770.592551485359,0.602011324721413,FALSE
"GSM1692263","Sepsis",-4.14472303325461,5.44509011529023,773.51562958175,0.930509312152739,FALSE
"GSM1692264","Sepsis",-24.9103761066497,18.9977698395109,768.373010588764,0.352577442522748,FALSE
"GSM1692265","Sepsis",-23.6308318830612,15.5557622263453,769.249925105575,0.451125837202012,FALSE
"GSM1692266","Sepsis",0.326029138303079,1.98411699946654,768.71457049439,0.390962233446981,FALSE
"GSM1692267","Sepsis",-24.9732077957497,10.9160149937235,770.134854720555,0.550574975388986,FALSE
"GSM1692268","Sepsis",2.46048441064906,2.48451502705445,760.064334607803,-0.581158587771515,FALSE
"GSM1692269","Sepsis",-16.2403457865622,15.7558342311191,765.347567126592,0.0125755487527137,FALSE
"GSM1692270","Sepsis",0.285180416551061,9.96286175453795,771.692878170143,0.725666967694068,FALSE
"GSM1692271","Sepsis",35.0322038979145,-23.0155996340669,759.115151043183,-0.687828639134679,FALSE
"GSM1692272","Sepsis",-0.770514397618701,29.533510252367,753.064839690308,-1.36776774346654,FALSE
"GSM1692273","Sepsis",1.94505757988465,-12.0290061472949,773.850239273629,0.968113032180861,FALSE
"GSM1692274","Sepsis",6.68407193704065,-1.13123848113334,773.889673334074,0.972544665228417,FALSE
"GSM1692275","Sepsis",-3.39231187228096,18.5920408858294,769.150943109465,0.440002156806978,FALSE
"GSM1692276","Sepsis",-6.41860040648876,-13.0195739989132,769.395709676675,0.467509230538024,FALSE
"GSM1692277","Sepsis",8.61181109580522,5.92376647060619,774.679316960983,1.06128548352804,FALSE
"GSM1692278","Sepsis",-7.23494427139297,-16.8639981850477,768.671344990233,0.386104514750138,FALSE
"GSM1692279","Sepsis",14.1005090115981,-14.3053163856726,767.184716664385,0.219035966803244,FALSE
"GSM1692280","Sepsis",2.6854758313561,6.25015808634704,772.400369563382,0.805175448528322,FALSE
"GSM1692281","Sepsis",34.9923917618491,13.901427833405,763.366256624041,-0.21008580038058,FALSE
"GSM1692282","Sepsis",21.4895854533815,21.3603296104033,771.009380974865,0.648854975109578,FALSE
"GSM1692283","Sepsis",7.81240804343172,-6.12195411962181,772.334370163401,0.797758380167295,FALSE
"GSM1692284","Sepsis",-31.6173882574023,-9.92458831232578,765.645115797882,0.0460143199583862,FALSE
"GSM1692286","Sepsis",19.7506926707978,6.95409024544546,771.915683612891,0.750706031693754,FALSE
"GSM1692287","Sepsis",-11.4382159052962,9.26015646448075,768.456559421125,0.361966730929616,FALSE
"GSM1692288","Sepsis",-37.6855816452214,-11.1924895859065,765.205460923367,-0.00339446649208546,FALSE
"GSM1692289","Sepsis",-3.08947432569898,-23.3285766100173,767.694354546637,0.276309502821741,FALSE
"GSM1692290","Sepsis",13.3318330234968,-8.3670524239199,770.485126432264,0.589938806445203,FALSE
"GSM1692291","Sepsis",14.8064363123738,-1.84653599965473,769.498383399665,0.479047790320601,FALSE
"GSM1692292","Sepsis",19.7794213838777,-3.83584695770906,770.760717399643,0.62090995232402,FALSE
"GSM1692293","Sepsis",15.9319801444865,5.18063172943738,771.096959863505,0.658697164647877,FALSE
"GSM1692294","Sepsis",7.59311893063773,-8.49193721007517,772.794309300253,0.849446729166059,FALSE
"GSM1692295","Sepsis",11.307381661508,-18.8756403856193,763.25260184592,-0.222858420421404,FALSE
"GSM1692296","Sepsis",-39.088123918761,27.2949116656419,755.540420673489,-1.08955985989949,FALSE
"GSM1692297","Sepsis",-0.754272136459784,10.745511503607,774.397623499687,1.02962853422439,FALSE
"GSM1692298","Sepsis",-8.02133433442589,6.69373951086456,769.580971352546,0.488329094279188,FALSE
"GSM1692299","Sepsis",-7.65090027152878,-35.3970687533253,760.41640252971,-0.541592897094938,FALSE
"GSM1692300","Sepsis",14.3004384032675,10.7818597278796,773.95564486414,0.979958601544847,FALSE
"GSM1692301","Sepsis",23.9776078212001,-24.5043928518674,757.220339079662,-0.900769209332184,FALSE
"GSM1692302","Sepsis",-33.3777289831232,-7.01415651446404,766.460191334042,0.137613197717961,FALSE
"GSM1692303","Sepsis",-18.4987710932509,3.85369518469801,769.31432075698,0.458362674942396,FALSE
"GSM1692304","Sepsis",-10.7679737477418,-9.91454217893772,774.253499098645,1.01343171220284,FALSE
"GSM1692305","Sepsis",-15.575364393048,-27.004950788204,762.865617780653,-0.266348016804446,FALSE
"GSM1692306","Sepsis",5.55557200788409,-26.5385013926016,768.680163216173,0.387095514435564,FALSE
"GSM1692307","Sepsis",-11.9317687104009,-9.72355478041792,769.750055202377,0.5073308802545,FALSE
"GSM1692308","Sepsis",-53.3530191514723,-0.437070449593852,748.150392901718,-1.92005742788617,FALSE
"GSM1692309","Sepsis",-27.6701797696363,26.941278270542,759.341440809436,-0.662398003914188,FALSE
"GSM1692310","Sepsis",24.6293478573384,-17.0714315307674,765.96343635278,0.081787453003045,FALSE
"GSM1692311","Sepsis",4.51981849836094,-0.79000403503132,772.114010393491,0.772994162948591,FALSE
"GSM1692312","Sepsis",34.6719263677128,-45.0730619351011,740.127456011488,-2.82168185762101,FALSE
"GSM1692313","Sepsis",29.6239538700202,-19.2544884607914,744.983354278221,-2.27597190558027,FALSE
"GSM1692314","Sepsis",-4.61199108771109,-4.23300402299326,776.387804728155,1.25328678303491,FALSE
"GSM1692315","Sepsis",27.637057997573,18.8140855606125,763.637529733811,-0.179599898990002,FALSE
"GSM1692316","Sepsis",-27.0855080150811,6.72949157921085,767.3524918265,0.237890681346685,FALSE
"GSM1692317","Sepsis",12.8198438747361,-3.47054777310946,769.797059056417,0.512613213105109,FALSE
"GSM1692318","Sepsis",-17.5755365108597,-0.41149392976861,768.828350617519,0.403748939865771,FALSE
"GSM1692319","Sepsis",-13.6212971274206,-14.9124375080648,766.597931579003,0.153092562882274,FALSE
"GSM1692320","Sepsis",-4.91781686871988,24.7146708411487,769.596291638019,0.490050800911365,FALSE
"GSM1692321","Sepsis",7.89742571037382,-10.475690559925,766.906079020674,0.187722432862858,FALSE
"GSM1692322","Sepsis",4.74157208408848,-20.0344495097543,758.806740811013,-0.722488041733664,FALSE
"GSM1692323","Sepsis",-16.2222456860354,14.2353655983062,773.468267281577,0.925186696822562,FALSE
"GSM1692324","Sepsis",-5.06512626833218,8.85641381520178,775.532521536724,1.15716933498734,FALSE
"GSM1692326","Sepsis",-7.73804774412317,16.6627085741671,764.917157757907,-0.0357942199371394,FALSE
"GSM1692327","Sepsis",-33.9992144168287,-7.62722577304064,760.354810253519,-0.548514689158842,FALSE
"GSM1692328","Sepsis",-9.8391305149058,11.4006197930053,772.574522575924,0.824746911294204,FALSE
"GSM1692329","Sepsis",-9.28639445182645,-37.4883050862041,761.384001498938,-0.432853306994819,FALSE
"GSM1692330","Sepsis",7.06324139969005,-7.22052790117969,771.295430921656,0.681001509935887,FALSE
"GSM1692331","Sepsis",-12.5320539474336,3.03144909592043,766.479518584581,0.139785210471412,FALSE
"GSM1692332","Sepsis",-25.3750795856814,-15.4769148060679,764.16634687217,-0.120170981957418,FALSE
"GSM1692333","Sepsis",-19.3248548462057,15.3477489794921,765.714393351218,0.0537997899645016,FALSE
"GSM1692334","Sepsis",-4.36571922025975,20.7284418286889,771.040308961527,0.652330688395019,FALSE
"GSM1692335","Sepsis",13.9695775352287,-16.936315595392,751.563641880698,-1.53647362231458,FALSE
"GSM1692336","Sepsis",16.2095543705494,6.42263597804157,768.918065719492,0.413831198864062,FALSE
"GSM1692337","Sepsis",-22.5660853049646,-17.3393138806638,767.631318008273,0.269225403353821,FALSE
"GSM1692338","Sepsis",9.74382547188784,52.7514588448738,728.710168428914,-4.1047662875,FALSE
"GSM1692339","Sepsis",-7.12999751610149,-1.10955121055921,763.409625911458,-0.205211923199447,FALSE
"GSM1692340","Sepsis",-11.658053177161,11.7279825573157,772.285121672493,0.792223793128045,FALSE
"GSM1692341","Sepsis",-7.41996712597945,-0.663833265661032,774.499214857626,1.0410454569075,FALSE
"GSM1692342","Sepsis",-11.7762304881144,7.30883962835932,773.461855365771,0.92446612030418,FALSE
"GSM1692343","Sepsis",-25.7793600144608,-4.93895897617793,767.70556031806,0.277568816886751,FALSE
"GSM1692344","Sepsis",14.7279273666924,3.78137726523386,772.207671607404,0.783519889342607,FALSE
"GSM1692345","Sepsis",3.64296409737902,18.0462057734368,769.916782410004,0.526067824786746,FALSE
"GSM1692346","Sepsis",15.8820346336394,8.02969553269953,771.018947053186,0.649930019077759,FALSE
"GSM1692347","Sepsis",-4.63183451447491,-20.3473805712287,770.177659063931,0.555385363681254,FALSE
"GSM1692348","Sepsis",22.064288413622,-14.853795014868,766.31528625161,0.121328642061931,FALSE
"GSM1692349","Sepsis",-8.26382131922921,1.8381511048512,763.505263080911,-0.194464137251536,FALSE
"GSM1692350","Sepsis",16.9725037634282,-34.6787400429455,752.855074576128,-1.39134132431827,FALSE
"GSM1692352","Sepsis",18.135242863184,9.68263131939922,744.051362974608,-2.38070987611829,FALSE
"GSM1692353","Sepsis",45.4314305589773,-29.7251883883975,728.290813736529,-4.15189372232226,FALSE
"GSM1692354","Sepsis",8.11959119847931,32.0592462872837,726.668248246918,-4.33423900364433,FALSE
"GSM1692355","Sepsis",21.5497357821703,-5.61150870393614,769.035141142617,0.426988233882051,FALSE
"GSM1692356","Sepsis",-19.2442162688904,-7.94374649015744,770.328791337023,0.572369736287718,FALSE
"GSM1692357","Sepsis",-20.1357696406938,-5.83875932036996,768.852601925064,0.406474322307967,FALSE
"GSM1692358","Sepsis",31.4298146194487,-15.5904072688977,757.111615485856,-0.912987658711252,FALSE
"GSM1692359","Sepsis",3.14185156433581,-8.92269160222384,772.486587381436,0.814864679803555,FALSE
"GSM1692360","Sepsis",-19.1309516579635,5.14543530036428,763.591521679443,-0.184770323031713,FALSE
"GSM1692361","Sepsis",-33.847513334402,-10.4820752966115,768.007649643501,0.311517870644358,FALSE
"GSM1692362","Sepsis",-21.4167742135288,-6.24905139957661,771.787712198683,0.736324495987255,FALSE
"GSM1692363","Sepsis",26.4436932866021,-18.4735373725924,755.496995179869,-1.09444005358128,FALSE
"GSM1692364","Sepsis",-21.4982013815903,-0.394923008200995,760.080901360398,-0.57929680211065,FALSE
"GSM1692365","Sepsis",10.0356912421677,-20.2457763976796,767.499364393037,0.254396344529549,FALSE
"GSM1692366","Sepsis",4.70749023625804,0.250486437585252,756.530009237511,-0.978349060548116,FALSE
"GSM1692367","Sepsis",7.5450300914311,1.08578753591796,775.149096135841,1.11407966431592,FALSE
"GSM1692368","Sepsis",-0.415735177807682,-8.9942362536798,772.604356119187,0.828099630105151,FALSE
"GSM1692369","Sepsis",13.2505187015276,-6.39347959671163,771.341282155893,0.686154310398776,FALSE
"GSM1692370","Sepsis",-18.8116371028477,-1.25539563949142,770.093651320115,0.545944502417158,FALSE
"GSM1692371","Sepsis",-20.2535223756874,8.87087702840852,766.98213839184,0.196270049289614,FALSE
"GSM1692372","Sepsis",-25.1388748489985,-6.48214644276251,763.906411702799,-0.149382716021769,FALSE
"GSM1692373","Sepsis",0.557954727025958,2.81017424932053,768.618409451958,0.38015557421086,FALSE
"GSM1692374","Sepsis",-9.11854241313426,-21.7166211355678,771.941129923171,0.753565709553442,FALSE
"GSM1692375","Sepsis",-21.5326463668688,-21.0710205281948,758.798388266112,-0.723426707790246,FALSE
"GSM1692376","Sepsis",-1.70765582415908,9.97392549994886,770.277944217101,0.566655493968332,FALSE
"GSM1692377","Sepsis",0.914430752222538,14.0205460552439,771.391509564526,0.691798909039619,FALSE
"GSM1692378","Sepsis",-2.76585749602766,-3.78485916473396,774.481992156045,1.03910995514502,FALSE
"GSM1692379","Sepsis",-41.2218144664512,-11.4729865726644,761.09896273568,-0.464886204160944,FALSE
"GSM1692380","Sepsis",-11.3907712549027,13.6884700053504,769.424028347533,0.470691706707561,FALSE
"GSM1692381","Sepsis",-17.4610954426894,-7.07813153915281,770.913021254249,0.638025988251228,FALSE
"GSM1692382","Sepsis",10.6491067098869,-9.55068642770343,763.433329051397,-0.202548144296154,FALSE
"GSM1692383","Sepsis",0.348876284479844,-19.9596555687601,771.088098433908,0.657701309698877,FALSE
"GSM1692384","Sepsis",7.75215833907857,-10.9291112931724,770.562529910855,0.598637474800615,FALSE
"GSM1692385","Sepsis",5.94014350424932,-19.6903116272479,766.69693835246,0.164219027776546,FALSE
"GSM1692386","Sepsis",-20.8772962355176,-3.18833917529891,771.677168431201,0.72390149395192,FALSE
"GSM1692387","Sepsis",-27.1349834304897,-11.1950985272271,769.146589961319,0.439512946338503,FALSE
"GSM1692388","Sepsis",-5.82225366287817,-9.41398535624628,765.68139301408,0.0500911841808609,FALSE
"GSM1692389","Sepsis",-13.7478404508551,35.782016453885,761.751387225364,-0.391566188497732,FALSE
"GSM1692390","Sepsis",9.86371767479528,22.4862475708639,761.575212056166,-0.411364902937992,FALSE
"GSM1692391","Sepsis",-24.5667964538872,-13.4017228336249,758.989483330356,-0.701951282932595,FALSE
"GSM1692392","Sepsis",-2.8694606423758,3.51205498834048,773.765906077294,0.958635596287558,FALSE
"GSM1692393","Sepsis",38.0865877388179,-7.89344927151432,760.725480538409,-0.506858449205123,FALSE
"GSM1692394","Sepsis",29.1846447038992,-8.37088235742477,764.721583626699,-0.0577730061264963,FALSE
"GSM1692395","Sepsis",13.8117040335999,-3.67542212813819,770.8329594425,0.629028574168431,FALSE
"GSM1692396","Sepsis",-16.441386676924,17.8817827922682,769.675861873228,0.498992971207071,FALSE
"GSM1692397","Sepsis",-14.0780266916464,-2.8561763235074,773.99540326816,0.984426684597387,FALSE
"GSM1692398","Sepsis",-21.0125777774961,-16.0189062875379,770.920033801172,0.638814064202408,FALSE
"GSM1692399","Sepsis",9.78658755394626,-18.2785974705018,767.166347524675,0.216971627354667,FALSE
"GSM1692400","Sepsis",-8.70905345636897,14.9033388699669,768.933970403065,0.415618580648667,FALSE
"GSM1692402","Sepsis",-9.3957133293996,10.2390459233891,767.812374502542,0.28957268523184,FALSE
"GSM1692404","Sepsis",-19.7923257714577,3.97676440546571,767.900456384558,0.299471401590891,FALSE
"GSM1692405","Sepsis",21.2600672551753,-8.68317453375397,771.074720316995,0.656197865611349,FALSE
"GSM1692406","Sepsis",18.7135184363433,3.63325940247957,771.201075384236,0.67039775487934,FALSE
"GSM1692407","Sepsis",-5.95478361716756,20.2116635488251,772.533738474215,0.820163559468147,FALSE
"GSM1692408","Sepsis",-9.44469336069083,-13.2212979475856,766.637668018599,0.157558177554389,FALSE
"GSM1692409","Sepsis",-3.22368272128402,-35.1801628122934,759.700039941872,-0.622098330277244,FALSE
"GSM1692410","Sepsis",45.8470422315948,-24.3748092325336,751.531586293492,-1.54007605630229,FALSE
"GSM1692411","Sepsis",18.071838227886,15.2292861958881,766.580924977654,0.151181346646554,FALSE
"GSM1692412","Sepsis",12.0723316850379,-30.2662814047023,762.685605698408,-0.286577926776382,FALSE
"GSM1692413","Sepsis",-13.2927336607691,6.02445187756682,764.989049081961,-0.0277150121681816,FALSE
"GSM1692414","Sepsis",9.7393815174716,-1.40969350060949,767.671019459394,0.273687085991561,FALSE
"GSM1692415","Sepsis",-30.4961907693864,14.0537419173035,765.114924504673,-0.013569025757795,FALSE
"GSM1692416","Sepsis",-24.894649779084,-11.0358931920162,770.702497471401,0.614367147573189,FALSE
"GSM1692417","Sepsis",27.570233639592,10.7738451064471,769.492206149788,0.478353585757554,FALSE
"GSM1692418","Sepsis",-5.034275065925,16.6137273560758,765.192430779777,-0.00485880504346614,FALSE
"GSM1692419","Sepsis",8.53665334591681,26.6761697667385,761.547624878111,-0.41446517332798,FALSE
"GSM1692420","Sepsis",24.3958847389494,-7.80766801707453,768.000808218852,0.310749025559007,FALSE
"GSM1692421","Sepsis",-26.3006454761721,9.58755140793753,764.665040842075,-0.0641273320596542,FALSE
"GSM1692422","Sepsis",-3.30477088051068,7.44386464143409,774.322528700052,1.0211893171616,FALSE
"GSM1692423","Sepsis",18.2572175147132,14.1736191683948,770.171832442157,0.554730563000981,FALSE
"GSM1692424","Sepsis",-31.1339139926717,-4.0609276147223,766.053447900687,0.0919030268460376,FALSE
"GSM1692425","Sepsis",-8.17458725349109,-16.9038122127935,757.535297612695,-0.865373903146836,FALSE
"GSM1692426","Sepsis",6.65396387260879,-15.4468145229209,768.562479572893,0.373870127122467,FALSE
"GSM1692427","Sepsis",24.9314146480421,-18.7414415153743,761.667867377893,-0.40095221955822,FALSE
"GSM1692428","Sepsis",-16.6114639100179,-7.01354794939706,773.05719591536,0.878990149197137,FALSE
"GSM1692429","Sepsis",4.9535878847588,-11.5633459468391,769.584021007475,0.488671817078039,FALSE
"GSM1692430","Sepsis",-2.92472445295949,7.85864028085411,771.570943935563,0.71196389533755,FALSE
"GSM1692431","Sepsis",-15.3978303296437,-5.27325940701803,772.915601477703,0.863077646599573,FALSE
"GSM1692432","Sepsis",-6.36824917081604,15.7345874369275,771.916164669773,0.750760093272714,FALSE
"GSM1692433","Sepsis",30.5288864226264,8.33926969802862,762.58645018432,-0.297721107268469,FALSE
"GSM1692434","Sepsis",-16.0633848003582,-7.93827912107083,765.089631839957,-0.0164114367991503,FALSE
"GSM1692435","Sepsis",-3.34324403212348,4.20152663377296,771.665779604793,0.722621608012918,FALSE
"GSM1692436","Sepsis",10.7737232485535,1.62251667672427,761.382045581135,-0.433073114690886,FALSE
"GSM1692437","Sepsis",18.0236017344638,1.80609175140346,766.180367348764,0.10616634170946,FALSE
"GSM1692438","Sepsis",-15.9565336275346,-8.22689371605176,774.525350257499,1.04398257523826,FALSE
"GSM1692439","Sepsis",-4.80966279382965,9.54562921431376,771.802618432866,0.73799967118531,FALSE
"GSM1692440","Sepsis",1.14442432420594,-9.21279875670821,770.316106285166,0.570944179436923,FALSE
"GSM1692441","Sepsis",6.82623658009537,-4.36002330598356,769.095792531112,0.433804288191339,FALSE
"GSM1692442","Sepsis",-14.647618162271,20.0402295450867,772.780441997359,0.847888309944413,FALSE
"GSM1692443","Sepsis",-7.73152018195202,-17.0245164131916,754.135913537125,-1.24739955915282,FALSE
"GSM1692444","Sepsis",19.4682542214925,8.5487432757341,764.58841933896,-0.072738121350099,FALSE
"GSM1692445","Sepsis",-7.20471265217665,-0.342161345844636,772.939805951056,0.865797765775611,FALSE
"GSM1692446","Sepsis",35.3976011181023,-34.7062386848228,748.931964643806,-1.83222373482615,FALSE
"GSM1692447","Sepsis",-7.11258747876842,14.5994434025841,768.905803009939,0.412453105198507,FALSE
"GSM1692448","Sepsis",-5.22266316121963,-27.9628994431514,762.518251481306,-0.305385335163421,FALSE
"GSM1692449","Sepsis",-19.9012108476307,-15.2433387956345,768.530080166812,0.370229054479043,FALSE
"GSM1692450","Sepsis",-4.28608806434803,0.15759518106907,766.450409176974,0.136513870637569,FALSE
"GSM1692451","Sepsis",4.08562495128553,18.8669043879478,772.141129915225,0.776041877725991,FALSE
"GSM1692452","Sepsis",1.5159178657702,-14.1017809838844,774.006607847697,0.985685864717396,FALSE
"GSM1692453","Sepsis",30.0325051043167,-36.3619435419351,740.358003991211,-2.79577268077112,FALSE
"GSM1692454","Sepsis",-8.01536160449747,-12.641432097894,770.942833226176,0.641376282857342,FALSE
"GSM1692455","Sepsis",2.92197640372851,14.6102813881414,773.206845235284,0.89580786627285,FALSE
"GSM1692456","Sepsis",28.223065015726,-8.77609144690083,759.024762551492,-0.69798657423882,FALSE
"GSM1692457","Sepsis",-1.5522118657308,-20.8150266980171,769.777330800816,0.510396135063921,FALSE
"GSM1692458","Sepsis",39.1925638125986,-31.7866473432047,751.593674110366,-1.53309857495745,FALSE
"GSM1692459","Sepsis",-21.9722211645153,-16.4451631277212,764.664279751054,-0.0642128641120027,FALSE
"GSM1692460","Sepsis",6.54172553144061,6.00828396165211,775.606245107288,1.16545445216786,FALSE
"GSM1692461","Sepsis",2.77281454020345,6.18104281355787,772.97679742541,0.869954898933464,FALSE
"GSM1692462","Sepsis",-4.04113692772627,5.95060353379804,772.750587313,0.844533215279214,FALSE
"GSM1692463","Sepsis",-21.9658269663822,-1.46844125236891,768.997367671658,0.422743219284692,FALSE
"GSM1692465","Sepsis",-9.98923179706837,-19.3742315916791,766.419699414717,0.133062681595257,FALSE
"GSM1692466","Sepsis",-11.388286479924,15.8234664577266,768.116548710521,0.323756039851404,FALSE
"GSM1692467","Sepsis",-27.8624848681365,-27.0475314653917,759.269542513633,-0.670477995174157,FALSE
"GSM1692468","Sepsis",-23.220560864311,18.3107243946385,769.617084540409,0.49238752485878,FALSE
"GSM1692469","Sepsis",-5.02422449454015,26.2722595740067,769.059314673637,0.429704875732529,FALSE
"GSM1692470","Sepsis",-19.1367751420606,9.39411990679684,772.77168565759,0.846904265079186,FALSE
"GSM1692471","Sepsis",-26.7136950748669,-1.2355191450598,764.80037165546,-0.0489187408526092,FALSE
"GSM1692472","Sepsis",31.4705490579119,-12.316516284691,763.13313756421,-0.236283917386472,FALSE
"GSM1692473","Sepsis",0.528686403546567,2.62455764841457,774.929494128584,1.08940060510473,FALSE
"GSM1692474","Sepsis",-28.0764100826948,0.118120723616797,771.140765706736,0.663620102340416,FALSE
"GSM1692475","Sepsis",21.1268104427723,11.1322579090453,771.107723319765,0.659906770960941,FALSE
"GSM1692476","Sepsis",14.2321500429593,-23.0766226844217,767.089707679439,0.208358776761307,FALSE
"GSM1692477","Sepsis",6.25007803079462,-21.2929435295701,769.300087079038,0.456763082183088,FALSE
"GSM1692478","Sepsis",40.5141513270538,-30.2815618615313,742.980259297048,-2.50108141283609,FALSE
"GSM1692479","Sepsis",26.2868366491313,1.62501467054686,766.589582892364,0.152154330420419,FALSE
"GSM1692480","Sepsis",-26.988793964738,9.75186041824114,765.09653063891,-0.0156361439410676,FALSE
"GSM1692481","Sepsis",12.1629746626276,-8.86828647128975,771.959510911937,0.755631380608887,FALSE
"GSM1692482","Sepsis",-16.4471636305319,-7.96419668697412,762.72716685439,-0.281907248934319,FALSE
"GSM1692483","Sepsis",-17.0477578165388,9.70514348661419,773.597484872931,0.93970827897014,FALSE
"GSM1692484","Sepsis",7.07461022648919,-33.0550289560618,761.887402097836,-0.376280722152171,FALSE
"GSM1692485","Sepsis",-17.9606927299441,-10.7766183820429,773.293081542728,0.905499175401395,FALSE
"GSM1692487","Sepsis",-16.6687886392424,17.7455931477136,766.015118728459,0.0875955620703152,FALSE
"GSM1692488","Sepsis",3.47379543121372,-7.90482213810505,768.003026186286,0.31099828261414,FALSE
"GSM1692489","Sepsis",-1.87018906035538,-0.466306788446294,770.754982087896,0.620265413141597,FALSE
"GSM1692490","Sepsis",-40.6300693508834,-9.86778157181491,747.903633969005,-1.9477884053366,FALSE
"GSM1692491","Sepsis",-3.64198072762634,13.0956030766639,772.820512936107,0.852391515914031,FALSE
"GSM1692492","Sepsis",24.9692312940834,16.2381732398938,768.558545811237,0.373428047662279,FALSE
"GSM1692493","Sepsis",-17.0815948505139,3.89067020952603,768.415939643526,0.357401845985956,FALSE
"GSM1692494","Sepsis",11.2217843117099,4.31108800128214,770.159356243144,0.553328477209397,FALSE
"GSM1692495","Sepsis",57.1404795037642,-37.414716321494,732.376333259898,-3.69275958468328,FALSE
"GSM1692496","Sepsis",16.9834988975142,16.4920663671086,766.810081814123,0.176934185641633,FALSE
"GSM1692497","Sepsis",-4.43455135472055,8.66336355438476,774.83366329094,1.07863105456189,FALSE
"GSM1692498","Sepsis",57.4199924178876,-3.94013503057061,749.396323166827,-1.78003873147393,FALSE
"GSM1692499","Sepsis",-44.6449505272524,-8.96174798885226,759.948095217303,-0.59422166873636,FALSE
"GSM1692501","Sepsis",-10.9685967059369,3.01382930602026,775.090127058382,1.10745266954295,FALSE
"GSM1692502","Sepsis",7.50041804125079,-8.90625960267945,774.017393261202,0.986897938604259,FALSE
"GSM1692503","Sepsis",31.3199952553196,1.27700816119565,764.754777111903,-0.0540426941998944,FALSE
"GSM1692504","Sepsis",12.4775067620587,-10.9351649355186,774.602240007361,1.05262351032474,FALSE
