"iteration","seed","AUC","mean_difference","standardized_mean_difference"
1,20280719,0.998872180451128,1.76266242848371,6.03039574218885
2,20280720,0.999028822055138,1.90229327143734,5.95096591680434
3,20280721,0.996898496240602,1.82435576289098,5.44151816055865
4,20280722,0.998621553884712,1.96513424904135,5.92536789728791
5,20280723,0.998464912280702,1.86118437521992,5.77304729764489
6,20280724,0.998558897243108,1.88494942064348,5.63197108048861
7,20280725,0.997431077694236,1.9340753495188,5.87175614485038
8,20280726,0.997713032581454,1.91559112959649,5.63961013672658
9,20280727,0.998840852130326,1.96548092947995,6.11332307701135
10,20280728,0.999342105263158,1.93534404543797,6.59165103045581
11,20280729,0.998966165413534,1.83079930492794,5.90905132492749
12,20280730,0.999436090225564,1.91835149387531,6.32043688374395
13,20280731,0.99953007518797,2.13943572375313,7.18169102794944
14,20280732,0.999248120300752,1.92349181970551,5.97997104170291
15,20280733,0.997462406015038,1.66783240875439,5.23448082616409
16,20280734,0.99937343358396,1.94133415376191,6.04774816511523
17,20280735,0.999342105263158,2.06448328744612,6.4613664117392
18,20280736,0.997462406015038,1.89269658284962,5.74440639302143
19,20280737,0.998684210526316,1.89288955927381,5.90845181688154
20,20280738,0.999279448621554,1.94797471271804,6.2715238327463
21,20280739,0.997211779448622,1.86750296825689,5.55304148325384
22,20280740,0.997932330827068,1.79607781495865,5.57288079212612
23,20280741,0.99827694235589,1.83117446693985,5.71606290147482
24,20280742,0.998809523809524,1.88143553520113,6.09592919460459
25,20280743,0.998715538847118,1.88700193787657,5.89944870488618
26,20280744,0.999185463659148,1.86163497619674,6.20804237639173
27,20280745,0.998840852130326,1.85640781498684,5.75697608643702
28,20280746,0.998464912280702,1.82518378313659,5.73355262199168
29,20280747,0.997055137844612,1.80176619015288,5.33360581629018
30,20280748,0.9984335839599,1.7879301385495,5.53865494126265
31,20280749,0.999404761904762,2.09138503087531,6.48489202364441
32,20280750,0.9984335839599,1.77848644108208,5.67081874431801
33,20280751,0.996115288220551,1.71325793080451,5.01326834453992
34,20280752,0.998809523809524,1.85198592987281,5.86862137049502
35,20280753,0.997243107769424,1.81456347275877,5.61957022486041
36,20280754,0.99859022556391,1.89459692726128,5.93851048515924
37,20280755,0.998558897243108,1.90110041850689,6.02677612265581
38,20280756,0.997901002506266,1.73770622385589,5.56044115123227
39,20280757,0.998778195488722,1.89992892459022,6.0952898104374
40,20280758,0.998151629072682,1.81427715365476,5.56294501973146
41,20280759,0.998339598997494,1.91108465437907,5.66271974809423
42,20280760,0.999342105263158,1.96301420002444,6.28832352150205
43,20280761,0.996553884711779,1.80235382513847,5.50664499433357
44,20280762,0.998402255639098,1.85526047640163,5.75762704804778
45,20280763,0.997994987468672,1.90503499910088,5.89539577436143
46,20280764,0.998652882205514,1.92515080168484,6.19991971067523
47,20280765,0.996710526315789,1.8338318211084,5.48973588473906
48,20280766,0.998684210526316,1.94359364478383,5.9072174209944
49,20280767,0.999279448621554,1.9487268619599,6.3423241228074
50,20280768,0.997744360902256,1.9732364815188,5.97073182203048
51,20280769,0.998245614035088,1.86342779552318,5.78337585467227
52,20280770,0.998778195488722,1.82157221769674,6.09245782472393
53,20280771,0.99921679197995,1.97389129530952,6.06993749919172
54,20280772,0.998558897243108,1.86934060842231,5.90639965048038
55,20280773,0.997274436090226,1.78766962402882,5.42198076588667
56,20280774,0.996428571428571,1.93005128983208,5.73183920139667
57,20280775,0.99765037593985,1.80018427927068,5.9072113067036
58,20280776,0.99718045112782,1.90736437549499,5.63121399078123
59,20280777,0.997994987468672,1.88819853791479,5.96879130554515
60,20280778,0.99812030075188,1.89657551241667,5.76329466827782
61,20280779,0.998715538847118,1.88752654402193,6.21278913963503
62,20280780,0.998088972431078,1.77724964110714,5.4246518641564
63,20280781,0.998684210526316,1.883479052901,5.97919030377703
64,20280782,0.998558897243108,1.91446404387782,6.16267919276477
65,20280783,0.997368421052632,1.85680262324436,5.66026379312587
66,20280784,0.99937343358396,1.84465535001755,6.00966760693626
67,20280785,0.998151629072682,1.8585719504881,5.96625946547065
68,20280786,0.998684210526316,1.8822998918678,5.91465291766623
69,20280787,0.99827694235589,1.94974183629135,6.07351181896667
70,20280788,0.998339598997494,1.76825579085213,5.92050809484656
71,20280789,0.997305764411028,1.90998948370363,5.74452624419011
72,20280790,0.998621553884712,1.71759621835777,5.31271863124789
73,20280791,0.998214285714286,1.69640230107143,5.303557933959
74,20280792,0.998402255639098,1.91542363858208,5.9748988908215
75,20280793,0.998308270676692,1.86381113593171,5.92424447889233
76,20280794,0.998558897243108,2.01744895720489,6.00374233454021
77,20280795,0.998151629072682,1.91913475744236,5.83003019678836
78,20280796,0.997149122807018,1.8653261121015,5.64517458069619
79,20280797,0.996209273182957,1.73717114649687,5.38865371198788
80,20280798,0.999498746867168,1.87096986603195,6.2068656908539
81,20280799,0.997681704260652,1.772508606698,5.53372316463614
82,20280800,0.998840852130326,1.8905681857406,6.01413809766582
83,20280801,0.997994987468672,1.91650959371491,5.85350935659092
84,20280802,0.998997493734336,1.7200604654599,5.61215708161379
85,20280803,0.996271929824561,1.78346593209336,5.29641740282023
86,20280804,0.998026315789474,1.8655303482005,5.68256604748366
87,20280805,0.999248120300752,1.86118858995551,6.1587395526825
88,20280806,0.998370927318296,1.78730428279073,5.79015220274475
89,20280807,0.999122807017544,1.9254096887619,6.43209160519418
90,20280808,0.998684210526316,1.78356873770238,5.67095197230339
91,20280809,0.996961152882206,1.74637781274311,5.17211436122597
92,20280810,0.99937343358396,2.02244422966541,6.37388408166304
93,20280811,0.99796365914787,1.95616367586967,5.88334523102403
94,20280812,0.998872180451128,1.91475495396867,6.23719582371548
95,20280813,0.999404761904762,1.97906948203509,6.32796876299031
96,20280814,0.998182957393484,1.83198247278384,5.71240424586233
97,20280815,0.998151629072682,1.82292217638784,5.72411422316715
98,20280816,0.998088972431078,1.788748045552,5.64631148712501
99,20280817,0.999091478696742,1.72831857439599,5.71017829495258
100,20280818,0.998245614035088,1.80086628989411,5.56550219643924
101,20280819,0.998245614035088,1.88436809490163,5.9036519123559
102,20280820,0.997055137844612,1.90737573176629,5.72144696586827
103,20280821,0.997462406015038,1.74387535891667,5.38726548996774
104,20280822,0.99796365914787,1.79389273837093,5.56255654628123
105,20280823,0.999091478696742,1.82542287625689,5.82032826562738
106,20280824,0.999091478696742,1.92032962586028,6.24124534657017
107,20280825,0.998621553884712,1.87144082112845,5.66411621379986
108,20280826,0.99859022556391,1.85253551309273,5.98576354564533
109,20280827,0.998370927318296,1.77036457288972,5.51818542732157
110,20280828,0.998151629072682,1.88538075116165,5.91403344483036
111,20280829,0.998464912280702,2.0583408661084,6.2427549273227
112,20280830,0.998872180451128,1.81165799405138,5.88752049668656
113,20280831,0.997399749373434,1.74174520870551,5.20880206204468
114,20280832,0.999248120300752,1.82972967320489,5.9379801200108
115,20280833,0.998245614035088,1.77684725545113,5.661084156757
116,20280834,0.996961152882206,1.80161188823434,5.48378891374494
117,20280835,0.996616541353384,1.70583130108208,5.11504347889457
118,20280836,0.998026315789474,1.92197138988283,5.76939495912717
119,20280837,0.996741854636591,1.66369882836591,4.98885435063359
120,20280838,0.999467418546366,1.9007314998396,5.9248763997793
121,20280839,0.996240601503759,1.7555307286015,5.29813131828458
122,20280840,0.998182957393484,1.88653327536153,5.89501508494417
123,20280841,0.999342105263158,2.04602158706892,6.46874445742593
124,20280842,0.999185463659148,1.92461007330451,6.32564904336226
125,20280843,0.998715538847118,1.82359966968233,5.75965165382471
126,20280844,0.997932330827068,1.85915567415288,5.84834256261537
127,20280845,0.998934837092732,1.82243058463033,6.02556039949856
128,20280846,0.996522556390977,1.76043599097682,5.35504597679037
129,20280847,0.99812030075188,1.9871039178916,6.12419239389931
130,20280848,0.997619047619048,1.81835686434712,5.54135546570465
131,20280849,0.999248120300752,1.84391865391792,5.98593921345602
132,20280850,0.998370927318296,1.78378649853509,5.81305195688725
133,20280851,0.999091478696742,1.93583745076692,6.28831413578464
134,20280852,0.995394736842105,1.64946390492293,4.97030281207273
135,20280853,0.999185463659148,1.82980376973371,5.95012339686012
136,20280854,0.999342105263158,1.78772572239348,5.72967115564505
137,20280855,0.997117794486216,1.86858791167168,5.57310894143519
138,20280856,0.99890350877193,1.87199184400814,5.75133897178379
139,20280857,0.99859022556391,1.81460096320677,5.97227765162772
140,20280858,0.995614035087719,1.66066246531704,5.06528986346795
141,20280859,0.997775689223058,1.89354624924749,5.69909240423325
142,20280860,0.995614035087719,1.79087516520426,5.37147343824376
143,20280861,0.998496240601504,1.96504030122306,6.25429347774852
144,20280862,0.998558897243108,1.83760367660652,5.78848584956783
145,20280863,0.998558897243108,1.88407879499499,5.70931052154469
146,20280864,0.998934837092732,1.93498889340977,6.02228760033587
147,20280865,0.998840852130326,1.89890902598496,6.09547871309998
148,20280866,0.997869674185464,1.80856084756266,5.78229374301523
149,20280867,0.998496240601504,1.84868587554762,5.85229654142893
150,20280868,0.997994987468672,1.80728002219987,5.64900395271857
151,20280869,0.995927318295739,1.71770457138722,4.92666929182592
152,20280870,0.997399749373434,1.9041145766698,5.75226937857928
153,20280871,0.999498746867168,2.0053639239411,6.33034420560391
154,20280872,0.998934837092732,1.87134951353571,5.8431203562482
155,20280873,0.997901002506266,1.75253697037657,5.55841036097604
156,20280874,0.999404761904762,1.85102891213784,5.55310825874298
157,20280875,0.998214285714286,1.85716555516291,5.74014218643587
158,20280876,0.998809523809524,1.86500081157143,6.1008381430226
159,20280877,0.999279448621554,1.96810083641353,6.31329334401752
160,20280878,0.998997493734336,1.94594610402506,6.26414155702927
161,20280879,0.998621553884712,1.86589721337218,5.88084070342069
162,20280880,0.998997493734336,1.89584495416479,5.95591036011161
163,20280881,0.997525062656642,1.89824720264474,5.63506185092008
164,20280882,0.998339598997494,1.881107303849,6.00731025363001
165,20280883,0.997399749373434,1.84904594866103,5.65543195372948
166,20280884,0.999436090225564,2.06909127271241,6.7010321884226
167,20280885,0.998245614035088,1.94788975705702,6.12115685056295
168,20280886,0.996491228070175,1.87342085469612,5.62341813122347
169,20280887,0.999122807017544,1.96819731041416,6.36347034462709
170,20280888,0.998778195488722,1.94639184827819,6.04772493354809
171,20280889,1,1.99620549939912,6.77045841049019
172,20280890,0.997838345864662,1.87227375621053,5.69476235120825
173,20280891,0.997431077694236,1.77411674932644,5.32555911318806
174,20280892,0.998872180451128,1.82218507154699,5.84691997608079
175,20280893,0.998652882205514,1.8896239431792,5.78324658721068
176,20280894,0.998652882205514,1.83687309774311,5.82175757074136
177,20280895,0.9984335839599,1.75509531145739,5.30835513192875
178,20280896,0.998715538847118,2.00169538456391,6.26864907856872
179,20280897,0.999342105263158,1.92627048903321,6.37259002566783
180,20280898,0.998151629072682,1.82349858300752,5.68263056944508
181,20280899,0.998245614035088,1.83027931090163,5.69385645772834
182,20280900,0.998496240601504,1.82461641439975,5.70433046948476
183,20280901,0.99780701754386,1.92550498359524,5.9232296331108
184,20280902,0.99874686716792,1.92695550539035,6.0455775089013
185,20280903,0.997086466165414,1.84849826734399,5.62938555992591
186,20280904,0.998966165413534,1.91457951709273,5.83559484130292
187,20280905,0.998088972431078,2.03061497062782,6.16347741222174
188,20280906,0.997994987468672,1.89011743787218,5.82231115484882
189,20280907,0.999154135338346,1.93569983560652,6.14253327273335
190,20280908,0.998151629072682,1.88842896831266,5.87085659659179
191,20280909,0.99906015037594,1.86387281066792,6.09598543511137
192,20280910,0.999436090225564,2.02427700116541,6.2859537470154
193,20280911,0.997243107769424,1.8430161055495,5.61444673544653
194,20280912,0.996835839598997,1.92804432181955,5.65230447166444
195,20280913,0.998684210526316,1.88329035274937,5.83919157125603
196,20280914,0.999561403508772,1.89483836166291,6.17672606773142
197,20280915,0.995833333333333,1.72807716811717,4.96314584930644
198,20280916,0.999655388471178,1.83943442203571,6.05108753845711
199,20280917,0.998088972431078,1.95532333098246,5.85083598858747
200,20280918,0.995708020050125,1.72660314531015,5.17373714807209
201,20280919,0.996240601503759,1.69693490364599,5.32643327672756
202,20280920,0.999342105263158,1.83316375310088,5.82023245995593
203,20280921,0.998370927318296,1.80244060781955,5.8455190405624
204,20280922,0.998088972431078,1.88302183816855,5.73986555460352
205,20280923,0.9984335839599,1.77469028097619,5.78969791540564
206,20280924,0.998934837092732,1.87405283792481,6.09163185045485
207,20280925,0.997744360902256,1.87334886794611,5.79537790076451
208,20280926,0.999342105263158,1.85255033780263,6.14516142328526
209,20280927,0.997274436090226,1.86426539171805,5.69495654640325
210,20280928,0.999028822055138,1.98313581279887,6.32870771789587
211,20280929,0.99812030075188,1.71541858151942,5.38590255617672
212,20280930,0.998997493734336,1.83343184958459,5.86932472905963
213,20280931,0.997838345864662,1.74467597172369,5.38341624395984
214,20280932,0.996146616541353,1.717194462349,5.11711765221167
215,20280933,0.999122807017544,1.82319705793797,5.85960978419311
216,20280934,0.999749373433584,1.90971506256642,6.43733079619561
217,20280935,0.997713032581454,1.77601269241291,5.64989803879227
218,20280936,0.998057644110276,1.82200676871241,5.65973278876338
219,20280937,0.999122807017544,1.94611901987093,6.37809409987835
220,20280938,0.997681704260652,1.86345864228258,5.7833678711383
221,20280939,0.99718045112782,1.90529618167669,5.75130256224108
222,20280940,0.998621553884712,1.91799729842794,5.92309137110582
223,20280941,0.997994987468672,1.75415964333521,5.40424254364178
224,20280942,0.998997493734336,1.8440467283114,5.93512407175603
225,20280943,0.996585213032581,1.82662816363471,5.60791328678502
226,20280944,0.997901002506266,1.8316358958703,5.87785257048975
227,20280945,0.997368421052632,1.77306773510025,5.33007761776313
228,20280946,0.998997493734336,1.96295860073058,6.33902826601714
229,20280947,0.998245614035088,1.84839222142857,5.76392206068772
230,20280948,0.998652882205514,1.95184941796241,6.15274576054595
231,20280949,0.998151629072682,1.84439775518484,5.7039196746778
232,20280950,0.999248120300752,1.96386512050501,6.25365368974153
233,20280951,0.99953007518797,1.8193654372218,5.70382891633737
234,20280952,0.999154135338346,1.90085041267356,6.51780284028406
235,20280953,0.997117794486216,1.80775363446805,5.48773688932023
236,20280954,0.998464912280702,1.90059485134712,6.0272271030178
237,20280955,0.999780701754386,2.01631303805952,6.77124775495659
238,20280956,0.9984335839599,1.88136446560401,5.75428059490415
239,20280957,0.998621553884712,1.90114665542231,5.69468399387679
240,20280958,0.998527568922306,1.87434950001253,5.9734344686873
241,20280959,0.998778195488722,1.95836930872118,5.95455651215482
242,20280960,0.999655388471178,2.02668627938973,6.78667987847059
243,20280961,0.999028822055138,1.98074403927193,6.16033859201249
244,20280962,0.99874686716792,1.95307359812155,5.81583058214111
245,20280963,0.997149122807018,1.77068419013784,5.23437536554279
246,20280964,0.998527568922306,1.96816524439662,6.07111168397722
247,20280965,0.998057644110276,1.71349048915915,5.3562023254075
248,20280966,0.997994987468672,1.73200316032707,5.53691050160725
249,20280967,0.997744360902256,1.70746590305138,5.55474266737687
250,20280968,0.997211779448621,1.8263999612312,5.54324960290886
251,20280969,0.99733709273183,1.89239262427632,5.67301295924604
252,20280970,0.999624060150376,2.06373277453509,6.76168796324302
253,20280971,0.997525062656642,1.82047575180702,5.99094766248346
254,20280972,0.999561403508772,1.77921850063032,6.03557441312323
255,20280973,0.997274436090226,1.82251618579261,5.65147420462583
256,20280974,0.999467418546366,1.89760437115852,6.24786753314807
257,20280975,0.99812030075188,1.87738484385589,5.85167471062634
258,20280976,0.998966165413534,1.89800991886341,5.95682267773445
259,20280977,0.999279448621554,1.8266815978797,5.96034146352985
260,20280978,0.999655388471178,2.05976116095739,6.64811800629404
261,20280979,0.998496240601504,1.91831915965038,6.01522482102436
262,20280980,0.998840852130326,1.86944938304198,5.85766596008626
263,20280981,0.996083959899749,1.75926123126128,5.31921916742964
264,20280982,0.998088972431078,1.93354984736842,5.96709999028243
265,20280983,0.997055137844612,1.74095828946491,5.45594726337796
266,20280984,0.99937343358396,1.9483442642594,6.40984802657665
267,20280985,0.998026315789474,1.88288479397368,5.53767143771692
268,20280986,0.996898496240601,1.74053321339474,5.19014691595503
269,20280987,0.997994987468672,1.79783093739035,5.49413053493021
270,20280988,0.997713032581454,1.90359612970113,5.99665097654861
271,20280989,0.998245614035088,1.94195060845739,6.02844553672407
272,20280990,0.999248120300752,1.95397852200501,6.45401983414211
273,20280991,0.999122807017544,1.91014732670175,6.36569349401203
274,20280992,0.999624060150376,1.89637148331767,6.15813085027375
275,20280993,0.998026315789474,1.84209849813409,5.85678483083267
276,20280994,0.997932330827068,1.86146036701629,5.87018927048245
277,20280995,0.999436090225564,1.96892538197744,6.38294498524411
278,20280996,0.998558897243108,1.96865471407331,6.00940677267203
279,20280997,0.998496240601504,1.88844423358271,5.9255172469356
280,20280998,0.998621553884712,1.92016681129887,6.15495311029579
281,20280999,0.998778195488722,1.74965404281892,5.815299420126
282,20281000,0.999248120300752,1.88899093868547,6.07233285625288
283,20281001,0.998088972431078,1.82409372094549,5.8319351372569
284,20281002,0.997932330827068,1.77630276413659,5.72316809120806
285,20281003,0.999028822055138,1.79571914691291,5.79792789008953
286,20281004,0.997305764411028,1.84536808041667,5.56637958059671
287,20281005,0.998057644110276,1.76148131210401,5.59239111687539
288,20281006,0.999310776942356,2.09853632457832,6.63907674166182
289,20281007,0.99718045112782,1.82421062172431,5.51518253242298
290,20281008,0.9984335839599,1.90326677898872,6.09337305544399
291,20281009,0.997713032581454,1.79292641731266,5.61668250449403
292,20281010,0.998151629072682,1.88640479130012,5.80792377262708
293,20281011,0.999154135338346,1.76695612732707,5.88943653435339
294,20281012,0.99890350877193,2.0122939267782,6.51898358995227
295,20281013,0.999498746867168,1.94747615242231,6.21265237713175
296,20281014,0.999561403508772,1.97499454888221,6.34423562595273
297,20281015,0.997556390977444,1.72697827530138,5.48187605278824
298,20281016,0.99953007518797,1.99749678991667,6.53913255975075
299,20281017,0.998621553884712,1.96937476340163,6.08941950011463
300,20281018,0.997838345864662,1.89458550267857,5.91305254377653
301,20281019,0.99859022556391,1.9712108520589,5.92887742560084
302,20281020,0.99859022556391,1.88587237904135,6.10629666710129
303,20281021,0.999310776942356,1.80985020226566,6.01912762805987
304,20281022,0.997243107769424,1.83601459999499,5.52166586538676
305,20281023,0.99796365914787,1.82855557194862,5.5710790593462
306,20281024,0.999404761904762,1.90363172512782,6.29466649753607
307,20281025,0.99796365914787,1.84705929640163,5.67177607778849
308,20281026,0.996929824561404,1.88506258576128,5.61046353301871
309,20281027,0.999310776942356,1.88894301511592,5.9741680969458
310,20281028,0.998057644110276,1.81383143568922,5.81541028531105
311,20281029,0.999028822055138,1.98834791509211,6.16376350916186
312,20281030,0.998621553884712,1.75042878883521,5.63251181996639
313,20281031,0.99937343358396,1.9009823996817,6.31560770569695
314,20281032,0.998997493734336,1.99150940317795,6.49892658052898
315,20281033,0.99796365914787,1.85051315217043,5.51167589372626
316,20281034,0.998872180451128,1.95389180741917,6.50993853535119
317,20281035,0.99702380952381,1.94240100056078,5.88670208307375
318,20281036,0.998840852130326,1.74937427024311,5.58510174867371
319,20281037,0.998308270676692,1.89570793849436,5.81082231669002
320,20281038,0.998934837092732,1.9739239283985,6.11038773112469
321,20281039,0.997775689223058,1.80804787179449,5.73786645993528
322,20281040,0.999154135338346,1.84872417058897,5.96042978341734
323,20281041,0.99780701754386,1.90010166459524,5.79089827457434
324,20281042,0.99890350877193,1.93034519309273,6.07073504688596
325,20281043,0.998966165413534,1.91582269394674,6.26485395310993
326,20281044,0.996679197994987,1.77297293933208,5.35172820739373
327,20281045,0.999122807017544,1.88153635035464,6.08830925683838
328,20281046,0.99780701754386,1.80795811443734,5.59177035699288
329,20281047,0.998621553884712,1.86718484810651,5.97722569198995
330,20281048,0.999154135338346,1.86329562423747,6.20961989445142
331,20281049,0.996804511278195,1.75271182184399,5.25201333614676
332,20281050,0.999561403508772,1.86605217829887,6.24623111119331
333,20281051,0.999122807017544,1.95556533392857,6.30577562341902
334,20281052,0.997368421052632,1.80079391842043,5.55974160231989
335,20281053,0.999436090225564,1.9609372697688,6.20723369229106
336,20281054,0.997775689223058,1.90357466020113,5.88753482125918
337,20281055,0.998402255639098,1.79879328629825,5.68591834816525
338,20281056,0.998182957393484,1.9438687660589,6.14515265593773
339,20281057,0.998934837092732,1.92174314738596,6.12514587924775
340,20281058,0.998778195488722,1.90050939731892,5.98815559618876
341,20281059,0.999498746867168,1.95788022236779,6.38246308964546
342,20281060,0.999498746867168,1.71278340062218,5.87947452122988
343,20281061,0.999185463659148,1.99130544618609,6.36026344854645
344,20281062,0.99827694235589,1.87055255835902,5.94235286413158
345,20281063,0.999436090225564,1.91070032186403,6.53353981503196
346,20281064,0.999185463659148,1.83621164981015,5.83206003380648
347,20281065,0.999154135338346,1.92878253703509,6.22701750223314
348,20281066,0.9984335839599,1.86353955538283,5.85974846468273
349,20281067,0.998026315789474,1.7872014354718,5.4884562916591
350,20281068,0.999248120300752,1.89322692436654,6.14267923893167
351,20281069,0.999498746867168,1.88683619672243,6.05994623038739
352,20281070,0.998245614035088,1.8968452984292,5.99321924465242
353,20281071,0.999091478696742,1.95898343195865,6.41132174649476
354,20281072,0.997431077694236,1.84529447982519,5.35007595765662
355,20281073,0.999498746867168,1.94379810724499,6.64077746189196
356,20281074,0.998966165413534,1.94683066420927,5.91508263954618
357,20281075,0.999122807017544,1.81762049136842,5.92059453931647
358,20281076,0.998966165413534,1.91351232161654,6.06442965887703
359,20281077,0.998558897243108,1.84142122813221,5.81244764821246
360,20281078,0.999624060150376,1.8541253373985,5.91055439223862
361,20281079,0.999091478696742,1.85707737778947,5.79271129963361
362,20281080,0.998558897243108,1.89847362219048,6.04806154569733
363,20281081,0.998339598997494,1.88551340144862,5.71140337073508
364,20281082,0.999404761904762,1.84726494007957,6.14331814212399
365,20281083,0.99702380952381,1.81674548704887,5.4084945221585
366,20281084,0.998840852130326,1.9640061972406,6.10671328191253
367,20281085,0.999248120300752,1.87105382212281,6.25782602969582
368,20281086,0.999780701754386,2.17842137594424,6.6293033669259
369,20281087,0.99812030075188,1.78052207118233,5.50519509462999
370,20281088,0.997086466165414,1.85290514461278,5.76780319009254
371,20281089,0.998997493734336,1.92744518896616,6.31869898804469
372,20281090,0.998809523809524,1.8958244323089,6.18695118109383
373,20281091,0.998997493734336,1.86995289488346,5.86480452427204
374,20281092,0.998997493734336,1.86938831285464,6.01974970102231
375,20281093,0.999185463659148,2.07413725208271,6.54359470736921
376,20281094,0.999154135338346,2.03636605177694,6.32060468493633
377,20281095,0.998684210526316,1.90539216296491,6.08020255188573
378,20281096,0.99874686716792,2.00939254865226,6.04589844291954
379,20281097,0.997587719298246,1.79391626423872,5.53385637264413
380,20281098,0.99906015037594,2.00352867890539,6.40895951511153
381,20281099,0.998809523809524,1.75887391788158,5.79161326147608
382,20281100,0.998715538847118,1.92736565948496,6.30134573801561
383,20281101,0.998652882205514,1.87675715437719,5.92517519495235
384,20281102,0.998245614035088,1.86476459247744,5.71615749259113
385,20281103,0.999248120300752,1.74804021822682,5.79531183496412
386,20281104,0.999154135338346,1.96789977746429,6.19325346598745
387,20281105,0.998527568922306,1.9286607413421,5.90198184174336
388,20281106,0.998182957393484,1.78478507131078,5.65933328343088
389,20281107,0.997932330827068,1.8765685488089,5.89159266554035
390,20281108,0.997211779448622,1.79830533029323,5.47651906403858
391,20281109,0.998558897243108,2.05912961783208,6.18151509667925
392,20281110,0.997211779448621,1.8906601864693,5.79840301933992
393,20281111,0.999248120300752,1.91493106843484,6.06300193230505
394,20281112,0.997556390977444,1.85577985982331,5.61255669294618
395,20281113,0.999154135338346,1.93682782938784,6.33838393436288
396,20281114,0.999592731829574,1.86923382212845,6.187183333597
397,20281115,0.998245614035088,1.94615285787531,6.12543917968076
398,20281116,0.998652882205514,1.86826346048997,5.7566395395199
399,20281117,0.998558897243108,1.9427075266015,6.02823491587253
400,20281118,0.998214285714286,1.7835357003703,5.85467592980728
401,20281119,0.998778195488722,1.97099737052757,6.05744138812877
402,20281120,0.99921679197995,2.01030039163597,6.30732394484922
403,20281121,0.999185463659148,1.90129521495426,6.12229388991409
404,20281122,0.997932330827068,1.76786296156767,5.66174977074374
405,20281123,0.998934837092732,1.86415529676692,5.92975525119064
406,20281124,0.997681704260652,1.87157889304511,5.62033398933936
407,20281125,0.999342105263158,1.92407579679825,6.4590654322945
408,20281126,0.997399749373434,1.87486182757895,5.57882259757845
409,20281127,0.998527568922306,1.82678636713409,5.56040254633979
410,20281128,0.999248120300752,1.84362515486404,5.97188335586733
411,20281129,0.99812030075188,1.85518154359085,5.88180400779743
412,20281130,0.998809523809524,1.93649506166917,6.03415228870401
413,20281131,0.998496240601504,1.95068842222744,6.15223934638143
414,20281132,0.999310776942356,1.84265751738784,6.04531207717582
415,20281133,0.999028822055138,1.91726843181015,6.2127571917183
416,20281134,0.997932330827068,1.92586054130952,5.78565166662496
417,20281135,0.999028822055138,1.90239888154574,6.0352174112426
418,20281136,0.99890350877193,1.85088437063283,5.8585998048013
419,20281137,0.998182957393484,1.82215066278885,5.80651176549828
420,20281138,0.998966165413534,1.93252275118546,6.03128941483256
421,20281139,0.999091478696742,1.91694728730326,6.06814119956132
422,20281140,0.999561403508772,2.02109692392983,6.66913948835784
423,20281141,0.998402255639098,1.88287816289975,6.17374017260133
424,20281142,0.999310776942356,1.82179375708271,5.9495265977332
425,20281143,0.99733709273183,1.92802092321993,5.80473870935458
426,20281144,0.999592731829574,2.01325202493609,6.45109682579509
427,20281145,0.998151629072682,1.79809389991291,5.75086337441614
428,20281146,0.998088972431078,1.89157271296053,5.81319875706449
429,20281147,0.997681704260652,1.85731320271366,5.77089148728806
430,20281148,0.998088972431078,1.79599227475125,5.81328019484195
431,20281149,0.998997493734336,1.94539638810276,6.29604426098711
432,20281150,0.997681704260652,1.91142977993296,5.74857742187611
433,20281151,0.998715538847118,2.0042145767193,6.3940886013827
434,20281152,0.997681704260652,1.9863472864881,5.94157542789957
435,20281153,0.997681704260652,1.8950321710708,5.74652965081438
436,20281154,0.998527568922306,1.87196881472995,5.81287145528127
437,20281155,0.999404761904762,1.9792486493302,6.39739251354459
438,20281156,0.998464912280702,1.83377347593672,5.61604205545267
439,20281157,0.999091478696742,1.93179613418484,6.22498534281551
440,20281158,0.998715538847118,1.81225040512093,5.81864255014124
441,20281159,0.999091478696742,1.84771300377193,6.2207755188235
442,20281160,0.998496240601504,1.84182313085025,5.82213267003974
443,20281161,0.999185463659148,1.82203761538784,6.12871234474541
444,20281162,0.998778195488722,1.83214557712594,5.83616180128022
445,20281163,0.999342105263158,1.92386192278446,6.14611296551573
446,20281164,0.998872180451128,1.87509628597494,6.12339028128433
447,20281165,0.999310776942356,1.82666608324875,5.93134934923783
448,20281166,0.996303258145363,1.75158060535777,5.22494567080112
449,20281167,0.999310776942356,1.94410167518985,6.28763172378506
450,20281168,0.998245614035088,1.67885354196742,5.34408459388423
451,20281169,0.99953007518797,1.81442944377193,5.91461893177649
452,20281170,0.999154135338346,2.01860839806328,6.46908891178135
453,20281171,0.999091478696742,1.77634352173433,5.90089524111929
454,20281172,0.997901002506266,1.87427731372306,5.6784728740321
455,20281173,0.998872180451128,1.87592274952506,6.23737766251537
456,20281174,0.997869674185464,1.75573392218609,5.43895105120779
457,20281175,0.997681704260652,1.78022927908772,5.44639715597832
458,20281176,0.997086466165414,1.87395216528759,5.69397406150936
459,20281177,0.997744360902256,1.80634584977193,5.64750966870379
460,20281178,0.998370927318296,1.92838841477694,6.05460052025123
461,20281179,0.998214285714286,1.87185542424937,5.89246331004117
462,20281180,0.99906015037594,1.95229276587719,6.17954881837109
463,20281181,0.998621553884712,2.00209807856516,6.40860674036021
464,20281182,0.998245614035088,1.79807046133333,5.92509663779496
465,20281183,0.998245614035088,1.92145613424436,6.08789658656776
466,20281184,0.997368421052632,1.75958253428446,5.3922870491699
467,20281185,0.99812030075188,1.86418979784712,5.80305843391946
468,20281186,0.998402255639098,1.93085375211153,6.02625897959874
469,20281187,0.998809523809524,1.86928290084148,5.76689884730369
470,20281188,0.998872180451128,1.77963799011842,5.68783704091955
471,20281189,0.998997493734336,1.91864895991166,6.12661337956523
472,20281190,0.998809523809524,1.87118683469424,5.8364306590784
473,20281191,0.998370927318296,1.81901615154699,5.74913807246234
474,20281192,0.998652882205514,1.78889625256391,5.75647386895058
475,20281193,0.99890350877193,1.86982842347368,5.91843052909977
476,20281194,0.99984335839599,1.86052756221554,6.15022085482916
477,20281195,0.998214285714286,1.72865497011028,5.32158089720745
478,20281196,0.998621553884712,1.96638080987657,6.15690236714329
479,20281197,0.998402255639098,1.81663913307519,5.72639990568678
480,20281198,0.997525062656642,1.69097188404637,5.30964808228792
481,20281199,0.998715538847118,1.78484978552819,5.77877789423255
482,20281200,0.998402255639098,1.89681440931767,5.93465318231616
483,20281201,0.999248120300752,1.83254780368985,5.78264042555526
484,20281202,0.997305764411028,1.7510315885495,5.36173234127754
485,20281203,0.998809523809524,1.88242345580514,5.86782356726022
486,20281204,0.998026315789474,1.85873679207519,5.76817273564722
487,20281205,0.999561403508772,1.79887125991416,5.86416736856243
488,20281206,0.997932330827068,1.77063208637907,5.50495659158591
489,20281207,0.998558897243108,1.97131110143985,5.99494501801017
490,20281208,0.999154135338346,1.9124792894718,6.00716304873922
491,20281209,0.998402255639098,1.74899910921241,5.55260955726489
492,20281210,0.99827694235589,1.92725466960464,6.13714580123752
493,20281211,0.997932330827068,1.90809140231767,5.78551296670798
494,20281212,0.998464912280702,1.78876287345238,5.81325447884223
495,20281213,0.99859022556391,1.9329571948985,6.08879867881657
496,20281214,0.994862155388471,1.83696692410088,5.26096725664138
497,20281215,0.998402255639098,1.94063637210965,6.05156214539412
498,20281216,0.997901002506266,1.89095330461654,5.81967615411155
499,20281217,0.997838345864662,1.74997851172744,5.3245552084477
500,20281218,0.998057644110276,1.93494030800376,5.81414276339896
501,20281219,0.99780701754386,1.77260837137782,5.79979730109771
502,20281220,0.999310776942356,2.01561482141353,6.39935371344116
503,20281221,0.9984335839599,1.86973660779386,5.86970238817467
504,20281222,0.999028822055138,1.84130573761529,5.83091052341373
505,20281223,0.999310776942356,1.90381062382206,6.06325526878443
506,20281224,0.999467418546366,2.02186419684962,6.28339026003307
507,20281225,0.996585213032581,1.83021041327068,5.30267048247762
508,20281226,0.998872180451128,1.84890281648622,5.8226473258381
509,20281227,0.999248120300752,1.98937622857331,6.4957972457297
510,20281228,0.998496240601504,1.86961417518734,5.71486676679851
511,20281229,0.99812030075188,1.93793181953634,5.95158655999468
512,20281230,0.998872180451128,1.98203592228258,6.16839080897104
513,20281231,0.997681704260652,1.73286399161967,5.55859762620903
514,20281232,0.999279448621554,1.92289428685464,5.8905197371906
515,20281233,0.99765037593985,1.77932655119674,5.46974639067674
516,20281234,0.997901002506266,1.84323591919048,5.77093243627184
517,20281235,0.99937343358396,1.99909143007957,6.34381536294117
518,20281236,0.997399749373434,1.8265517609505,5.7590427834616
519,20281237,0.997117794486216,1.76135821758208,5.30470536805374
520,20281238,0.999185463659148,1.9742881347312,6.29276334778758
521,20281239,0.9984335839599,1.89667720896805,6.07412443314601
522,20281240,0.999185463659148,1.78747381715226,5.65399945264966
523,20281241,0.997713032581454,1.93707898919925,5.80674273583209
524,20281242,0.997431077694236,1.7753191676084,5.56501251075237
525,20281243,0.998308270676692,1.84168264282957,5.91128245389072
526,20281244,0.998652882205514,1.89312997569486,6.01611427401108
527,20281245,0.998026315789474,1.73269791980639,5.56815005744055
528,20281246,0.99890350877193,1.69515099209962,5.51054864682419
529,20281247,0.997681704260652,1.74426486306579,5.57219046040273
530,20281248,0.997869674185464,1.92047948445739,5.54418460964281
531,20281249,0.998339598997494,1.93803478492982,5.95670562186652
532,20281250,0.998339598997494,1.92094925625626,5.99259984137131
533,20281251,0.997901002506266,1.91027826537343,5.97949963445494
534,20281252,0.997556390977444,1.90789920372682,5.80480055867438
535,20281253,0.998715538847118,1.98174756851629,6.10678267992216
536,20281254,0.99812030075188,1.85658640643734,5.82689719960355
537,20281255,0.999436090225564,1.97209376496992,6.56442095182679
538,20281256,0.998621553884712,1.7877983104505,5.84703755043965
539,20281257,0.998057644110276,1.79810953177381,5.56012154186823
540,20281258,0.99890350877193,1.79471576070301,5.72344031372251
541,20281259,0.998966165413534,1.90977265994737,6.20864090644878
542,20281260,0.999592731829574,1.94762014142043,6.71932669337959
543,20281261,0.997775689223058,1.84609264299875,5.74051449450202
544,20281262,0.999404761904762,1.8963819771416,6.10292964032213
545,20281263,0.998496240601504,1.90985652788346,6.11348033809314
546,20281264,0.998966165413534,1.95267630533396,6.54109207293205
547,20281265,0.999467418546366,1.95608654070489,6.51695931012345
548,20281266,0.998778195488722,1.89529897126817,5.7782056599997
549,20281267,0.99921679197995,1.94345856729386,6.18931222999816
550,20281268,0.999279448621554,2.03113581252632,6.6368834996256
551,20281269,0.99890350877193,1.83903693506829,6.13906376835716
552,20281270,0.998402255639098,1.94274561286905,5.81229604181196
553,20281271,0.998621553884712,1.89137388536278,5.78428520465589
554,20281272,0.996491228070175,1.81411922443672,5.45556361669003
555,20281273,0.998245614035088,1.96393701152381,5.96910457119207
556,20281274,0.996021303258145,1.84794484667043,5.42020468113476
557,20281275,0.99874686716792,1.83548127001378,5.82833091091159
558,20281276,0.997587719298246,1.77727199635777,5.15982338964287
559,20281277,0.998621553884712,1.8575514880188,5.91646144975829
560,20281278,0.998934837092732,1.97000325926817,6.31461485865991
561,20281279,0.997274436090226,1.98912688963408,5.98576291445775
562,20281280,0.998496240601504,1.9367103164505,5.95526365223679
563,20281281,0.999248120300752,2.03217109096053,6.7105084911574
564,20281282,0.9984335839599,1.75623637104198,5.54205813317674
565,20281283,0.998934837092732,1.89848379080388,5.83732728758938
566,20281284,0.998778195488722,2.07220743714912,6.47299335867491
567,20281285,0.999467418546366,1.75679859271617,5.88330442602972
568,20281286,0.998496240601504,1.86328393148058,5.86415898802448
569,20281287,0.998934837092732,1.98090994568421,6.48637866649784
570,20281288,0.997274436090226,1.81199176736028,5.54875164415696
571,20281289,0.998934837092732,1.87547483015226,5.98914701168378
572,20281290,0.998840852130326,1.89453110864286,5.97763658641963
573,20281291,0.99890350877193,1.92850153717043,5.93779038316044
574,20281292,0.998339598997494,1.97171059774875,6.17118007419406
575,20281293,0.999592731829574,1.90008718195551,6.58218040572087
576,20281294,0.99953007518797,2.00327833604261,6.65232982641696
577,20281295,0.996303258145363,1.75166185717356,5.2199416059017
578,20281296,0.999279448621554,1.87752756299812,5.9789636936533
579,20281297,0.998245614035088,1.82086774686216,5.6869232955468
580,20281298,0.997149122807018,1.93403948157331,5.86246226603205
581,20281299,0.997619047619048,1.87271945690225,5.85889365936611
582,20281300,0.996334586466165,1.75249020834085,5.30820629983864
583,20281301,0.99827694235589,1.84410426690288,5.78616303723861
584,20281302,0.998182957393484,1.88174481489787,5.95918432001171
585,20281303,0.998621553884712,1.76400578833897,5.71455170820437
586,20281304,0.9984335839599,1.73569389360965,5.48806688400222
587,20281305,0.997619047619048,1.86924311669737,5.47350079253743
588,20281306,0.998527568922306,1.77211445009022,5.64342273461609
589,20281307,0.998778195488722,1.80375284323371,5.68848163382067
590,20281308,0.999624060150376,1.89414099702256,6.13899477632698
591,20281309,0.99921679197995,2.02491405828509,6.38069130683382
592,20281310,0.998934837092732,1.93035738827381,6.14435468812667
593,20281311,0.99796365914787,1.84196728935025,5.71892352529352
594,20281312,0.99827694235589,1.92073686102569,5.9852342704132
595,20281313,0.997775689223058,1.81118953660526,5.49250891113085
596,20281314,0.998621553884712,1.86727450416479,6.07917833948158
597,20281315,0.997994987468672,1.8531605800589,5.85431962324861
598,20281316,0.998339598997494,1.98464455260276,6.11586458856442
599,20281317,0.999404761904762,1.95725174592105,6.38487690573869
600,20281318,0.999624060150376,1.85904124875564,6.42174560659372
601,20281319,0.998527568922306,1.94667559495301,6.19759065999519
602,20281320,0.998245614035088,1.85310996340476,5.99857269415419
603,20281321,0.999874686716792,1.98360177364286,6.73220059986929
604,20281322,0.99906015037594,1.92690604721805,5.97696959299288
605,20281323,0.99953007518797,2.04066858400752,6.47671988916053
606,20281324,0.99812030075188,1.7856975010896,5.78246623068828
607,20281325,0.999185463659148,1.8117379778421,5.89655254378283
608,20281326,0.998840852130326,1.92365971017857,5.9466289238575
609,20281327,0.999028822055138,1.91465833369486,6.0222490318338
610,20281328,0.996679197994987,1.76536938437469,5.51752428676577
611,20281329,0.997149122807018,1.78670184413346,5.3184309256209
612,20281330,0.998715538847118,1.82758641200689,5.67322242448271
613,20281331,0.99937343358396,1.94016649405012,6.28705397186964
614,20281332,0.999404761904762,1.94886384643922,6.46433659078284
615,20281333,0.99827694235589,1.85448555635401,5.88866148181903
616,20281334,0.997869674185464,1.90852773672243,5.82244982131558
617,20281335,0.99859022556391,1.88065915782581,6.14836551424111
618,20281336,0.999279448621554,1.93581816346867,6.30849654905371
619,20281337,0.996491228070175,1.79709274416103,5.35653601537732
620,20281338,0.998151629072682,1.91713147972243,6.28996468321972
621,20281339,0.99859022556391,1.82153639518233,5.61395525044008
622,20281340,0.999122807017544,1.97153621790288,6.22326839148765
623,20281341,0.998621553884712,1.86170996539286,5.93545229651691
624,20281342,0.999404761904762,2.0311009412406,6.88568560549647
625,20281343,0.998527568922306,1.77632057724499,5.69468770332917
626,20281344,0.997869674185464,1.81354795762343,5.61421632842309
627,20281345,0.999028822055138,1.90646296260025,6.29548702499556
628,20281346,0.998809523809524,1.96624140592293,6.29987650208019
629,20281347,0.998151629072682,1.85136472604323,6.02662429520414
630,20281348,0.997305764411028,1.79645998286278,5.40479542200017
631,20281349,0.998809523809524,1.82900073887531,5.97195528057186
632,20281350,0.995864661654135,1.79605199341416,5.25713617691911
633,20281351,0.997243107769424,1.88429306424248,5.70408881252601
634,20281352,0.999812030075188,2.00255803002632,6.64123049083939
635,20281353,0.99812030075188,1.91784523293108,5.90471225327274
636,20281354,0.99953007518797,1.95987267274186,6.47034111131785
637,20281355,0.998621553884712,1.92195777901003,5.88210658663401
638,20281356,0.996177944862155,1.78624176100376,5.29936856773135
639,20281357,0.998496240601504,1.87529106702757,5.85608592531838
640,20281358,0.998778195488722,1.80807823900689,5.72272255448891
641,20281359,0.997149122807018,1.83299854301629,5.8081865425782
642,20281360,0.998621553884712,1.894467239599,5.78775605978435
643,20281361,0.996992481203008,1.84719711889411,5.30045429424206
644,20281362,0.998778195488722,2.01151596837845,6.45080654560737
645,20281363,0.998088972431078,1.87082588144987,5.86383594296277
646,20281364,0.999780701754386,1.94751989925877,6.51443115188631
647,20281365,0.998214285714286,1.82038974398872,5.48229624937061
648,20281366,0.999091478696742,1.86478081614098,5.9462654339494
649,20281367,0.997681704260652,1.81600029839035,5.58828350572952
650,20281368,0.99874686716792,1.85144613470175,5.81820084969484
651,20281369,0.995833333333333,1.74875134851692,5.16773918331876
652,20281370,0.998872180451128,1.86551542143672,5.95797430346265
653,20281371,0.998872180451128,1.85559994278509,5.75250879209026
654,20281372,0.998621553884712,1.98634085001817,6.15669525514197
655,20281373,0.999655388471178,2.07901635745677,6.86260676855948
656,20281374,0.998026315789474,1.9286325607287,6.03619742482316
657,20281375,0.997744360902256,1.83239432542669,5.72066303990876
658,20281376,0.99780701754386,1.7430557829505,5.53841675068365
659,20281377,0.998088972431078,1.94827483886153,6.1612817264769
660,20281378,0.99796365914787,1.68299612408083,5.29631902252698
661,20281379,0.997869674185464,1.91949899953885,5.5428941976426
662,20281380,0.99953007518797,1.74049608565852,5.57632175853268
663,20281381,0.99702380952381,1.80011606109336,5.80088257410586
664,20281382,0.998778195488722,1.98506972676378,6.15514465069564
665,20281383,0.99874686716792,1.86830263969799,6.2546211334404
666,20281384,0.998684210526316,1.89284163066166,5.9474862478946
667,20281385,0.998621553884712,1.79966798227694,5.75877859796011
668,20281386,0.99812030075188,1.78966547806767,5.63363029082409
669,20281387,0.99921679197995,1.96896979475627,6.21014837720478
670,20281388,0.998402255639098,1.80282585122619,5.70635905600272
671,20281389,0.99765037593985,2.01455709973747,5.88299071015456
672,20281390,0.999655388471178,2.11899284150376,7.07530566936243
673,20281391,0.999122807017544,1.98299091375501,6.24855746443769
674,20281392,0.998621553884712,1.84655518121805,5.85107837016687
675,20281393,0.99718045112782,1.79119397416479,5.43654758383019
676,20281394,0.9984335839599,1.93767593146805,6.05340256143171
677,20281395,0.999780701754386,1.86780981326692,6.22995430533187
678,20281396,0.998840852130326,1.90041953947243,6.00229752596259
679,20281397,0.999028822055138,1.82109153275313,5.82764477175111
680,20281398,0.998809523809524,1.88852636338847,6.09491344318303
681,20281399,0.997368421052632,1.88168378768108,5.50940786515062
682,20281400,0.998026315789474,1.88212491933647,5.93326809665972
683,20281401,0.998558897243108,1.86260732687343,5.79310850556166
684,20281402,0.999185463659148,1.90175694819361,6.21989277602487
685,20281403,0.999028822055138,1.90785638907268,6.31877797854044
686,20281404,0.998997493734336,1.8968663497807,5.93521734949916
687,20281405,0.9984335839599,1.8758493182099,5.72444036439838
688,20281406,0.999185463659148,1.85970743442105,5.98837799784724
689,20281407,0.997994987468672,1.88058565527945,5.78918018893194
690,20281408,0.998997493734336,1.83087059309273,5.75501094696194
691,20281409,0.998778195488722,1.90803678189035,5.86383241552976
692,20281410,0.998151629072682,1.9055550441391,5.9418572678933
693,20281411,0.9984335839599,1.98881149687657,6.30516080681625
694,20281412,0.997932330827068,1.81243069071053,5.56959630310572
695,20281413,0.99874686716792,1.94078234320802,6.05442596868092
696,20281414,0.998778195488722,1.91729812739411,5.9754740634452
697,20281415,0.999655388471178,1.94257812654574,6.4121326864465
698,20281416,0.999248120300752,2.05624140037218,6.68681527829623
699,20281417,0.99859022556391,1.86882281262656,5.69991608160095
700,20281418,0.998715538847118,2.02435457558333,6.25333718513498
701,20281419,0.998402255639098,1.86060382800501,5.76856705149426
702,20281420,0.998621553884712,1.85306304192795,5.81444844123785
703,20281421,0.997149122807018,1.77824686253383,5.48852653985289
704,20281422,0.998182957393484,1.85789209931203,5.86793531523075
705,20281423,0.998339598997494,1.82482532022118,5.95235604268482
706,20281424,0.998997493734336,1.91979572765977,6.10945995757602
707,20281425,0.999310776942356,1.85011160338847,6.12432235325745
708,20281426,0.998496240601504,1.91762545443734,6.32048233179249
709,20281427,0.998151629072682,2.01199026863972,6.10784672759083
710,20281428,0.998621553884712,1.83950001660464,5.81712826136916
711,20281429,0.99749373433584,1.83586289600689,5.68023708260574
712,20281430,0.99921679197995,1.93169669248308,6.21446117179698
713,20281431,0.998308270676692,1.9226150045495,5.48460291913528
714,20281432,0.998715538847118,2.0038478614812,6.09857778137936
715,20281433,0.996804511278195,1.80765124092669,5.72112446778771
716,20281434,0.999185463659148,1.80609481207581,5.97168657210053
717,20281435,0.997462406015038,1.82702832097807,5.40716067229527
718,20281436,0.99890350877193,1.75736164534336,5.69363339879819
719,20281437,0.999185463659148,1.95896505306767,6.23823695119392
720,20281438,0.999248120300752,1.96583296115977,6.395793167826
721,20281439,0.998339598997494,1.88311889704261,5.76524824348257
722,20281440,0.997243107769424,1.80257057820426,5.5279378916016
723,20281441,0.999091478696742,1.79816001306516,6.07082623828055
724,20281442,0.998057644110276,1.89490665596303,5.94084657344076
725,20281443,0.997274436090226,1.64371955604073,5.29553754744893
726,20281444,0.997619047619048,1.95436114180075,5.88775818384781
727,20281445,0.99859022556391,1.8752093166322,5.94694798563555
728,20281446,0.998778195488722,1.91579706072055,6.20136545916865
729,20281447,0.999624060150376,1.98005740791541,6.41459310596231
730,20281448,0.997932330827068,1.83536739556328,5.79965080836786
731,20281449,0.998558897243108,1.92680006887531,6.09397090439984
732,20281450,0.999248120300752,1.99016594547682,6.33290699533128
733,20281451,0.997744360902256,1.74593748693484,5.52022344876915
734,20281452,0.997869674185464,1.77946768003634,5.63346774686599
735,20281453,0.998496240601504,2.00973027628195,6.07293598889977
736,20281454,0.998057644110276,2.0389647414505,6.15641341436841
737,20281455,0.999592731829574,1.99479271926128,6.92113519121429
738,20281456,0.999279448621554,1.92551842131641,6.40910710358949
739,20281457,0.999404761904762,1.86077811209837,6.08510826874008
740,20281458,0.998182957393484,1.85499631188596,5.6709131605973
741,20281459,0.998684210526316,1.96946144184712,6.42042754299686
742,20281460,0.998715538847118,1.97971226876629,6.32664319514696
743,20281461,0.997994987468672,1.79001614804825,5.51319483362783
744,20281462,0.998684210526316,1.83334500140852,5.75767656924527
745,20281463,0.998621553884712,1.68425589572055,5.38033011264338
746,20281464,0.997994987468672,1.88400817354261,6.01856801610404
747,20281465,0.996929824561404,1.7184579844693,5.20105622215705
748,20281466,0.998872180451128,1.86146683396992,5.97834883722369
749,20281467,0.998872180451128,1.936594944849,6.07471719142703
750,20281468,0.997399749373434,1.91668447355702,5.86995917606789
751,20281469,0.998057644110276,1.79615416392356,5.58523712215758
752,20281470,0.999154135338346,1.81161777094423,5.92775426776547
753,20281471,0.9984335839599,1.83699874478321,5.74786574432197
754,20281472,0.995770676691729,1.78088139895802,5.26917615086801
755,20281473,0.999342105263158,2.01339074688847,6.30988089970926
756,20281474,0.999091478696742,1.92717473577819,6.21507567091444
757,20281475,0.996647869674186,1.86514642103258,5.55220341802916
758,20281476,0.997274436090226,1.67274068012218,5.06159025809898
759,20281477,0.995708020050125,1.73316526289536,5.29931073923652
760,20281478,0.996929824561404,1.78705381511654,5.53907385548024
761,20281479,0.998934837092732,2.03625709199624,6.41349527704596
762,20281480,0.996052631578947,1.71801659071053,5.16955096302052
763,20281481,0.999122807017544,1.79503562987281,5.90696839894118
764,20281482,0.998182957393484,1.88461565925815,5.83395378095581
765,20281483,0.996146616541353,1.7702208943396,5.2102035312758
766,20281484,0.998715538847118,1.91162364490351,5.86946170543149
767,20281485,0.998840852130326,1.87141590589035,6.11801069216878
768,20281486,0.997901002506266,1.8419678056322,5.59339437868473
769,20281487,0.998182957393484,1.82438422295176,5.86461080935388
770,20281488,0.999655388471178,1.94164015400877,6.47094662419744
771,20281489,0.998778195488722,1.93188315020301,5.98967062314277
772,20281490,0.996804511278195,1.88186657304449,5.71579227496161
773,20281491,0.99937343358396,1.89126299860526,6.48483676792212
774,20281492,0.998245614035088,1.89087428481704,5.77610473133458
775,20281493,0.999248120300752,1.87811711532644,6.03906673125143
776,20281494,0.998214285714286,1.87098450365038,5.87832686521724
777,20281495,0.998621553884712,1.82458523826378,5.96612500295376
778,20281496,0.99874686716792,1.77591131715977,5.74674336803431
779,20281497,0.998966165413534,1.85265407915727,5.82415570778057
780,20281498,0.997994987468672,1.88882012505514,5.54576452981174
781,20281499,0.998527568922306,1.95108335900564,6.17411719395125
782,20281500,0.998966165413534,1.90130181832456,6.20704502528966
783,20281501,0.999122807017544,1.94335124896429,6.20938892486087
784,20281502,0.99749373433584,1.78204252320301,5.39595389888652
785,20281503,0.99718045112782,1.82953444054887,5.43361375041564
786,20281504,0.998840852130326,1.93937817002318,6.31346435520063
787,20281505,0.99968671679198,1.91865152765915,6.17790695124378
788,20281506,0.999436090225564,2.05245598808709,6.46206602509345
789,20281507,0.998057644110276,1.81402760961216,5.8606700504451
790,20281508,0.998684210526316,1.90821263886592,6.09879452612937
791,20281509,0.99874686716792,1.98478908479762,6.44304544946221
792,20281510,0.999561403508772,1.86718058528446,6.26371916917966
793,20281511,0.999185463659148,1.86145694717606,6.032056955437
794,20281512,0.995833333333333,1.79129440893233,5.23712691218523
795,20281513,0.999342105263158,1.85542798725188,5.93900585323507
796,20281514,0.99874686716792,1.98022030382895,6.26939242635503
797,20281515,0.99874686716792,1.76561873185464,5.5868899947838
798,20281516,0.998966165413534,1.81052770815539,6.01199791160121
799,20281517,0.999122807017544,1.88417227067418,5.90960970126987
800,20281518,0.997932330827068,1.80035767814411,5.62358024074373
801,20281519,0.99921679197995,1.94959042471053,6.36071198956115
802,20281520,0.998778195488722,1.88889141455827,6.14807960718944
803,20281521,0.999028822055138,1.9346416464718,6.1335725644259
804,20281522,0.999122807017544,1.84752799468358,5.91071414208901
805,20281523,0.997744360902256,1.79606421561905,5.6696796563728
806,20281524,0.99874686716792,1.91500059317293,5.95477878398681
807,20281525,0.999498746867168,1.99040626492732,6.50873935828151
808,20281526,0.997149122807018,1.85343119635652,5.52447255371353
809,20281527,0.997211779448621,1.89375838799624,5.61284997333585
810,20281528,0.999154135338346,1.9187061419198,6.27142483884844
811,20281529,0.998245614035088,1.76478898730764,5.56193075282249
812,20281530,0.999154135338346,1.96441363888534,6.38530521345335
813,20281531,0.999185463659148,1.89582854945677,6.07448819224623
814,20281532,0.997775689223058,1.84967772942544,5.82069672800504
815,20281533,0.996992481203008,1.83067321862907,5.69774259196589
816,20281534,0.998214285714286,1.82773639966228,5.84201772038225
817,20281535,0.996773182957393,1.74028666797118,5.42206223826218
818,20281536,0.999154135338346,1.79414695518609,5.85798129601613
819,20281537,0.998715538847118,1.85283132387719,5.84295475850991
820,20281538,0.997399749373434,1.6677229420708,5.24559922137229
821,20281539,0.999091478696742,1.86963225719236,6.24431843866672
822,20281540,0.996021303258145,1.75409839157393,5.16905623071454
823,20281541,0.998370927318296,2.0251959822406,6.1641059834974
824,20281542,0.999154135338346,1.95657824093233,5.9729645710463
825,20281543,0.998715538847118,1.85802021334023,5.9024743862487
826,20281544,0.999436090225564,1.90359035194925,6.14250444698701
827,20281545,0.998778195488722,1.97554501746178,6.08237058421263
828,20281546,0.999091478696742,1.91735832623935,6.27835405885769
829,20281547,0.999310776942356,1.95370563757205,6.55380193406673
830,20281548,0.997305764411028,1.76487681664787,5.43139936706955
831,20281549,0.998997493734336,1.82633833351253,5.70634190463567
832,20281550,0.998778195488722,1.74558104454261,5.51986094641106
833,20281551,0.998370927318296,2.01594497499123,6.28893549997248
834,20281552,0.998339598997494,1.90989207509586,5.73034467691885
835,20281553,0.997556390977444,1.84337101987844,5.53625639915918
836,20281554,0.996929824561404,1.7992750677782,5.33129671196238
837,20281555,0.99812030075188,1.93868539882769,5.73433730551971
838,20281556,0.997869674185464,1.82803822538283,5.66787523435461
839,20281557,0.997994987468672,1.69144784311717,5.38467213606585
840,20281558,0.998214285714286,1.9430439528089,5.91940878668172
841,20281559,0.99827694235589,1.89095755949749,5.87673077301758
842,20281560,0.99749373433584,1.78841950429386,5.5861639327701
843,20281561,0.998308270676692,1.97632204592607,6.06901628799782
844,20281562,0.998558897243108,1.94247629104825,6.16284256719659
845,20281563,0.99874686716792,1.85233360298747,5.82833530213333
846,20281564,0.998496240601504,1.84046653421241,5.4994545414274
847,20281565,0.99937343358396,2.08073993399749,6.66632552732686
848,20281566,0.999310776942356,1.9124342763797,6.12198209447576
849,20281567,0.997431077694236,1.77447138904073,5.44345134694924
850,20281568,0.998402255639098,1.92720810394236,6.05191326711569
851,20281569,0.998684210526316,1.88409655532832,5.98743352023079
852,20281570,0.99874686716792,1.9360224286416,6.28959656973912
853,20281571,0.996929824561403,1.86266405055639,5.39771634141819
854,20281572,0.998715538847118,1.89290154487719,6.00990257262904
855,20281573,0.998621553884712,1.97943628035589,6.23302074720227
856,20281574,0.998715538847118,1.89123114511905,6.04721886646373
857,20281575,0.999749373433584,2.00898499821429,6.74836784144353
858,20281576,0.99921679197995,1.9728744875896,6.52992117986266
859,20281577,0.998308270676692,1.71013017786592,5.43576676814855
860,20281578,0.998621553884712,1.92518923325439,6.16125141869965
861,20281579,0.99780701754386,1.77526305782143,5.65157335976075
862,20281580,0.999498746867168,1.87513833299937,6.10688999287673
863,20281581,0.99859022556391,1.79638933838032,5.87953159700866
864,20281582,0.998684210526316,1.91698914351441,6.06059216183146
865,20281583,0.999122807017544,1.83959710787719,5.98755436820224
866,20281584,0.99796365914787,1.94543582033584,6.10756862267745
867,20281585,0.998182957393484,1.76213584567732,5.58876587301115
868,20281586,0.999091478696742,1.94421911480952,6.3046852332711
869,20281587,0.998840852130326,2.01094323103634,6.24781676027173
870,20281588,0.997117794486216,1.74270344844549,5.4488002541066
871,20281589,0.998088972431078,1.90726622179073,5.9095893085723
872,20281590,0.998840852130326,1.92835951945927,6.23026053066062
873,20281591,0.99890350877193,1.88574686273183,6.02631110515841
874,20281592,0.999122807017544,1.96390346982018,6.11720111508007
875,20281593,0.997775689223058,1.77043107952694,5.51289327949263
876,20281594,0.998182957393484,1.82869199289536,5.58371077921659
877,20281595,0.998966165413534,1.81263362184837,6.100877282555
878,20281596,0.998339598997494,1.81923636105263,5.55116357608149
879,20281597,0.998057644110276,1.77245154001817,5.74347915931476
880,20281598,0.999279448621554,1.79979356411028,5.92571601177595
881,20281599,0.999248120300752,1.98013998077444,6.09933179731968
882,20281600,0.998370927318296,1.90963600076128,5.95746853888077
883,20281601,0.998151629072682,1.86332485406203,5.56635774198393
884,20281602,0.99906015037594,1.87457998711028,6.05042314600044
885,20281603,0.998872180451128,1.9584345557594,6.19489493137942
886,20281604,0.99733709273183,1.72731062912343,5.26694905667634
887,20281605,0.997305764411028,1.88408496002506,5.64766868907188
888,20281606,0.999248120300752,2.05093505979135,6.43441858720711
889,20281607,0.998339598997494,1.85428173958835,5.91266396065834
890,20281608,0.997274436090226,1.65120189959461,5.22485131600203
891,20281609,0.998778195488722,1.94506527616541,5.98156722429575
892,20281610,0.998527568922306,2.02063162666917,6.02572207322429
893,20281611,0.998872180451128,1.89882981342481,6.07297258850064
894,20281612,0.998809523809524,1.88911107115288,6.04324875322428
895,20281613,0.997399749373434,1.73283746485401,5.23269793121788
896,20281614,0.99874686716792,1.80837155959649,5.77229816529087
897,20281615,0.999812030075188,2.0149544079386,6.86740117909008
898,20281616,0.998872180451128,2.02263324269925,6.39187032751421
899,20281617,0.998715538847118,1.88459450727381,6.03427117493189
900,20281618,0.996804511278195,1.74798744612594,5.43109559277864
901,20281619,0.998214285714286,1.86782334713659,5.87312889616071
902,20281620,0.998245614035088,1.94550646796303,5.96505930460295
903,20281621,0.998934837092732,1.88715240007331,6.20069250156681
904,20281622,0.996961152882206,1.62804654457581,5.17853792147583
905,20281623,0.996710526315789,1.79322970059774,5.22702146432963
906,20281624,0.998402255639098,1.83591227889724,5.73971302470214
907,20281625,0.999655388471178,1.96874441156078,6.96206205392745
908,20281626,0.999028822055138,1.8456579834812,6.25044273539631
909,20281627,0.997838345864662,1.82489697217356,5.65850928585051
910,20281628,0.997525062656642,1.81347911842607,5.63918324510574
911,20281629,0.999467418546366,2.04013875474123,6.39172129268883
912,20281630,0.997713032581454,1.8013600667193,5.50738291148487
913,20281631,0.997399749373434,1.86708867165414,5.63004675351203
914,20281632,0.998182957393484,1.89030267443609,5.83796922289303
915,20281633,0.997431077694236,1.67939047236591,5.10896194525245
916,20281634,0.996365914786967,1.88207377328321,5.5018783782998
917,20281635,0.999498746867168,1.70951978823935,5.96432849634739
918,20281636,0.997775689223058,1.84661135133271,5.56586067165647
919,20281637,0.998715538847118,1.93274612056328,6.02491390593999
920,20281638,0.997431077694236,1.73139946241291,5.27005385544894
921,20281639,0.999122807017544,1.84236580004637,6.10274707028055
922,20281640,0.998934837092732,2.03062492660401,6.26597319999082
923,20281641,0.997211779448621,1.75916948238471,5.34913308906017
924,20281642,0.999154135338346,1.93297232294737,6.30635460732977
925,20281643,0.998057644110276,1.92755070590476,5.81375620779797
926,20281644,0.999091478696742,1.98102987993672,6.39865497685815
927,20281645,0.998464912280702,1.75906583558835,5.66347152242447
928,20281646,0.998966165413534,1.86199396838534,6.15797577993811
929,20281647,0.996961152882206,1.84496663620614,5.32781396078747
930,20281648,0.998778195488722,1.81243416054637,5.42585300017166
931,20281649,0.99859022556391,2.05876391556892,6.23930857324706
932,20281650,0.997525062656642,1.90933018031704,5.8676402485599
933,20281651,0.997869674185464,1.80187786867607,5.5774923914538
934,20281652,0.998339598997494,1.8146455474317,5.63499178253939
935,20281653,0.998527568922306,1.79979484155326,5.84874609349791
936,20281654,0.998778195488722,1.9042515324906,6.15354504172125
937,20281655,0.999342105263158,1.94650317327569,6.26332996457234
938,20281656,0.997619047619048,1.89649096508145,5.94199606946998
939,20281657,0.99718045112782,1.84154467776942,5.40240028671645
940,20281658,0.998997493734336,1.91004201469048,6.06075299096074
941,20281659,0.997932330827068,1.93826794234712,5.82644233975775
942,20281660,0.99827694235589,1.88342089485213,5.94512118612101
943,20281661,0.999279448621554,1.96574011572494,6.3445907990397
944,20281662,0.999154135338346,1.92267266432832,6.20504136737594
945,20281663,0.998558897243108,1.89561570350815,5.76099616163194
946,20281664,0.998151629072682,1.78881195109524,5.49481255761925
947,20281665,0.997994987468672,1.74283325836466,5.45082113897585
948,20281666,0.998872180451128,1.92279440828509,6.19562535817879
949,20281667,0.998684210526316,1.96752014242105,6.11124193229885
950,20281668,0.998997493734336,1.78072847363972,5.92226096545345
951,20281669,0.997368421052632,1.80044845153697,5.51226334323156
952,20281670,0.997681704260652,1.85978199343672,5.76581060981991
953,20281671,0.998778195488722,1.82929398631704,5.89793642222414
954,20281672,0.99874686716792,1.86453680551629,5.98627129085937
955,20281673,0.998621553884712,1.89016730792607,5.64624425951425
956,20281674,0.998621553884712,1.80439009336028,5.84762888521436
957,20281675,0.998840852130326,2.03172478649123,6.40058209122865
958,20281676,0.998088972431078,1.80514179264474,5.54332391287538
959,20281677,0.997744360902256,1.74601083455952,5.306448756051
960,20281678,0.99921679197995,1.84123588868045,5.95980273323649
961,20281679,0.998621553884712,1.89050235504887,5.8907923044246
962,20281680,0.998026315789474,1.78286217407957,5.6158562550145
963,20281681,0.998339598997494,1.76205810600689,6.01123410065379
964,20281682,0.997431077694236,1.77065986275125,5.45711139551077
965,20281683,0.99890350877193,1.91827201620238,6.35757770475842
966,20281684,0.997869674185464,1.88266910417105,5.89732937031727
967,20281685,0.997838345864662,1.75845669795802,5.45044379539474
968,20281686,0.998339598997494,1.77267940744987,5.5299938231492
969,20281687,0.998026315789474,1.83997912555326,5.63434742229476
970,20281688,0.998872180451128,1.87207861698622,5.95646836557673
971,20281689,0.998464912280702,1.89752046429073,5.86590770949269
972,20281690,0.99827694235589,2.0168739141178,6.06090005335257
973,20281691,0.99749373433584,1.7808897782287,5.45686913893627
974,20281692,0.999780701754386,1.90483869901692,6.51165596658311
975,20281693,0.998809523809524,1.98122203342356,6.49709865226737
976,20281694,0.998778195488722,1.8780463349881,5.84888857885611
977,20281695,0.998997493734336,1.9676897581911,5.98009014220432
978,20281696,0.999624060150376,2.003768797349,6.5235866953569
979,20281697,0.998182957393484,1.99241179388722,6.18189351494035
980,20281698,0.999091478696742,1.83164948581642,5.99049849790852
981,20281699,0.998402255639098,1.92192456972243,5.91244126272059
982,20281700,0.998026315789474,1.93425156792732,5.93818264051782
983,20281701,0.998245614035088,1.90716844848434,5.64576336613203
984,20281702,0.997869674185464,1.67267296646679,5.56380619358174
985,20281703,0.99765037593985,2.00672115605451,5.99858388938705
986,20281704,0.998496240601504,1.73782344956892,5.64239947072535
987,20281705,0.997368421052632,1.82319982143171,5.46827551183846
988,20281706,0.998558897243108,1.94806179525125,6.21746416499661
989,20281707,0.998151629072682,1.7441699354812,5.37526884002615
990,20281708,0.99733709273183,1.77044877069424,5.36395376300528
991,20281709,0.996209273182957,1.77193208682895,5.33895646680641
992,20281710,0.999154135338346,1.97367923644048,6.38367847006298
993,20281711,0.99968671679198,2.05151029035965,6.78541458393892
994,20281712,0.998558897243108,1.82133852782331,5.80384722720114
995,20281713,0.999028822055138,1.84267339847243,5.93507768228027
996,20281714,0.998809523809524,1.93393746890414,6.11989323928941
997,20281715,0.997744360902256,1.76578471583521,5.58701712292884
998,20281716,0.998527568922306,1.8844086047005,5.96744406798803
999,20281717,0.998840852130326,1.86268703481266,5.87348657392585
1000,20281718,0.997681704260652,1.8737821690495,5.89547238318407
